siren,raison_sociale,secteur_naf,secteur_libelle,effectif_estime,effectif_min,effectif_max,obligation_beges,beges_publie,beges_valide,beges_decret_2022_compliant,contact_telephone,contact_email,contact_linkedin,statut
100000000,Entreprise 00000 SAS,N,Services administratifs et soutien,1002,1000,1999,True,True,True,True,False,False,True,sourced
100000001,Entreprise 00001 SAS,F,Construction,128,100,199,False,False,,,False,False,True,sourced
100000002,Entreprise 00002 SAS,C,Industrie manufacturière,206,200,249,False,False,,,True,True,True,sourced
100000003,Entreprise 00003 SAS,M,Activités spé. scientifiques/techniques,11,10,19,False,False,,,True,False,True,qualified
100000004,Entreprise 00004 SAS,G,"Commerce, réparation auto",33,20,49,False,False,,,False,False,True,contacted
100000005,Entreprise 00005 SAS,G,"Commerce, réparation auto",13,10,19,False,False,,,False,False,False,sourced
100000006,Entreprise 00006 SAS,C,Industrie manufacturière,4,3,5,False,False,,,False,False,True,sourced
100000007,Entreprise 00007 SAS,F,Construction,2,1,2,False,False,,,False,True,False,sourced
100000008,Entreprise 00008 SAS,Q,Santé humaine et action sociale,3,3,5,False,False,,,False,True,False,qualified
100000009,Entreprise 00009 SAS,M,Activités spé. scientifiques/techniques,581,500,999,True,False,,,False,False,True,sourced
100000010,Entreprise 00010 SAS,F,Construction,8,6,9,False,False,,,True,True,True,sourced
100000011,Entreprise 00011 SAS,G,"Commerce, réparation auto",10,10,19,False,False,,,True,False,True,qualified
100000012,Entreprise 00012 SAS,K,Activités financières et assurance,25,20,49,False,False,,,False,False,False,sourced
100000013,Entreprise 00013 SAS,H,Transports et entreposage,6,6,9,False,False,,,False,False,True,qualified
100000014,Entreprise 00014 SAS,M,Activités spé. scientifiques/techniques,67,50,99,False,False,,,False,False,True,sourced
100000015,Entreprise 00015 SAS,N,Services administratifs et soutien,29,20,49,False,False,,,False,False,False,contacted
100000016,Entreprise 00016 SAS,S,Autres services,59,50,99,False,False,,,True,False,True,sourced
100000017,Entreprise 00017 SAS,C,Industrie manufacturière,14,10,19,False,False,,,False,True,True,sourced
100000018,Entreprise 00018 SAS,G,"Commerce, réparation auto",6,6,9,False,False,,,True,False,True,sourced
100000019,Entreprise 00019 SAS,I,Hébergement et restauration,214,200,249,False,False,,,False,False,True,sourced
100000020,Entreprise 00020 SAS,G,"Commerce, réparation auto",2,1,2,False,False,,,False,False,True,sourced
100000021,Entreprise 00021 SAS,F,Construction,623,500,999,True,True,True,False,False,False,True,sourced
100000022,Entreprise 00022 SAS,G,"Commerce, réparation auto",3,3,5,False,False,,,False,False,True,sourced
100000023,Entreprise 00023 SAS,C,Industrie manufacturière,1,1,2,False,False,,,True,True,True,sourced
100000024,Entreprise 00024 SAS,G,"Commerce, réparation auto",2,1,2,False,False,,,False,True,False,sourced
100000025,Entreprise 00025 SAS,S,Autres services,7,6,9,False,False,,,False,False,True,sourced
100000026,Entreprise 00026 SAS,S,Autres services,6,6,9,False,False,,,False,False,True,sourced
100000027,Entreprise 00027 SAS,G,"Commerce, réparation auto",12,10,19,False,False,,,True,False,False,qualified
100000028,Entreprise 00028 SAS,M,Activités spé. scientifiques/techniques,30,20,49,False,False,,,False,False,True,sourced
100000029,Entreprise 00029 SAS,G,"Commerce, réparation auto",6,6,9,False,False,,,True,True,True,sourced
100000030,Entreprise 00030 SAS,J,Information et communication,1,1,2,False,False,,,False,False,True,sourced
100000031,Entreprise 00031 SAS,F,Construction,1054,1000,1999,True,False,,,False,True,True,sourced
100000032,Entreprise 00032 SAS,F,Construction,5,3,5,False,False,,,False,True,True,sourced
100000033,Entreprise 00033 SAS,M,Activités spé. scientifiques/techniques,390,250,499,False,False,,,True,False,False,sourced
100000034,Entreprise 00034 SAS,M,Activités spé. scientifiques/techniques,1,1,2,False,False,,,True,True,True,sourced
100000035,Entreprise 00035 SAS,C,Industrie manufacturière,20,20,49,False,False,,,False,True,True,sourced
100000036,Entreprise 00036 SAS,F,Construction,761,500,999,True,False,,,False,False,False,sourced
100000037,Entreprise 00037 SAS,G,"Commerce, réparation auto",1,1,2,False,False,,,False,False,True,sourced
100000038,Entreprise 00038 SAS,G,"Commerce, réparation auto",331,250,499,False,False,,,False,False,False,sourced
100000039,Entreprise 00039 SAS,S,Autres services,182,100,199,False,False,,,False,True,True,sourced
100000040,Entreprise 00040 SAS,C,Industrie manufacturière,1022,1000,1999,True,True,True,False,False,False,True,sourced
100000041,Entreprise 00041 SAS,M,Activités spé. scientifiques/techniques,2,1,2,False,False,,,False,False,True,sourced
100000042,Entreprise 00042 SAS,F,Construction,1622,1000,1999,True,True,False,,False,True,False,qualified
100000043,Entreprise 00043 SAS,G,"Commerce, réparation auto",15,10,19,False,False,,,True,True,True,contacted
100000044,Entreprise 00044 SAS,S,Autres services,4,3,5,False,False,,,False,False,True,sourced
100000045,Entreprise 00045 SAS,F,Construction,6,6,9,False,False,,,False,False,False,rejected
100000046,Entreprise 00046 SAS,G,"Commerce, réparation auto",15,10,19,False,False,,,True,True,False,sourced
100000047,Entreprise 00047 SAS,M,Activités spé. scientifiques/techniques,998,500,999,True,False,,,False,False,False,rejected
100000048,Entreprise 00048 SAS,M,Activités spé. scientifiques/techniques,19,10,19,False,False,,,False,False,True,sourced
100000049,Entreprise 00049 SAS,S,Autres services,41,20,49,False,False,,,True,False,True,sourced
100000050,Entreprise 00050 SAS,Q,Santé humaine et action sociale,419,250,499,False,False,,,True,True,False,sourced
100000051,Entreprise 00051 SAS,M,Activités spé. scientifiques/techniques,11,10,19,False,False,,,False,False,False,sourced
100000052,Entreprise 00052 SAS,Q,Santé humaine et action sociale,408,250,499,False,False,,,False,True,False,sourced
100000053,Entreprise 00053 SAS,I,Hébergement et restauration,209,200,249,False,False,,,False,True,False,sourced
100000054,Entreprise 00054 SAS,M,Activités spé. scientifiques/techniques,84,50,99,False,False,,,True,True,False,qualified
100000055,Entreprise 00055 SAS,S,Autres services,326,250,499,False,False,,,False,True,False,sourced
100000056,Entreprise 00056 SAS,C,Industrie manufacturière,649,500,999,True,False,,,True,True,True,sourced
100000057,Entreprise 00057 SAS,K,Activités financières et assurance,1,1,2,False,False,,,True,True,True,sourced
100000058,Entreprise 00058 SAS,I,Hébergement et restauration,1,1,2,False,False,,,True,False,False,qualified
100000059,Entreprise 00059 SAS,G,"Commerce, réparation auto",8,6,9,False,False,,,False,False,False,qualified
100000060,Entreprise 00060 SAS,I,Hébergement et restauration,3,3,5,False,False,,,False,False,True,sourced
100000061,Entreprise 00061 SAS,C,Industrie manufacturière,15,10,19,False,False,,,False,True,True,sourced
100000062,Entreprise 00062 SAS,C,Industrie manufacturière,56,50,99,False,False,,,True,True,False,sourced
100000063,Entreprise 00063 SAS,F,Construction,3606,2000,4999,True,False,,,False,False,True,sourced
100000064,Entreprise 00064 SAS,G,"Commerce, réparation auto",15,10,19,False,False,,,False,True,True,sourced
100000065,Entreprise 00065 SAS,M,Activités spé. scientifiques/techniques,26,20,49,False,False,,,True,False,True,sourced
100000066,Entreprise 00066 SAS,F,Construction,11,10,19,False,False,,,False,True,True,sourced
100000067,Entreprise 00067 SAS,K,Activités financières et assurance,18,10,19,False,False,,,False,True,True,sourced
100000068,Entreprise 00068 SAS,N,Services administratifs et soutien,2,1,2,False,False,,,False,True,False,sourced
100000069,Entreprise 00069 SAS,M,Activités spé. scientifiques/techniques,12,10,19,False,False,,,True,True,False,rejected
100000070,Entreprise 00070 SAS,M,Activités spé. scientifiques/techniques,44,20,49,False,False,,,False,True,True,qualified
100000071,Entreprise 00071 SAS,H,Transports et entreposage,257,250,499,False,False,,,True,False,True,sourced
100000072,Entreprise 00072 SAS,H,Transports et entreposage,1,1,2,False,False,,,False,False,True,contacted
100000073,Entreprise 00073 SAS,C,Industrie manufacturière,227,200,249,False,False,,,True,False,True,sourced
100000074,Entreprise 00074 SAS,G,"Commerce, réparation auto",12,10,19,False,False,,,False,True,True,sourced
100000075,Entreprise 00075 SAS,G,"Commerce, réparation auto",33,20,49,False,False,,,False,False,True,sourced
100000076,Entreprise 00076 SAS,G,"Commerce, réparation auto",19,10,19,False,False,,,False,True,False,sourced
100000077,Entreprise 00077 SAS,G,"Commerce, réparation auto",12,10,19,False,False,,,True,True,True,sourced
100000078,Entreprise 00078 SAS,M,Activités spé. scientifiques/techniques,7,6,9,False,False,,,False,True,False,contacted
100000079,Entreprise 00079 SAS,M,Activités spé. scientifiques/techniques,27,20,49,False,False,,,False,True,True,sourced
100000080,Entreprise 00080 SAS,S,Autres services,11,10,19,False,False,,,False,False,True,sourced
100000081,Entreprise 00081 SAS,F,Construction,8,6,9,False,False,,,False,True,True,sourced
100000082,Entreprise 00082 SAS,M,Activités spé. scientifiques/techniques,952,500,999,True,True,False,,True,False,False,sourced
100000083,Entreprise 00083 SAS,G,"Commerce, réparation auto",33,20,49,False,False,,,False,True,True,sourced
100000084,Entreprise 00084 SAS,N,Services administratifs et soutien,40,20,49,False,False,,,False,False,False,sourced
100000085,Entreprise 00085 SAS,F,Construction,70,50,99,False,False,,,False,False,True,sourced
100000086,Entreprise 00086 SAS,S,Autres services,4,3,5,False,False,,,True,True,True,sourced
100000087,Entreprise 00087 SAS,J,Information et communication,48,20,49,False,False,,,True,True,True,sourced
100000088,Entreprise 00088 SAS,C,Industrie manufacturière,215,200,249,False,False,,,False,True,False,sourced
100000089,Entreprise 00089 SAS,M,Activités spé. scientifiques/techniques,152,100,199,False,False,,,True,False,False,sourced
100000090,Entreprise 00090 SAS,K,Activités financières et assurance,602,500,999,True,False,,,True,False,False,qualified
100000091,Entreprise 00091 SAS,F,Construction,9,6,9,False,False,,,True,False,True,sourced
100000092,Entreprise 00092 SAS,I,Hébergement et restauration,1003,1000,1999,True,False,,,False,False,False,sourced
100000093,Entreprise 00093 SAS,G,"Commerce, réparation auto",778,500,999,True,False,,,False,False,False,sourced
100000094,Entreprise 00094 SAS,J,Information et communication,320,250,499,False,False,,,False,False,False,sourced
100000095,Entreprise 00095 SAS,M,Activités spé. scientifiques/techniques,801,500,999,True,True,False,,True,True,True,sourced
100000096,Entreprise 00096 SAS,F,Construction,26,20,49,False,False,,,False,False,True,sourced
100000097,Entreprise 00097 SAS,S,Autres services,356,250,499,False,False,,,False,False,True,contacted
100000098,Entreprise 00098 SAS,G,"Commerce, réparation auto",104,100,199,False,False,,,False,True,False,sourced
100000099,Entreprise 00099 SAS,M,Activités spé. scientifiques/techniques,5,3,5,False,False,,,False,True,False,qualified
100000100,Entreprise 00100 SAS,N,Services administratifs et soutien,103,100,199,False,False,,,False,False,True,contacted
100000101,Entreprise 00101 SAS,H,Transports et entreposage,144,100,199,False,False,,,False,False,True,sourced
100000102,Entreprise 00102 SAS,K,Activités financières et assurance,20,20,49,False,False,,,False,False,False,sourced
100000103,Entreprise 00103 SAS,H,Transports et entreposage,359,250,499,False,False,,,True,True,True,sourced
100000104,Entreprise 00104 SAS,H,Transports et entreposage,322,250,499,False,False,,,False,True,True,sourced
100000105,Entreprise 00105 SAS,G,"Commerce, réparation auto",192,100,199,False,False,,,True,True,True,contacted
100000106,Entreprise 00106 SAS,M,Activités spé. scientifiques/techniques,446,250,499,False,False,,,False,True,False,sourced
100000107,Entreprise 00107 SAS,H,Transports et entreposage,2,1,2,False,False,,,False,True,True,contacted
100000108,Entreprise 00108 SAS,F,Construction,698,500,999,True,False,,,False,True,True,sourced
100000109,Entreprise 00109 SAS,F,Construction,2,1,2,False,False,,,True,False,False,sourced
100000110,Entreprise 00110 SAS,G,"Commerce, réparation auto",4,3,5,False,False,,,True,False,True,sourced
100000111,Entreprise 00111 SAS,C,Industrie manufacturière,3708,2000,4999,True,True,True,True,True,True,True,sourced
100000112,Entreprise 00112 SAS,I,Hébergement et restauration,249,200,249,False,False,,,False,False,False,sourced
100000113,Entreprise 00113 SAS,G,"Commerce, réparation auto",1,1,2,False,False,,,False,False,True,sourced
100000114,Entreprise 00114 SAS,S,Autres services,333,250,499,False,False,,,False,True,True,sourced
100000115,Entreprise 00115 SAS,I,Hébergement et restauration,29,20,49,False,False,,,False,False,True,sourced
100000116,Entreprise 00116 SAS,F,Construction,1,1,2,False,False,,,False,False,False,rejected
100000117,Entreprise 00117 SAS,F,Construction,15,10,19,False,False,,,False,False,True,sourced
100000118,Entreprise 00118 SAS,N,Services administratifs et soutien,829,500,999,True,True,True,True,True,False,False,sourced
100000119,Entreprise 00119 SAS,J,Information et communication,2,1,2,False,False,,,False,True,False,sourced
100000120,Entreprise 00120 SAS,F,Construction,1562,1000,1999,True,False,,,False,True,True,sourced
100000121,Entreprise 00121 SAS,M,Activités spé. scientifiques/techniques,4,3,5,False,False,,,False,True,False,sourced
100000122,Entreprise 00122 SAS,S,Autres services,581,500,999,True,True,True,False,True,False,False,sourced
100000123,Entreprise 00123 SAS,H,Transports et entreposage,5,3,5,False,False,,,False,False,True,qualified
100000124,Entreprise 00124 SAS,S,Autres services,23,20,49,False,False,,,False,False,False,sourced
100000125,Entreprise 00125 SAS,G,"Commerce, réparation auto",18,10,19,False,False,,,False,False,True,sourced
100000126,Entreprise 00126 SAS,F,Construction,8,6,9,False,False,,,False,True,True,contacted
100000127,Entreprise 00127 SAS,N,Services administratifs et soutien,7,6,9,False,False,,,False,False,True,sourced
100000128,Entreprise 00128 SAS,S,Autres services,485,250,499,False,False,,,False,True,True,sourced
100000129,Entreprise 00129 SAS,M,Activités spé. scientifiques/techniques,3,3,5,False,False,,,False,False,True,sourced
100000130,Entreprise 00130 SAS,S,Autres services,17,10,19,False,False,,,False,True,True,sourced
100000131,Entreprise 00131 SAS,N,Services administratifs et soutien,2,1,2,False,False,,,False,False,True,sourced
100000132,Entreprise 00132 SAS,F,Construction,771,500,999,True,False,,,False,False,False,sourced
100000133,Entreprise 00133 SAS,F,Construction,10,10,19,False,False,,,True,True,True,sourced
100000134,Entreprise 00134 SAS,C,Industrie manufacturière,29,20,49,False,False,,,False,True,False,sourced
100000135,Entreprise 00135 SAS,S,Autres services,5,3,5,False,False,,,True,True,True,rejected
100000136,Entreprise 00136 SAS,G,"Commerce, réparation auto",17,10,19,False,False,,,False,True,True,rejected
100000137,Entreprise 00137 SAS,S,Autres services,447,250,499,False,False,,,True,True,True,sourced
100000138,Entreprise 00138 SAS,G,"Commerce, réparation auto",45,20,49,False,False,,,False,True,True,sourced
100000139,Entreprise 00139 SAS,F,Construction,674,500,999,True,True,True,True,False,False,False,rejected
100000140,Entreprise 00140 SAS,C,Industrie manufacturière,3,3,5,False,False,,,False,False,True,sourced
100000141,Entreprise 00141 SAS,G,"Commerce, réparation auto",1707,1000,1999,True,True,True,False,False,False,True,sourced
100000142,Entreprise 00142 SAS,G,"Commerce, réparation auto",2,1,2,False,False,,,True,True,False,sourced
100000143,Entreprise 00143 SAS,S,Autres services,167,100,199,False,False,,,False,False,True,sourced
100000144,Entreprise 00144 SAS,G,"Commerce, réparation auto",10,10,19,False,False,,,False,True,False,sourced
100000145,Entreprise 00145 SAS,G,"Commerce, réparation auto",1,1,2,False,False,,,False,True,False,contacted
100000146,Entreprise 00146 SAS,G,"Commerce, réparation auto",2,1,2,False,False,,,False,True,True,contacted
100000147,Entreprise 00147 SAS,G,"Commerce, réparation auto",9,6,9,False,False,,,False,True,True,sourced
100000148,Entreprise 00148 SAS,F,Construction,3,3,5,False,False,,,False,True,False,sourced
100000149,Entreprise 00149 SAS,Q,Santé humaine et action sociale,35,20,49,False,False,,,False,False,True,sourced
100000150,Entreprise 00150 SAS,G,"Commerce, réparation auto",11,10,19,False,False,,,False,True,False,rejected
100000151,Entreprise 00151 SAS,C,Industrie manufacturière,1209,1000,1999,True,True,True,True,False,True,False,sourced
100000152,Entreprise 00152 SAS,C,Industrie manufacturière,9,6,9,False,False,,,True,False,True,sourced
100000153,Entreprise 00153 SAS,S,Autres services,1753,1000,1999,True,False,,,True,True,True,sourced
100000154,Entreprise 00154 SAS,C,Industrie manufacturière,48,20,49,False,False,,,False,True,True,sourced
100000155,Entreprise 00155 SAS,G,"Commerce, réparation auto",1,1,2,False,False,,,False,True,False,sourced
100000156,Entreprise 00156 SAS,G,"Commerce, réparation auto",695,500,999,True,False,,,False,True,False,sourced
100000157,Entreprise 00157 SAS,N,Services administratifs et soutien,945,500,999,True,False,,,False,True,True,sourced
100000158,Entreprise 00158 SAS,H,Transports et entreposage,409,250,499,False,False,,,True,False,False,sourced
100000159,Entreprise 00159 SAS,N,Services administratifs et soutien,265,250,499,False,False,,,False,False,True,sourced
100000160,Entreprise 00160 SAS,N,Services administratifs et soutien,736,500,999,True,True,True,True,False,True,True,sourced
100000161,Entreprise 00161 SAS,M,Activités spé. scientifiques/techniques,5,3,5,False,False,,,False,True,False,sourced
100000162,Entreprise 00162 SAS,C,Industrie manufacturière,1065,1000,1999,True,True,True,True,False,True,False,sourced
100000163,Entreprise 00163 SAS,G,"Commerce, réparation auto",751,500,999,True,False,,,True,True,True,sourced
100000164,Entreprise 00164 SAS,J,Information et communication,3,3,5,False,False,,,False,True,False,sourced
100000165,Entreprise 00165 SAS,M,Activités spé. scientifiques/techniques,19,10,19,False,False,,,False,False,True,contacted
100000166,Entreprise 00166 SAS,F,Construction,321,250,499,False,False,,,False,False,False,sourced
100000167,Entreprise 00167 SAS,I,Hébergement et restauration,25,20,49,False,False,,,False,True,True,sourced
100000168,Entreprise 00168 SAS,Q,Santé humaine et action sociale,2,1,2,False,False,,,True,False,True,sourced
100000169,Entreprise 00169 SAS,H,Transports et entreposage,785,500,999,True,True,True,True,False,True,True,qualified
100000170,Entreprise 00170 SAS,I,Hébergement et restauration,3,3,5,False,False,,,True,False,False,sourced
100000171,Entreprise 00171 SAS,N,Services administratifs et soutien,542,500,999,True,False,,,False,True,True,sourced
100000172,Entreprise 00172 SAS,J,Information et communication,9,6,9,False,False,,,False,True,False,rejected
100000173,Entreprise 00173 SAS,J,Information et communication,172,100,199,False,False,,,False,False,True,contacted
100000174,Entreprise 00174 SAS,C,Industrie manufacturière,9,6,9,False,False,,,False,True,True,sourced
100000175,Entreprise 00175 SAS,G,"Commerce, réparation auto",168,100,199,False,False,,,False,True,True,contacted
100000176,Entreprise 00176 SAS,H,Transports et entreposage,321,250,499,False,False,,,True,True,True,qualified
100000177,Entreprise 00177 SAS,G,"Commerce, réparation auto",15,10,19,False,False,,,True,True,True,sourced
100000178,Entreprise 00178 SAS,M,Activités spé. scientifiques/techniques,184,100,199,False,False,,,True,True,True,sourced
100000179,Entreprise 00179 SAS,G,"Commerce, réparation auto",115,100,199,False,False,,,True,True,True,rejected
100000180,Entreprise 00180 SAS,N,Services administratifs et soutien,420,250,499,False,False,,,True,True,True,contacted
100000181,Entreprise 00181 SAS,M,Activités spé. scientifiques/techniques,6,6,9,False,False,,,False,False,False,qualified
100000182,Entreprise 00182 SAS,F,Construction,99,50,99,False,False,,,False,True,True,sourced
100000183,Entreprise 00183 SAS,K,Activités financières et assurance,2,1,2,False,False,,,False,True,False,sourced
100000184,Entreprise 00184 SAS,F,Construction,854,500,999,True,False,,,False,False,True,sourced
100000185,Entreprise 00185 SAS,K,Activités financières et assurance,10,10,19,False,False,,,False,True,True,sourced
100000186,Entreprise 00186 SAS,G,"Commerce, réparation auto",409,250,499,False,False,,,True,False,True,sourced
100000187,Entreprise 00187 SAS,S,Autres services,1,1,2,False,False,,,False,True,True,sourced
100000188,Entreprise 00188 SAS,Q,Santé humaine et action sociale,50,50,99,False,False,,,False,False,False,qualified
100000189,Entreprise 00189 SAS,G,"Commerce, réparation auto",1100,1000,1999,True,False,,,False,False,True,sourced
100000190,Entreprise 00190 SAS,F,Construction,541,500,999,True,False,,,False,True,True,qualified
100000191,Entreprise 00191 SAS,M,Activités spé. scientifiques/techniques,495,250,499,False,False,,,True,False,True,sourced
100000192,Entreprise 00192 SAS,F,Construction,2950,2000,4999,True,False,,,False,False,True,sourced
100000193,Entreprise 00193 SAS,G,"Commerce, réparation auto",23,20,49,False,False,,,False,True,False,sourced
100000194,Entreprise 00194 SAS,G,"Commerce, réparation auto",26,20,49,False,False,,,False,False,False,sourced
100000195,Entreprise 00195 SAS,C,Industrie manufacturière,493,250,499,False,False,,,False,True,True,sourced
100000196,Entreprise 00196 SAS,F,Construction,367,250,499,False,False,,,False,True,False,sourced
100000197,Entreprise 00197 SAS,C,Industrie manufacturière,1,1,2,False,False,,,True,True,True,sourced
100000198,Entreprise 00198 SAS,C,Industrie manufacturière,919,500,999,True,False,,,True,True,True,sourced
100000199,Entreprise 00199 SAS,N,Services administratifs et soutien,1,1,2,False,False,,,False,True,False,sourced
100000200,Entreprise 00200 SAS,M,Activités spé. scientifiques/techniques,6,6,9,False,False,,,False,False,True,sourced
100000201,Entreprise 00201 SAS,G,"Commerce, réparation auto",277,250,499,False,False,,,True,False,True,sourced
100000202,Entreprise 00202 SAS,Q,Santé humaine et action sociale,425,250,499,False,False,,,False,False,False,sourced
100000203,Entreprise 00203 SAS,S,Autres services,1995,1000,1999,True,False,,,False,True,False,sourced
100000204,Entreprise 00204 SAS,N,Services administratifs et soutien,2,1,2,False,False,,,False,False,True,sourced
100000205,Entreprise 00205 SAS,M,Activités spé. scientifiques/techniques,23,20,49,False,False,,,False,True,True,qualified
100000206,Entreprise 00206 SAS,G,"Commerce, réparation auto",1,1,2,False,False,,,False,False,True,sourced
100000207,Entreprise 00207 SAS,M,Activités spé. scientifiques/techniques,20,20,49,False,False,,,True,False,False,sourced
100000208,Entreprise 00208 SAS,M,Activités spé. scientifiques/techniques,309,250,499,False,False,,,True,True,False,sourced
100000209,Entreprise 00209 SAS,C,Industrie manufacturière,46,20,49,False,False,,,True,True,False,sourced
100000210,Entreprise 00210 SAS,G,"Commerce, réparation auto",717,500,999,True,True,False,,False,True,False,sourced
100000211,Entreprise 00211 SAS,Q,Santé humaine et action sociale,71,50,99,False,False,,,True,False,True,sourced
100000212,Entreprise 00212 SAS,H,Transports et entreposage,2495,2000,4999,True,True,True,False,True,True,False,sourced
100000213,Entreprise 00213 SAS,C,Industrie manufacturière,10,10,19,False,False,,,False,True,True,sourced
100000214,Entreprise 00214 SAS,I,Hébergement et restauration,231,200,249,False,False,,,True,False,False,sourced
100000215,Entreprise 00215 SAS,G,"Commerce, réparation auto",6,6,9,False,False,,,False,False,True,qualified
100000216,Entreprise 00216 SAS,I,Hébergement et restauration,1,1,2,False,False,,,False,False,False,sourced
100000217,Entreprise 00217 SAS,N,Services administratifs et soutien,2,1,2,False,False,,,False,True,True,sourced
100000218,Entreprise 00218 SAS,I,Hébergement et restauration,6,6,9,False,False,,,False,False,True,sourced
100000219,Entreprise 00219 SAS,Q,Santé humaine et action sociale,125,100,199,False,False,,,False,True,True,sourced
100000220,Entreprise 00220 SAS,M,Activités spé. scientifiques/techniques,8,6,9,False,False,,,False,True,True,sourced
100000221,Entreprise 00221 SAS,C,Industrie manufacturière,284,250,499,False,False,,,False,True,True,sourced
100000222,Entreprise 00222 SAS,G,"Commerce, réparation auto",27,20,49,False,False,,,True,False,False,qualified
100000223,Entreprise 00223 SAS,S,Autres services,5,3,5,False,False,,,False,True,False,sourced
100000224,Entreprise 00224 SAS,C,Industrie manufacturière,823,500,999,True,True,False,,True,True,False,contacted
100000225,Entreprise 00225 SAS,F,Construction,2,1,2,False,False,,,True,False,True,sourced
100000226,Entreprise 00226 SAS,K,Activités financières et assurance,697,500,999,True,True,False,,False,True,True,qualified
100000227,Entreprise 00227 SAS,F,Construction,812,500,999,True,True,True,True,False,True,True,sourced
100000228,Entreprise 00228 SAS,G,"Commerce, réparation auto",19,10,19,False,False,,,False,True,False,sourced
100000229,Entreprise 00229 SAS,S,Autres services,3,3,5,False,False,,,False,False,True,sourced
100000230,Entreprise 00230 SAS,C,Industrie manufacturière,9,6,9,False,False,,,True,False,True,sourced
100000231,Entreprise 00231 SAS,G,"Commerce, réparation auto",14,10,19,False,False,,,False,False,True,sourced
100000232,Entreprise 00232 SAS,C,Industrie manufacturière,251,250,499,False,False,,,True,False,True,contacted
100000233,Entreprise 00233 SAS,F,Construction,144,100,199,False,False,,,False,False,True,sourced
100000234,Entreprise 00234 SAS,F,Construction,71,50,99,False,False,,,False,True,True,sourced
100000235,Entreprise 00235 SAS,M,Activités spé. scientifiques/techniques,4,3,5,False,False,,,False,True,True,sourced
100000236,Entreprise 00236 SAS,F,Construction,24,20,49,False,False,,,False,True,True,sourced
100000237,Entreprise 00237 SAS,F,Construction,27,20,49,False,False,,,False,False,True,sourced
100000238,Entreprise 00238 SAS,J,Information et communication,1,1,2,False,False,,,False,True,True,sourced
100000239,Entreprise 00239 SAS,N,Services administratifs et soutien,22,20,49,False,False,,,False,False,True,sourced
100000240,Entreprise 00240 SAS,G,"Commerce, réparation auto",102,100,199,False,False,,,True,True,False,sourced
100000241,Entreprise 00241 SAS,C,Industrie manufacturière,51,50,99,False,False,,,False,True,False,sourced
100000242,Entreprise 00242 SAS,K,Activités financières et assurance,2,1,2,False,False,,,False,False,True,contacted
100000243,Entreprise 00243 SAS,S,Autres services,224,200,249,False,False,,,False,False,True,sourced
100000244,Entreprise 00244 SAS,F,Construction,20,20,49,False,False,,,False,False,False,sourced
100000245,Entreprise 00245 SAS,N,Services administratifs et soutien,29,20,49,False,False,,,False,True,False,sourced
100000246,Entreprise 00246 SAS,F,Construction,664,500,999,True,False,,,False,True,False,sourced
100000247,Entreprise 00247 SAS,Q,Santé humaine et action sociale,10,10,19,False,False,,,False,False,False,sourced
100000248,Entreprise 00248 SAS,J,Information et communication,1116,1000,1999,True,True,False,,False,False,True,sourced
100000249,Entreprise 00249 SAS,F,Construction,354,250,499,False,False,,,True,True,False,qualified
100000250,Entreprise 00250 SAS,G,"Commerce, réparation auto",8,6,9,False,False,,,True,False,True,sourced
100000251,Entreprise 00251 SAS,G,"Commerce, réparation auto",2,1,2,False,False,,,False,True,True,contacted
100000252,Entreprise 00252 SAS,I,Hébergement et restauration,78,50,99,False,False,,,False,False,False,sourced
100000253,Entreprise 00253 SAS,G,"Commerce, réparation auto",57,50,99,False,False,,,False,False,True,sourced
100000254,Entreprise 00254 SAS,K,Activités financières et assurance,12,10,19,False,False,,,False,False,True,sourced
100000255,Entreprise 00255 SAS,J,Information et communication,93,50,99,False,False,,,True,False,False,qualified
100000256,Entreprise 00256 SAS,F,Construction,1812,1000,1999,True,True,False,,False,False,False,sourced
100000257,Entreprise 00257 SAS,M,Activités spé. scientifiques/techniques,603,500,999,True,False,,,False,False,True,contacted
100000258,Entreprise 00258 SAS,G,"Commerce, réparation auto",2,1,2,False,False,,,False,True,True,sourced
100000259,Entreprise 00259 SAS,G,"Commerce, réparation auto",1614,1000,1999,True,False,,,True,True,True,contacted
100000260,Entreprise 00260 SAS,G,"Commerce, réparation auto",76,50,99,False,False,,,True,True,False,sourced
100000261,Entreprise 00261 SAS,N,Services administratifs et soutien,19,10,19,False,False,,,False,False,True,sourced
100000262,Entreprise 00262 SAS,I,Hébergement et restauration,11,10,19,False,False,,,False,True,True,sourced
100000263,Entreprise 00263 SAS,G,"Commerce, réparation auto",2,1,2,False,False,,,True,True,False,sourced
100000264,Entreprise 00264 SAS,Q,Santé humaine et action sociale,14,10,19,False,False,,,False,False,True,sourced
100000265,Entreprise 00265 SAS,M,Activités spé. scientifiques/techniques,112,100,199,False,False,,,False,True,True,qualified
100000266,Entreprise 00266 SAS,S,Autres services,29,20,49,False,False,,,False,False,True,sourced
100000267,Entreprise 00267 SAS,Q,Santé humaine et action sociale,7,6,9,False,False,,,False,True,False,qualified
100000268,Entreprise 00268 SAS,F,Construction,23,20,49,False,False,,,False,True,True,qualified
100000269,Entreprise 00269 SAS,G,"Commerce, réparation auto",22,20,49,False,False,,,True,True,False,sourced
100000270,Entreprise 00270 SAS,C,Industrie manufacturière,30,20,49,False,False,,,True,False,False,sourced
100000271,Entreprise 00271 SAS,F,Construction,833,500,999,True,False,,,True,True,True,sourced
100000272,Entreprise 00272 SAS,F,Construction,24,20,49,False,False,,,True,False,True,sourced
100000273,Entreprise 00273 SAS,N,Services administratifs et soutien,10,10,19,False,False,,,True,False,True,sourced
100000274,Entreprise 00274 SAS,M,Activités spé. scientifiques/techniques,15,10,19,False,False,,,False,False,False,sourced
100000275,Entreprise 00275 SAS,G,"Commerce, réparation auto",1179,1000,1999,True,True,True,True,True,True,True,sourced
100000276,Entreprise 00276 SAS,S,Autres services,1,1,2,False,False,,,True,False,False,sourced
100000277,Entreprise 00277 SAS,I,Hébergement et restauration,4,3,5,False,False,,,True,True,False,sourced
100000278,Entreprise 00278 SAS,G,"Commerce, réparation auto",1324,1000,1999,True,True,True,True,False,False,True,sourced
100000279,Entreprise 00279 SAS,F,Construction,4,3,5,False,False,,,False,False,True,qualified
100000280,Entreprise 00280 SAS,F,Construction,10,10,19,False,False,,,True,False,True,sourced
100000281,Entreprise 00281 SAS,F,Construction,68,50,99,False,False,,,True,True,True,sourced
100000282,Entreprise 00282 SAS,G,"Commerce, réparation auto",2,1,2,False,False,,,False,True,True,contacted
100000283,Entreprise 00283 SAS,F,Construction,125,100,199,False,False,,,False,False,False,sourced
100000284,Entreprise 00284 SAS,Q,Santé humaine et action sociale,1792,1000,1999,True,False,,,False,True,True,qualified
100000285,Entreprise 00285 SAS,M,Activités spé. scientifiques/techniques,945,500,999,True,True,False,,True,True,True,sourced
100000286,Entreprise 00286 SAS,H,Transports et entreposage,5,3,5,False,False,,,False,True,False,sourced
100000287,Entreprise 00287 SAS,N,Services administratifs et soutien,4,3,5,False,False,,,False,True,True,sourced
100000288,Entreprise 00288 SAS,H,Transports et entreposage,12,10,19,False,False,,,True,False,False,sourced
100000289,Entreprise 00289 SAS,Q,Santé humaine et action sociale,35,20,49,False,False,,,False,True,True,qualified
100000290,Entreprise 00290 SAS,F,Construction,516,500,999,True,True,False,,False,False,False,sourced
100000291,Entreprise 00291 SAS,S,Autres services,7,6,9,False,False,,,False,False,True,rejected
100000292,Entreprise 00292 SAS,S,Autres services,2,1,2,False,False,,,True,False,True,qualified
100000293,Entreprise 00293 SAS,N,Services administratifs et soutien,3,3,5,False,False,,,False,True,True,sourced
100000294,Entreprise 00294 SAS,N,Services administratifs et soutien,634,500,999,True,False,,,False,False,False,qualified
100000295,Entreprise 00295 SAS,M,Activités spé. scientifiques/techniques,126,100,199,False,False,,,False,True,False,qualified
100000296,Entreprise 00296 SAS,G,"Commerce, réparation auto",15,10,19,False,False,,,False,True,True,sourced
100000297,Entreprise 00297 SAS,Q,Santé humaine et action sociale,233,200,249,False,False,,,True,True,True,sourced
100000298,Entreprise 00298 SAS,G,"Commerce, réparation auto",440,250,499,False,False,,,False,False,True,contacted
100000299,Entreprise 00299 SAS,N,Services administratifs et soutien,1,1,2,False,False,,,False,False,True,sourced
100000300,Entreprise 00300 SAS,S,Autres services,768,500,999,True,True,False,,False,True,False,sourced
100000301,Entreprise 00301 SAS,S,Autres services,12,10,19,False,False,,,False,False,True,sourced
100000302,Entreprise 00302 SAS,M,Activités spé. scientifiques/techniques,58,50,99,False,False,,,False,True,False,sourced
100000303,Entreprise 00303 SAS,G,"Commerce, réparation auto",814,500,999,True,True,True,True,False,True,False,sourced
100000304,Entreprise 00304 SAS,K,Activités financières et assurance,4,3,5,False,False,,,False,True,True,sourced
100000305,Entreprise 00305 SAS,N,Services administratifs et soutien,3,3,5,False,False,,,True,True,True,sourced
100000306,Entreprise 00306 SAS,G,"Commerce, réparation auto",4,3,5,False,False,,,False,True,True,sourced
100000307,Entreprise 00307 SAS,I,Hébergement et restauration,300,250,499,False,False,,,False,True,False,sourced
100000308,Entreprise 00308 SAS,G,"Commerce, réparation auto",369,250,499,False,False,,,False,False,True,sourced
100000309,Entreprise 00309 SAS,C,Industrie manufacturière,6,6,9,False,False,,,False,False,True,sourced
100000310,Entreprise 00310 SAS,I,Hébergement et restauration,8,6,9,False,False,,,True,True,False,contacted
100000311,Entreprise 00311 SAS,G,"Commerce, réparation auto",73,50,99,False,False,,,True,True,True,sourced
100000312,Entreprise 00312 SAS,F,Construction,46,20,49,False,False,,,False,False,True,sourced
100000313,Entreprise 00313 SAS,F,Construction,87,50,99,False,False,,,True,True,True,contacted
100000314,Entreprise 00314 SAS,N,Services administratifs et soutien,4,3,5,False,False,,,False,True,True,sourced
100000315,Entreprise 00315 SAS,C,Industrie manufacturière,3,3,5,False,False,,,True,True,True,sourced
100000316,Entreprise 00316 SAS,G,"Commerce, réparation auto",3276,2000,4999,True,False,,,False,True,True,sourced
100000317,Entreprise 00317 SAS,K,Activités financières et assurance,11,10,19,False,False,,,True,True,True,sourced
100000318,Entreprise 00318 SAS,F,Construction,267,250,499,False,False,,,False,False,True,sourced
100000319,Entreprise 00319 SAS,G,"Commerce, réparation auto",65,50,99,False,False,,,False,False,True,qualified
100000320,Entreprise 00320 SAS,M,Activités spé. scientifiques/techniques,3,3,5,False,False,,,True,True,True,qualified
100000321,Entreprise 00321 SAS,I,Hébergement et restauration,39,20,49,False,False,,,False,True,True,sourced
100000322,Entreprise 00322 SAS,K,Activités financières et assurance,211,200,249,False,False,,,True,True,True,sourced
100000323,Entreprise 00323 SAS,F,Construction,1158,1000,1999,True,False,,,False,True,False,sourced
100000324,Entreprise 00324 SAS,S,Autres services,476,250,499,False,False,,,False,True,True,sourced
100000325,Entreprise 00325 SAS,H,Transports et entreposage,633,500,999,True,True,True,False,False,True,True,rejected
100000326,Entreprise 00326 SAS,C,Industrie manufacturière,805,500,999,True,False,,,False,False,True,sourced
100000327,Entreprise 00327 SAS,M,Activités spé. scientifiques/techniques,1228,1000,1999,True,False,,,False,False,True,contacted
100000328,Entreprise 00328 SAS,F,Construction,51,50,99,False,False,,,False,False,False,sourced
100000329,Entreprise 00329 SAS,G,"Commerce, réparation auto",3,3,5,False,False,,,False,False,True,sourced
100000330,Entreprise 00330 SAS,S,Autres services,3,3,5,False,False,,,False,False,False,sourced
100000331,Entreprise 00331 SAS,I,Hébergement et restauration,9,6,9,False,False,,,True,False,True,sourced
100000332,Entreprise 00332 SAS,G,"Commerce, réparation auto",3,3,5,False,False,,,False,False,True,sourced
100000333,Entreprise 00333 SAS,N,Services administratifs et soutien,8,6,9,False,False,,,False,False,False,sourced
100000334,Entreprise 00334 SAS,J,Information et communication,186,100,199,False,False,,,False,False,True,sourced
100000335,Entreprise 00335 SAS,G,"Commerce, réparation auto",22,20,49,False,False,,,True,True,False,sourced
100000336,Entreprise 00336 SAS,N,Services administratifs et soutien,327,250,499,False,False,,,False,True,True,sourced
100000337,Entreprise 00337 SAS,F,Construction,591,500,999,True,True,True,True,False,True,False,qualified
100000338,Entreprise 00338 SAS,S,Autres services,45,20,49,False,False,,,False,True,True,contacted
100000339,Entreprise 00339 SAS,I,Hébergement et restauration,12,10,19,False,False,,,True,False,True,contacted
100000340,Entreprise 00340 SAS,H,Transports et entreposage,341,250,499,False,False,,,False,True,False,sourced
100000341,Entreprise 00341 SAS,C,Industrie manufacturière,10,10,19,False,False,,,False,False,True,sourced
100000342,Entreprise 00342 SAS,S,Autres services,800,500,999,True,False,,,False,True,False,sourced
100000343,Entreprise 00343 SAS,C,Industrie manufacturière,1,1,2,False,False,,,False,True,False,sourced
100000344,Entreprise 00344 SAS,I,Hébergement et restauration,4,3,5,False,False,,,False,True,True,sourced
100000345,Entreprise 00345 SAS,N,Services administratifs et soutien,333,250,499,False,False,,,False,True,True,sourced
100000346,Entreprise 00346 SAS,G,"Commerce, réparation auto",107,100,199,False,False,,,False,True,True,qualified
100000347,Entreprise 00347 SAS,M,Activités spé. scientifiques/techniques,9,6,9,False,False,,,False,True,False,sourced
100000348,Entreprise 00348 SAS,N,Services administratifs et soutien,279,250,499,False,False,,,False,True,False,sourced
100000349,Entreprise 00349 SAS,G,"Commerce, réparation auto",4,3,5,False,False,,,False,False,True,sourced
100000350,Entreprise 00350 SAS,G,"Commerce, réparation auto",13,10,19,False,False,,,False,False,False,sourced
100000351,Entreprise 00351 SAS,C,Industrie manufacturière,705,500,999,True,True,False,,False,True,True,contacted
100000352,Entreprise 00352 SAS,Q,Santé humaine et action sociale,3,3,5,False,False,,,False,True,True,sourced
100000353,Entreprise 00353 SAS,G,"Commerce, réparation auto",1,1,2,False,False,,,False,False,True,qualified
100000354,Entreprise 00354 SAS,K,Activités financières et assurance,370,250,499,False,False,,,False,True,True,sourced
100000355,Entreprise 00355 SAS,Q,Santé humaine et action sociale,244,200,249,False,False,,,False,True,False,sourced
100000356,Entreprise 00356 SAS,I,Hébergement et restauration,10,10,19,False,False,,,False,False,False,rejected
100000357,Entreprise 00357 SAS,I,Hébergement et restauration,12,10,19,False,False,,,False,True,True,sourced
100000358,Entreprise 00358 SAS,I,Hébergement et restauration,352,250,499,False,False,,,True,False,True,sourced
100000359,Entreprise 00359 SAS,M,Activités spé. scientifiques/techniques,1927,1000,1999,True,False,,,True,False,False,sourced
100000360,Entreprise 00360 SAS,I,Hébergement et restauration,59,50,99,False,False,,,True,False,False,sourced
100000361,Entreprise 00361 SAS,G,"Commerce, réparation auto",4,3,5,False,False,,,False,True,True,sourced
100000362,Entreprise 00362 SAS,N,Services administratifs et soutien,73,50,99,False,False,,,True,False,True,contacted
100000363,Entreprise 00363 SAS,G,"Commerce, réparation auto",1,1,2,False,False,,,False,True,False,sourced
100000364,Entreprise 00364 SAS,H,Transports et entreposage,14,10,19,False,False,,,False,False,False,sourced
100000365,Entreprise 00365 SAS,M,Activités spé. scientifiques/techniques,7,6,9,False,False,,,False,False,False,rejected
100000366,Entreprise 00366 SAS,F,Construction,14,10,19,False,False,,,False,True,True,sourced
100000367,Entreprise 00367 SAS,H,Transports et entreposage,1,1,2,False,False,,,True,True,True,qualified
100000368,Entreprise 00368 SAS,C,Industrie manufacturière,14,10,19,False,False,,,False,True,True,sourced
100000369,Entreprise 00369 SAS,M,Activités spé. scientifiques/techniques,613,500,999,True,True,True,True,False,False,False,sourced
100000370,Entreprise 00370 SAS,S,Autres services,5,3,5,False,False,,,True,False,True,sourced
100000371,Entreprise 00371 SAS,F,Construction,456,250,499,False,False,,,True,False,True,sourced
100000372,Entreprise 00372 SAS,C,Industrie manufacturière,1339,1000,1999,True,False,,,False,False,False,sourced
100000373,Entreprise 00373 SAS,N,Services administratifs et soutien,5,3,5,False,False,,,False,True,True,rejected
100000374,Entreprise 00374 SAS,N,Services administratifs et soutien,550,500,999,True,False,,,False,True,True,sourced
100000375,Entreprise 00375 SAS,I,Hébergement et restauration,67,50,99,False,False,,,False,False,True,sourced
100000376,Entreprise 00376 SAS,M,Activités spé. scientifiques/techniques,20,20,49,False,False,,,False,True,False,sourced
100000377,Entreprise 00377 SAS,G,"Commerce, réparation auto",75,50,99,False,False,,,False,True,False,sourced
100000378,Entreprise 00378 SAS,Q,Santé humaine et action sociale,4,3,5,False,False,,,False,False,True,contacted
100000379,Entreprise 00379 SAS,I,Hébergement et restauration,2,1,2,False,False,,,True,False,True,sourced
100000380,Entreprise 00380 SAS,I,Hébergement et restauration,19,10,19,False,False,,,True,True,True,qualified
100000381,Entreprise 00381 SAS,S,Autres services,23,20,49,False,False,,,True,True,True,sourced
100000382,Entreprise 00382 SAS,N,Services administratifs et soutien,32,20,49,False,False,,,False,False,True,sourced
100000383,Entreprise 00383 SAS,F,Construction,176,100,199,False,False,,,False,False,True,rejected
100000384,Entreprise 00384 SAS,G,"Commerce, réparation auto",5,3,5,False,False,,,False,False,True,sourced
100000385,Entreprise 00385 SAS,F,Construction,1214,1000,1999,True,True,True,True,False,True,True,sourced
100000386,Entreprise 00386 SAS,S,Autres services,822,500,999,True,True,True,False,True,False,True,sourced
100000387,Entreprise 00387 SAS,J,Information et communication,17,10,19,False,False,,,True,True,True,sourced
100000388,Entreprise 00388 SAS,N,Services administratifs et soutien,938,500,999,True,True,False,,False,True,True,sourced
100000389,Entreprise 00389 SAS,G,"Commerce, réparation auto",1,1,2,False,False,,,True,True,False,sourced
100000390,Entreprise 00390 SAS,N,Services administratifs et soutien,62,50,99,False,False,,,False,True,True,sourced
100000391,Entreprise 00391 SAS,G,"Commerce, réparation auto",2,1,2,False,False,,,False,True,False,sourced
100000392,Entreprise 00392 SAS,F,Construction,52,50,99,False,False,,,False,True,True,sourced
100000393,Entreprise 00393 SAS,C,Industrie manufacturière,13,10,19,False,False,,,True,False,False,sourced
100000394,Entreprise 00394 SAS,N,Services administratifs et soutien,57,50,99,False,False,,,False,True,False,sourced
100000395,Entreprise 00395 SAS,M,Activités spé. scientifiques/techniques,57,50,99,False,False,,,False,True,True,sourced
100000396,Entreprise 00396 SAS,C,Industrie manufacturière,17,10,19,False,False,,,False,False,True,sourced
100000397,Entreprise 00397 SAS,I,Hébergement et restauration,9,6,9,False,False,,,False,True,True,sourced
100000398,Entreprise 00398 SAS,G,"Commerce, réparation auto",66,50,99,False,False,,,True,True,True,sourced
100000399,Entreprise 00399 SAS,G,"Commerce, réparation auto",6,6,9,False,False,,,False,False,True,qualified
100000400,Entreprise 00400 SAS,F,Construction,106,100,199,False,False,,,True,False,True,sourced
100000401,Entreprise 00401 SAS,H,Transports et entreposage,135,100,199,False,False,,,False,False,True,sourced
100000402,Entreprise 00402 SAS,S,Autres services,270,250,499,False,False,,,False,False,True,qualified
100000403,Entreprise 00403 SAS,F,Construction,7,6,9,False,False,,,False,True,True,qualified
100000404,Entreprise 00404 SAS,F,Construction,5,3,5,False,False,,,False,False,False,sourced
100000405,Entreprise 00405 SAS,F,Construction,294,250,499,False,False,,,True,True,True,sourced
100000406,Entreprise 00406 SAS,C,Industrie manufacturière,65,50,99,False,False,,,False,True,True,sourced
100000407,Entreprise 00407 SAS,Q,Santé humaine et action sociale,738,500,999,True,True,True,True,False,False,False,contacted
100000408,Entreprise 00408 SAS,G,"Commerce, réparation auto",22,20,49,False,False,,,False,False,False,sourced
100000409,Entreprise 00409 SAS,Q,Santé humaine et action sociale,772,500,999,True,True,True,False,True,True,True,qualified
100000410,Entreprise 00410 SAS,N,Services administratifs et soutien,262,250,499,False,False,,,False,True,False,sourced
100000411,Entreprise 00411 SAS,C,Industrie manufacturière,46,20,49,False,False,,,False,True,False,sourced
100000412,Entreprise 00412 SAS,M,Activités spé. scientifiques/techniques,91,50,99,False,False,,,False,False,False,sourced
100000413,Entreprise 00413 SAS,F,Construction,1103,1000,1999,True,True,True,True,False,True,True,contacted
100000414,Entreprise 00414 SAS,K,Activités financières et assurance,4,3,5,False,False,,,False,False,False,contacted
100000415,Entreprise 00415 SAS,G,"Commerce, réparation auto",8,6,9,False,False,,,False,True,False,sourced
100000416,Entreprise 00416 SAS,G,"Commerce, réparation auto",2,1,2,False,False,,,False,False,True,sourced
100000417,Entreprise 00417 SAS,S,Autres services,466,250,499,False,False,,,False,False,True,qualified
100000418,Entreprise 00418 SAS,F,Construction,28,20,49,False,False,,,False,True,True,sourced
100000419,Entreprise 00419 SAS,F,Construction,461,250,499,False,False,,,True,True,True,sourced
100000420,Entreprise 00420 SAS,F,Construction,3,3,5,False,False,,,True,True,False,sourced
100000421,Entreprise 00421 SAS,S,Autres services,1164,1000,1999,True,True,False,,False,False,False,sourced
100000422,Entreprise 00422 SAS,I,Hébergement et restauration,1,1,2,False,False,,,False,False,True,sourced
100000423,Entreprise 00423 SAS,H,Transports et entreposage,1,1,2,False,False,,,False,False,True,contacted
100000424,Entreprise 00424 SAS,C,Industrie manufacturière,32,20,49,False,False,,,False,True,False,sourced
100000425,Entreprise 00425 SAS,C,Industrie manufacturière,780,500,999,True,True,True,True,False,True,False,sourced
100000426,Entreprise 00426 SAS,M,Activités spé. scientifiques/techniques,13,10,19,False,False,,,False,True,False,contacted
100000427,Entreprise 00427 SAS,N,Services administratifs et soutien,29,20,49,False,False,,,False,False,True,sourced
100000428,Entreprise 00428 SAS,M,Activités spé. scientifiques/techniques,18,10,19,False,False,,,False,True,False,sourced
100000429,Entreprise 00429 SAS,Q,Santé humaine et action sociale,241,200,249,False,False,,,False,True,False,sourced
100000430,Entreprise 00430 SAS,J,Information et communication,5,3,5,False,False,,,False,False,False,sourced
100000431,Entreprise 00431 SAS,I,Hébergement et restauration,31,20,49,False,False,,,False,True,True,qualified
100000432,Entreprise 00432 SAS,G,"Commerce, réparation auto",73,50,99,False,False,,,False,True,True,sourced
100000433,Entreprise 00433 SAS,N,Services administratifs et soutien,6,6,9,False,False,,,False,True,True,sourced
100000434,Entreprise 00434 SAS,M,Activités spé. scientifiques/techniques,17,10,19,False,False,,,True,False,True,sourced
100000435,Entreprise 00435 SAS,F,Construction,6,6,9,False,False,,,True,True,True,qualified
100000436,Entreprise 00436 SAS,J,Information et communication,432,250,499,False,False,,,False,True,True,sourced
100000437,Entreprise 00437 SAS,F,Construction,10,10,19,False,False,,,False,True,False,sourced
100000438,Entreprise 00438 SAS,C,Industrie manufacturière,1,1,2,False,False,,,False,True,False,sourced
100000439,Entreprise 00439 SAS,N,Services administratifs et soutien,600,500,999,True,False,,,False,True,False,sourced
100000440,Entreprise 00440 SAS,F,Construction,14,10,19,False,False,,,False,False,True,sourced
100000441,Entreprise 00441 SAS,C,Industrie manufacturière,736,500,999,True,False,,,True,False,True,sourced
100000442,Entreprise 00442 SAS,C,Industrie manufacturière,17,10,19,False,False,,,False,False,True,sourced
100000443,Entreprise 00443 SAS,M,Activités spé. scientifiques/techniques,14,10,19,False,False,,,False,True,False,sourced
100000444,Entreprise 00444 SAS,G,"Commerce, réparation auto",7,6,9,False,False,,,False,True,True,sourced
100000445,Entreprise 00445 SAS,H,Transports et entreposage,528,500,999,True,True,True,False,False,True,False,sourced
100000446,Entreprise 00446 SAS,F,Construction,8,6,9,False,False,,,False,True,False,sourced
100000447,Entreprise 00447 SAS,F,Construction,12,10,19,False,False,,,True,True,False,sourced
100000448,Entreprise 00448 SAS,Q,Santé humaine et action sociale,2,1,2,False,False,,,True,False,False,qualified
100000449,Entreprise 00449 SAS,F,Construction,1,1,2,False,False,,,False,True,True,sourced
100000450,Entreprise 00450 SAS,G,"Commerce, réparation auto",883,500,999,True,True,False,,True,False,True,sourced
100000451,Entreprise 00451 SAS,F,Construction,6,6,9,False,False,,,False,True,True,sourced
100000452,Entreprise 00452 SAS,F,Construction,2262,2000,4999,True,False,,,True,False,False,sourced
100000453,Entreprise 00453 SAS,J,Information et communication,23,20,49,False,False,,,True,False,True,qualified
100000454,Entreprise 00454 SAS,N,Services administratifs et soutien,13,10,19,False,False,,,False,True,False,qualified
100000455,Entreprise 00455 SAS,J,Information et communication,30,20,49,False,False,,,True,False,False,sourced
100000456,Entreprise 00456 SAS,Q,Santé humaine et action sociale,347,250,499,False,False,,,False,True,False,sourced
100000457,Entreprise 00457 SAS,G,"Commerce, réparation auto",1604,1000,1999,True,False,,,True,False,False,sourced
100000458,Entreprise 00458 SAS,F,Construction,41,20,49,False,False,,,False,True,True,sourced
100000459,Entreprise 00459 SAS,C,Industrie manufacturière,2,1,2,False,False,,,True,False,True,sourced
100000460,Entreprise 00460 SAS,G,"Commerce, réparation auto",17,10,19,False,False,,,True,True,True,sourced
100000461,Entreprise 00461 SAS,G,"Commerce, réparation auto",9,6,9,False,False,,,True,False,True,sourced
100000462,Entreprise 00462 SAS,F,Construction,580,500,999,True,True,True,True,True,False,False,sourced
100000463,Entreprise 00463 SAS,M,Activités spé. scientifiques/techniques,20,20,49,False,False,,,True,True,False,sourced
100000464,Entreprise 00464 SAS,G,"Commerce, réparation auto",14,10,19,False,False,,,False,True,True,sourced
100000465,Entreprise 00465 SAS,N,Services administratifs et soutien,11,10,19,False,False,,,True,True,True,sourced
100000466,Entreprise 00466 SAS,G,"Commerce, réparation auto",2,1,2,False,False,,,False,True,False,qualified
100000467,Entreprise 00467 SAS,I,Hébergement et restauration,691,500,999,True,True,True,True,False,False,True,sourced
100000468,Entreprise 00468 SAS,M,Activités spé. scientifiques/techniques,7,6,9,False,False,,,False,False,False,sourced
100000469,Entreprise 00469 SAS,M,Activités spé. scientifiques/techniques,94,50,99,False,False,,,False,True,True,qualified
100000470,Entreprise 00470 SAS,G,"Commerce, réparation auto",1,1,2,False,False,,,True,True,True,sourced
100000471,Entreprise 00471 SAS,S,Autres services,11,10,19,False,False,,,False,True,True,qualified
100000472,Entreprise 00472 SAS,C,Industrie manufacturière,507,500,999,True,True,False,,True,True,True,sourced
100000473,Entreprise 00473 SAS,J,Information et communication,12,10,19,False,False,,,True,True,True,sourced
100000474,Entreprise 00474 SAS,G,"Commerce, réparation auto",1,1,2,False,False,,,True,True,True,sourced
100000475,Entreprise 00475 SAS,S,Autres services,14,10,19,False,False,,,False,True,True,sourced
100000476,Entreprise 00476 SAS,J,Information et communication,148,100,199,False,False,,,False,True,False,sourced
100000477,Entreprise 00477 SAS,G,"Commerce, réparation auto",39,20,49,False,False,,,True,False,True,sourced
100000478,Entreprise 00478 SAS,H,Transports et entreposage,12,10,19,False,False,,,False,False,False,sourced
100000479,Entreprise 00479 SAS,J,Information et communication,1,1,2,False,False,,,False,True,False,qualified
100000480,Entreprise 00480 SAS,H,Transports et entreposage,9,6,9,False,False,,,False,False,True,sourced
100000481,Entreprise 00481 SAS,F,Construction,539,500,999,True,False,,,False,False,True,sourced
100000482,Entreprise 00482 SAS,N,Services administratifs et soutien,314,250,499,False,False,,,True,True,True,sourced
100000483,Entreprise 00483 SAS,H,Transports et entreposage,11,10,19,False,False,,,False,True,True,sourced
100000484,Entreprise 00484 SAS,J,Information et communication,879,500,999,True,False,,,False,True,False,sourced
100000485,Entreprise 00485 SAS,G,"Commerce, réparation auto",21,20,49,False,False,,,False,True,True,sourced
100000486,Entreprise 00486 SAS,G,"Commerce, réparation auto",1,1,2,False,False,,,True,True,True,sourced
100000487,Entreprise 00487 SAS,S,Autres services,1944,1000,1999,True,False,,,False,True,False,sourced
100000488,Entreprise 00488 SAS,G,"Commerce, réparation auto",13,10,19,False,False,,,True,True,False,sourced
100000489,Entreprise 00489 SAS,G,"Commerce, réparation auto",445,250,499,False,False,,,True,True,True,sourced
100000490,Entreprise 00490 SAS,I,Hébergement et restauration,453,250,499,False,False,,,False,True,True,sourced
100000491,Entreprise 00491 SAS,Q,Santé humaine et action sociale,54,50,99,False,False,,,False,True,True,sourced
100000492,Entreprise 00492 SAS,G,"Commerce, réparation auto",13,10,19,False,False,,,False,False,False,sourced
100000493,Entreprise 00493 SAS,G,"Commerce, réparation auto",8,6,9,False,False,,,True,False,True,qualified
100000494,Entreprise 00494 SAS,C,Industrie manufacturière,27,20,49,False,False,,,False,False,True,sourced
100000495,Entreprise 00495 SAS,G,"Commerce, réparation auto",606,500,999,True,True,True,False,True,True,False,sourced
100000496,Entreprise 00496 SAS,M,Activités spé. scientifiques/techniques,26,20,49,False,False,,,False,True,False,qualified
100000497,Entreprise 00497 SAS,G,"Commerce, réparation auto",2,1,2,False,False,,,False,False,False,rejected
100000498,Entreprise 00498 SAS,G,"Commerce, réparation auto",1,1,2,False,False,,,False,False,True,sourced
100000499,Entreprise 00499 SAS,S,Autres services,1,1,2,False,False,,,False,False,True,sourced
100000500,Entreprise 00500 SAS,S,Autres services,2,1,2,False,False,,,True,True,False,contacted
100000501,Entreprise 00501 SAS,G,"Commerce, réparation auto",918,500,999,True,True,True,True,False,False,False,sourced
100000502,Entreprise 00502 SAS,G,"Commerce, réparation auto",874,500,999,True,False,,,True,False,False,sourced
100000503,Entreprise 00503 SAS,N,Services administratifs et soutien,13,10,19,False,False,,,False,True,True,qualified
100000504,Entreprise 00504 SAS,F,Construction,13,10,19,False,False,,,False,True,True,sourced
100000505,Entreprise 00505 SAS,F,Construction,1100,1000,1999,True,True,False,,True,True,True,sourced
100000506,Entreprise 00506 SAS,S,Autres services,136,100,199,False,False,,,False,True,False,qualified
100000507,Entreprise 00507 SAS,N,Services administratifs et soutien,490,250,499,False,False,,,False,True,True,sourced
100000508,Entreprise 00508 SAS,S,Autres services,621,500,999,True,False,,,True,False,True,sourced
100000509,Entreprise 00509 SAS,N,Services administratifs et soutien,164,100,199,False,False,,,False,True,False,sourced
100000510,Entreprise 00510 SAS,M,Activités spé. scientifiques/techniques,1,1,2,False,False,,,False,False,False,sourced
100000511,Entreprise 00511 SAS,G,"Commerce, réparation auto",105,100,199,False,False,,,True,True,True,sourced
100000512,Entreprise 00512 SAS,C,Industrie manufacturière,212,200,249,False,False,,,False,False,False,sourced
100000513,Entreprise 00513 SAS,S,Autres services,148,100,199,False,False,,,True,False,True,contacted
100000514,Entreprise 00514 SAS,G,"Commerce, réparation auto",898,500,999,True,True,False,,False,True,True,sourced
100000515,Entreprise 00515 SAS,K,Activités financières et assurance,14,10,19,False,False,,,False,True,True,sourced
100000516,Entreprise 00516 SAS,M,Activités spé. scientifiques/techniques,10,10,19,False,False,,,False,True,True,sourced
100000517,Entreprise 00517 SAS,G,"Commerce, réparation auto",420,250,499,False,False,,,False,True,True,qualified
100000518,Entreprise 00518 SAS,G,"Commerce, réparation auto",571,500,999,True,False,,,True,False,True,sourced
100000519,Entreprise 00519 SAS,F,Construction,56,50,99,False,False,,,False,False,True,sourced
100000520,Entreprise 00520 SAS,G,"Commerce, réparation auto",321,250,499,False,False,,,False,True,False,qualified
100000521,Entreprise 00521 SAS,I,Hébergement et restauration,18,10,19,False,False,,,False,True,False,sourced
100000522,Entreprise 00522 SAS,N,Services administratifs et soutien,2,1,2,False,False,,,False,True,True,sourced
100000523,Entreprise 00523 SAS,I,Hébergement et restauration,823,500,999,True,False,,,False,True,False,qualified
100000524,Entreprise 00524 SAS,M,Activités spé. scientifiques/techniques,1,1,2,False,False,,,True,True,False,sourced
100000525,Entreprise 00525 SAS,C,Industrie manufacturière,4,3,5,False,False,,,False,True,True,sourced
100000526,Entreprise 00526 SAS,N,Services administratifs et soutien,42,20,49,False,False,,,False,False,True,sourced
100000527,Entreprise 00527 SAS,C,Industrie manufacturière,85,50,99,False,False,,,True,False,False,qualified
100000528,Entreprise 00528 SAS,G,"Commerce, réparation auto",10,10,19,False,False,,,False,True,True,sourced
100000529,Entreprise 00529 SAS,C,Industrie manufacturière,206,200,249,False,False,,,False,False,True,qualified
100000530,Entreprise 00530 SAS,I,Hébergement et restauration,8,6,9,False,False,,,False,True,False,sourced
100000531,Entreprise 00531 SAS,S,Autres services,1,1,2,False,False,,,False,True,False,sourced
100000532,Entreprise 00532 SAS,I,Hébergement et restauration,1943,1000,1999,True,True,False,,False,False,False,sourced
100000533,Entreprise 00533 SAS,F,Construction,86,50,99,False,False,,,True,True,True,contacted
100000534,Entreprise 00534 SAS,M,Activités spé. scientifiques/techniques,261,250,499,False,False,,,False,True,True,sourced
100000535,Entreprise 00535 SAS,G,"Commerce, réparation auto",62,50,99,False,False,,,False,True,False,sourced
100000536,Entreprise 00536 SAS,C,Industrie manufacturière,1,1,2,False,False,,,False,True,True,sourced
100000537,Entreprise 00537 SAS,S,Autres services,1,1,2,False,False,,,True,True,True,sourced
100000538,Entreprise 00538 SAS,F,Construction,5,3,5,False,False,,,False,False,True,sourced
100000539,Entreprise 00539 SAS,F,Construction,31,20,49,False,False,,,True,True,False,sourced
100000540,Entreprise 00540 SAS,C,Industrie manufacturière,694,500,999,True,True,True,False,True,False,True,sourced
100000541,Entreprise 00541 SAS,M,Activités spé. scientifiques/techniques,3,3,5,False,False,,,False,True,True,sourced
100000542,Entreprise 00542 SAS,K,Activités financières et assurance,8,6,9,False,False,,,False,False,False,sourced
100000543,Entreprise 00543 SAS,C,Industrie manufacturière,432,250,499,False,False,,,True,True,True,sourced
100000544,Entreprise 00544 SAS,H,Transports et entreposage,292,250,499,False,False,,,False,True,True,sourced
100000545,Entreprise 00545 SAS,G,"Commerce, réparation auto",73,50,99,False,False,,,False,False,True,sourced
100000546,Entreprise 00546 SAS,N,Services administratifs et soutien,518,500,999,True,False,,,False,True,False,sourced
100000547,Entreprise 00547 SAS,C,Industrie manufacturière,21,20,49,False,False,,,False,True,False,sourced
100000548,Entreprise 00548 SAS,M,Activités spé. scientifiques/techniques,29,20,49,False,False,,,False,True,False,sourced
100000549,Entreprise 00549 SAS,G,"Commerce, réparation auto",27,20,49,False,False,,,False,False,True,sourced
100000550,Entreprise 00550 SAS,M,Activités spé. scientifiques/techniques,1,1,2,False,False,,,False,True,True,sourced
100000551,Entreprise 00551 SAS,H,Transports et entreposage,52,50,99,False,False,,,False,False,False,sourced
100000552,Entreprise 00552 SAS,G,"Commerce, réparation auto",263,250,499,False,False,,,True,False,False,sourced
100000553,Entreprise 00553 SAS,N,Services administratifs et soutien,853,500,999,True,False,,,True,True,False,sourced
100000554,Entreprise 00554 SAS,I,Hébergement et restauration,6,6,9,False,False,,,False,False,True,sourced
100000555,Entreprise 00555 SAS,S,Autres services,26,20,49,False,False,,,False,True,True,sourced
100000556,Entreprise 00556 SAS,G,"Commerce, réparation auto",1,1,2,False,False,,,False,False,True,sourced
100000557,Entreprise 00557 SAS,F,Construction,11,10,19,False,False,,,False,False,False,sourced
100000558,Entreprise 00558 SAS,S,Autres services,10,10,19,False,False,,,False,False,True,sourced
100000559,Entreprise 00559 SAS,M,Activités spé. scientifiques/techniques,269,250,499,False,False,,,False,True,True,sourced
100000560,Entreprise 00560 SAS,M,Activités spé. scientifiques/techniques,49,20,49,False,False,,,False,True,False,contacted
100000561,Entreprise 00561 SAS,I,Hébergement et restauration,9,6,9,False,False,,,True,False,False,qualified
100000562,Entreprise 00562 SAS,M,Activités spé. scientifiques/techniques,1,1,2,False,False,,,False,False,True,rejected
100000563,Entreprise 00563 SAS,F,Construction,199,100,199,False,False,,,True,True,False,sourced
100000564,Entreprise 00564 SAS,G,"Commerce, réparation auto",230,200,249,False,False,,,False,False,False,sourced
100000565,Entreprise 00565 SAS,C,Industrie manufacturière,798,500,999,True,True,True,True,False,True,True,sourced
100000566,Entreprise 00566 SAS,J,Information et communication,18,10,19,False,False,,,False,True,True,sourced
100000567,Entreprise 00567 SAS,F,Construction,11,10,19,False,False,,,False,False,True,sourced
100000568,Entreprise 00568 SAS,G,"Commerce, réparation auto",752,500,999,True,True,False,,False,True,True,sourced
100000569,Entreprise 00569 SAS,S,Autres services,2,1,2,False,False,,,False,False,True,sourced
100000570,Entreprise 00570 SAS,C,Industrie manufacturière,4,3,5,False,False,,,False,False,True,sourced
100000571,Entreprise 00571 SAS,C,Industrie manufacturière,1,1,2,False,False,,,False,True,False,sourced
100000572,Entreprise 00572 SAS,M,Activités spé. scientifiques/techniques,33,20,49,False,False,,,True,False,False,sourced
100000573,Entreprise 00573 SAS,M,Activités spé. scientifiques/techniques,14,10,19,False,False,,,True,True,False,sourced
100000574,Entreprise 00574 SAS,H,Transports et entreposage,2843,2000,4999,True,True,True,True,False,True,True,contacted
100000575,Entreprise 00575 SAS,M,Activités spé. scientifiques/techniques,3,3,5,False,False,,,False,False,False,sourced
100000576,Entreprise 00576 SAS,M,Activités spé. scientifiques/techniques,14,10,19,False,False,,,False,True,True,qualified
100000577,Entreprise 00577 SAS,F,Construction,1012,1000,1999,True,False,,,False,False,False,sourced
100000578,Entreprise 00578 SAS,G,"Commerce, réparation auto",2,1,2,False,False,,,True,True,True,sourced
100000579,Entreprise 00579 SAS,H,Transports et entreposage,1,1,2,False,False,,,False,True,True,sourced
100000580,Entreprise 00580 SAS,S,Autres services,2145,2000,4999,True,True,True,False,False,False,True,sourced
100000581,Entreprise 00581 SAS,G,"Commerce, réparation auto",1,1,2,False,False,,,False,False,True,sourced
100000582,Entreprise 00582 SAS,Q,Santé humaine et action sociale,364,250,499,False,False,,,True,True,True,sourced
100000583,Entreprise 00583 SAS,C,Industrie manufacturière,229,200,249,False,False,,,False,True,True,sourced
100000584,Entreprise 00584 SAS,F,Construction,758,500,999,True,True,True,True,False,True,True,qualified
100000585,Entreprise 00585 SAS,C,Industrie manufacturière,109,100,199,False,False,,,True,True,True,sourced
100000586,Entreprise 00586 SAS,I,Hébergement et restauration,2,1,2,False,False,,,True,True,True,sourced
100000587,Entreprise 00587 SAS,H,Transports et entreposage,363,250,499,False,False,,,True,False,True,sourced
100000588,Entreprise 00588 SAS,K,Activités financières et assurance,19,10,19,False,False,,,False,True,True,sourced
100000589,Entreprise 00589 SAS,G,"Commerce, réparation auto",2,1,2,False,False,,,False,True,True,sourced
100000590,Entreprise 00590 SAS,F,Construction,12,10,19,False,False,,,False,True,True,sourced
100000591,Entreprise 00591 SAS,M,Activités spé. scientifiques/techniques,23,20,49,False,False,,,False,False,True,sourced
100000592,Entreprise 00592 SAS,C,Industrie manufacturière,57,50,99,False,False,,,True,True,False,qualified
100000593,Entreprise 00593 SAS,H,Transports et entreposage,1,1,2,False,False,,,False,False,False,contacted
100000594,Entreprise 00594 SAS,I,Hébergement et restauration,42,20,49,False,False,,,True,False,False,sourced
100000595,Entreprise 00595 SAS,N,Services administratifs et soutien,4,3,5,False,False,,,False,True,False,sourced
100000596,Entreprise 00596 SAS,M,Activités spé. scientifiques/techniques,11,10,19,False,False,,,False,True,True,sourced
100000597,Entreprise 00597 SAS,C,Industrie manufacturière,110,100,199,False,False,,,False,False,False,sourced
100000598,Entreprise 00598 SAS,Q,Santé humaine et action sociale,3,3,5,False,False,,,False,False,True,rejected
100000599,Entreprise 00599 SAS,M,Activités spé. scientifiques/techniques,1,1,2,False,False,,,False,False,True,sourced
100000600,Entreprise 00600 SAS,G,"Commerce, réparation auto",185,100,199,False,False,,,True,True,True,sourced
100000601,Entreprise 00601 SAS,M,Activités spé. scientifiques/techniques,2,1,2,False,False,,,False,True,False,sourced
100000602,Entreprise 00602 SAS,N,Services administratifs et soutien,167,100,199,False,False,,,False,False,False,sourced
100000603,Entreprise 00603 SAS,G,"Commerce, réparation auto",2,1,2,False,False,,,False,True,True,sourced
100000604,Entreprise 00604 SAS,N,Services administratifs et soutien,50,50,99,False,False,,,True,True,True,sourced
100000605,Entreprise 00605 SAS,F,Construction,51,50,99,False,False,,,False,True,False,contacted
100000606,Entreprise 00606 SAS,G,"Commerce, réparation auto",18,10,19,False,False,,,False,True,True,sourced
100000607,Entreprise 00607 SAS,F,Construction,30,20,49,False,False,,,True,False,True,sourced
100000608,Entreprise 00608 SAS,G,"Commerce, réparation auto",15,10,19,False,False,,,True,True,True,sourced
100000609,Entreprise 00609 SAS,F,Construction,1,1,2,False,False,,,False,False,False,qualified
100000610,Entreprise 00610 SAS,G,"Commerce, réparation auto",184,100,199,False,False,,,False,True,False,sourced
100000611,Entreprise 00611 SAS,F,Construction,1619,1000,1999,True,True,True,True,False,True,False,sourced
100000612,Entreprise 00612 SAS,M,Activités spé. scientifiques/techniques,102,100,199,False,False,,,True,False,False,contacted
100000613,Entreprise 00613 SAS,M,Activités spé. scientifiques/techniques,136,100,199,False,False,,,True,False,True,sourced
100000614,Entreprise 00614 SAS,G,"Commerce, réparation auto",6,6,9,False,False,,,False,False,True,sourced
100000615,Entreprise 00615 SAS,C,Industrie manufacturière,428,250,499,False,False,,,False,True,True,sourced
100000616,Entreprise 00616 SAS,N,Services administratifs et soutien,971,500,999,True,True,True,False,False,True,True,sourced
100000617,Entreprise 00617 SAS,S,Autres services,3,3,5,False,False,,,False,False,True,sourced
100000618,Entreprise 00618 SAS,Q,Santé humaine et action sociale,227,200,249,False,False,,,False,True,False,sourced
100000619,Entreprise 00619 SAS,S,Autres services,1053,1000,1999,True,False,,,False,False,True,sourced
100000620,Entreprise 00620 SAS,S,Autres services,556,500,999,True,True,False,,True,True,False,sourced
100000621,Entreprise 00621 SAS,G,"Commerce, réparation auto",54,50,99,False,False,,,False,True,True,sourced
100000622,Entreprise 00622 SAS,M,Activités spé. scientifiques/techniques,13,10,19,False,False,,,False,False,True,sourced
100000623,Entreprise 00623 SAS,F,Construction,572,500,999,True,True,False,,False,False,True,sourced
100000624,Entreprise 00624 SAS,H,Transports et entreposage,1202,1000,1999,True,True,True,True,False,True,True,qualified
100000625,Entreprise 00625 SAS,I,Hébergement et restauration,4,3,5,False,False,,,False,False,False,sourced
100000626,Entreprise 00626 SAS,S,Autres services,2,1,2,False,False,,,True,True,True,sourced
100000627,Entreprise 00627 SAS,F,Construction,3050,2000,4999,True,False,,,False,True,True,sourced
100000628,Entreprise 00628 SAS,C,Industrie manufacturière,1088,1000,1999,True,True,True,False,False,True,True,sourced
100000629,Entreprise 00629 SAS,M,Activités spé. scientifiques/techniques,704,500,999,True,True,False,,False,True,True,sourced
100000630,Entreprise 00630 SAS,M,Activités spé. scientifiques/techniques,6,6,9,False,False,,,True,False,True,sourced
100000631,Entreprise 00631 SAS,N,Services administratifs et soutien,41,20,49,False,False,,,True,True,True,sourced
100000632,Entreprise 00632 SAS,F,Construction,101,100,199,False,False,,,False,False,False,sourced
100000633,Entreprise 00633 SAS,G,"Commerce, réparation auto",13,10,19,False,False,,,True,False,True,sourced
100000634,Entreprise 00634 SAS,N,Services administratifs et soutien,530,500,999,True,True,True,True,False,False,False,sourced
100000635,Entreprise 00635 SAS,N,Services administratifs et soutien,941,500,999,True,True,True,False,False,True,True,sourced
100000636,Entreprise 00636 SAS,I,Hébergement et restauration,349,250,499,False,False,,,False,True,False,sourced
100000637,Entreprise 00637 SAS,N,Services administratifs et soutien,7,6,9,False,False,,,False,True,False,sourced
100000638,Entreprise 00638 SAS,G,"Commerce, réparation auto",3,3,5,False,False,,,False,True,True,sourced
100000639,Entreprise 00639 SAS,K,Activités financières et assurance,3,3,5,False,False,,,True,True,True,sourced
100000640,Entreprise 00640 SAS,F,Construction,22,20,49,False,False,,,False,True,False,sourced
100000641,Entreprise 00641 SAS,F,Construction,877,500,999,True,True,False,,False,False,True,sourced
100000642,Entreprise 00642 SAS,C,Industrie manufacturière,9,6,9,False,False,,,False,False,True,sourced
100000643,Entreprise 00643 SAS,G,"Commerce, réparation auto",1,1,2,False,False,,,True,True,True,sourced
100000644,Entreprise 00644 SAS,F,Construction,440,250,499,False,False,,,True,True,True,sourced
100000645,Entreprise 00645 SAS,H,Transports et entreposage,737,500,999,True,False,,,True,True,False,sourced
100000646,Entreprise 00646 SAS,F,Construction,1292,1000,1999,True,True,True,True,False,True,True,sourced
100000647,Entreprise 00647 SAS,H,Transports et entreposage,1,1,2,False,False,,,False,True,False,sourced
100000648,Entreprise 00648 SAS,K,Activités financières et assurance,7,6,9,False,False,,,True,True,True,sourced
100000649,Entreprise 00649 SAS,N,Services administratifs et soutien,10,10,19,False,False,,,False,True,False,sourced
100000650,Entreprise 00650 SAS,H,Transports et entreposage,1,1,2,False,False,,,True,True,True,sourced
100000651,Entreprise 00651 SAS,G,"Commerce, réparation auto",16,10,19,False,False,,,False,False,True,contacted
100000652,Entreprise 00652 SAS,J,Information et communication,379,250,499,False,False,,,False,False,True,sourced
100000653,Entreprise 00653 SAS,I,Hébergement et restauration,10,10,19,False,False,,,False,True,True,qualified
100000654,Entreprise 00654 SAS,S,Autres services,8,6,9,False,False,,,False,True,False,sourced
100000655,Entreprise 00655 SAS,G,"Commerce, réparation auto",1327,1000,1999,True,False,,,True,False,True,contacted
100000656,Entreprise 00656 SAS,I,Hébergement et restauration,7,6,9,False,False,,,False,True,True,sourced
100000657,Entreprise 00657 SAS,N,Services administratifs et soutien,2,1,2,False,False,,,False,True,True,sourced
100000658,Entreprise 00658 SAS,G,"Commerce, réparation auto",18,10,19,False,False,,,False,True,True,qualified
100000659,Entreprise 00659 SAS,N,Services administratifs et soutien,190,100,199,False,False,,,True,True,True,sourced
100000660,Entreprise 00660 SAS,J,Information et communication,539,500,999,True,True,True,True,False,True,False,sourced
100000661,Entreprise 00661 SAS,I,Hébergement et restauration,5,3,5,False,False,,,False,True,True,contacted
100000662,Entreprise 00662 SAS,F,Construction,413,250,499,False,False,,,False,False,False,sourced
100000663,Entreprise 00663 SAS,G,"Commerce, réparation auto",24,20,49,False,False,,,False,False,False,sourced
100000664,Entreprise 00664 SAS,H,Transports et entreposage,17,10,19,False,False,,,True,True,True,sourced
100000665,Entreprise 00665 SAS,H,Transports et entreposage,28,20,49,False,False,,,False,True,True,sourced
100000666,Entreprise 00666 SAS,G,"Commerce, réparation auto",15,10,19,False,False,,,False,False,True,sourced
100000667,Entreprise 00667 SAS,M,Activités spé. scientifiques/techniques,3061,2000,4999,True,True,True,True,False,True,False,sourced
100000668,Entreprise 00668 SAS,G,"Commerce, réparation auto",46,20,49,False,False,,,True,True,True,sourced
100000669,Entreprise 00669 SAS,F,Construction,3,3,5,False,False,,,True,True,True,sourced
100000670,Entreprise 00670 SAS,M,Activités spé. scientifiques/techniques,32,20,49,False,False,,,False,True,True,sourced
100000671,Entreprise 00671 SAS,H,Transports et entreposage,536,500,999,True,True,True,True,False,False,True,qualified
100000672,Entreprise 00672 SAS,Q,Santé humaine et action sociale,1,1,2,False,False,,,False,True,True,sourced
100000673,Entreprise 00673 SAS,C,Industrie manufacturière,1,1,2,False,False,,,False,True,True,sourced
100000674,Entreprise 00674 SAS,Q,Santé humaine et action sociale,25,20,49,False,False,,,False,False,True,rejected
100000675,Entreprise 00675 SAS,C,Industrie manufacturière,84,50,99,False,False,,,True,True,True,rejected
100000676,Entreprise 00676 SAS,S,Autres services,9,6,9,False,False,,,False,False,True,sourced
100000677,Entreprise 00677 SAS,G,"Commerce, réparation auto",8,6,9,False,False,,,False,True,True,sourced
100000678,Entreprise 00678 SAS,I,Hébergement et restauration,248,200,249,False,False,,,True,True,False,sourced
100000679,Entreprise 00679 SAS,F,Construction,3484,2000,4999,True,True,True,True,False,False,True,sourced
100000680,Entreprise 00680 SAS,S,Autres services,475,250,499,False,False,,,False,False,True,sourced
100000681,Entreprise 00681 SAS,F,Construction,1697,1000,1999,True,False,,,True,True,True,sourced
100000682,Entreprise 00682 SAS,C,Industrie manufacturière,1,1,2,False,False,,,False,False,False,sourced
100000683,Entreprise 00683 SAS,G,"Commerce, réparation auto",49,20,49,False,False,,,False,False,True,sourced
100000684,Entreprise 00684 SAS,J,Information et communication,1567,1000,1999,True,True,True,True,False,False,True,contacted
100000685,Entreprise 00685 SAS,F,Construction,1,1,2,False,False,,,True,False,True,sourced
100000686,Entreprise 00686 SAS,G,"Commerce, réparation auto",244,200,249,False,False,,,False,True,True,sourced
100000687,Entreprise 00687 SAS,F,Construction,2,1,2,False,False,,,False,False,True,qualified
100000688,Entreprise 00688 SAS,S,Autres services,7,6,9,False,False,,,True,False,False,sourced
100000689,Entreprise 00689 SAS,H,Transports et entreposage,204,200,249,False,False,,,True,True,True,sourced
100000690,Entreprise 00690 SAS,G,"Commerce, réparation auto",140,100,199,False,False,,,False,True,True,sourced
100000691,Entreprise 00691 SAS,F,Construction,108,100,199,False,False,,,False,False,True,qualified
100000692,Entreprise 00692 SAS,H,Transports et entreposage,373,250,499,False,False,,,False,False,True,sourced
100000693,Entreprise 00693 SAS,I,Hébergement et restauration,2,1,2,False,False,,,False,False,True,sourced
100000694,Entreprise 00694 SAS,I,Hébergement et restauration,4,3,5,False,False,,,True,True,False,sourced
100000695,Entreprise 00695 SAS,N,Services administratifs et soutien,30,20,49,False,False,,,True,True,True,sourced
100000696,Entreprise 00696 SAS,N,Services administratifs et soutien,11,10,19,False,False,,,True,True,True,sourced
100000697,Entreprise 00697 SAS,H,Transports et entreposage,3,3,5,False,False,,,False,False,True,sourced
100000698,Entreprise 00698 SAS,C,Industrie manufacturière,17,10,19,False,False,,,True,False,True,sourced
100000699,Entreprise 00699 SAS,G,"Commerce, réparation auto",3,3,5,False,False,,,False,False,True,sourced
100000700,Entreprise 00700 SAS,Q,Santé humaine et action sociale,6,6,9,False,False,,,False,False,True,sourced
100000701,Entreprise 00701 SAS,N,Services administratifs et soutien,8,6,9,False,False,,,False,True,True,sourced
100000702,Entreprise 00702 SAS,C,Industrie manufacturière,537,500,999,True,False,,,False,False,True,sourced
100000703,Entreprise 00703 SAS,G,"Commerce, réparation auto",100,100,199,False,False,,,False,False,True,sourced
100000704,Entreprise 00704 SAS,S,Autres services,252,250,499,False,False,,,False,True,False,sourced
100000705,Entreprise 00705 SAS,S,Autres services,2,1,2,False,False,,,True,True,True,contacted
100000706,Entreprise 00706 SAS,N,Services administratifs et soutien,1,1,2,False,False,,,True,False,True,sourced
100000707,Entreprise 00707 SAS,M,Activités spé. scientifiques/techniques,916,500,999,True,True,False,,True,False,True,sourced
100000708,Entreprise 00708 SAS,H,Transports et entreposage,3,3,5,False,False,,,False,True,True,sourced
100000709,Entreprise 00709 SAS,S,Autres services,3,3,5,False,False,,,False,False,True,sourced
100000710,Entreprise 00710 SAS,G,"Commerce, réparation auto",257,250,499,False,False,,,False,False,True,sourced
100000711,Entreprise 00711 SAS,S,Autres services,320,250,499,False,False,,,False,True,True,contacted
100000712,Entreprise 00712 SAS,F,Construction,626,500,999,True,False,,,True,True,True,sourced
100000713,Entreprise 00713 SAS,F,Construction,2,1,2,False,False,,,False,False,False,sourced
100000714,Entreprise 00714 SAS,C,Industrie manufacturière,580,500,999,True,False,,,False,False,True,contacted
100000715,Entreprise 00715 SAS,M,Activités spé. scientifiques/techniques,480,250,499,False,False,,,False,True,True,sourced
100000716,Entreprise 00716 SAS,C,Industrie manufacturière,614,500,999,True,True,False,,False,True,True,sourced
100000717,Entreprise 00717 SAS,M,Activités spé. scientifiques/techniques,150,100,199,False,False,,,False,True,True,sourced
100000718,Entreprise 00718 SAS,I,Hébergement et restauration,40,20,49,False,False,,,False,False,False,sourced
100000719,Entreprise 00719 SAS,M,Activités spé. scientifiques/techniques,2,1,2,False,False,,,False,False,False,sourced
100000720,Entreprise 00720 SAS,G,"Commerce, réparation auto",787,500,999,True,False,,,False,False,False,sourced
100000721,Entreprise 00721 SAS,F,Construction,1078,1000,1999,True,True,True,True,False,False,False,sourced
100000722,Entreprise 00722 SAS,S,Autres services,7,6,9,False,False,,,False,True,False,sourced
100000723,Entreprise 00723 SAS,I,Hébergement et restauration,45,20,49,False,False,,,True,False,False,sourced
100000724,Entreprise 00724 SAS,S,Autres services,411,250,499,False,False,,,False,False,True,sourced
100000725,Entreprise 00725 SAS,N,Services administratifs et soutien,27,20,49,False,False,,,True,False,True,contacted
100000726,Entreprise 00726 SAS,G,"Commerce, réparation auto",376,250,499,False,False,,,False,True,False,qualified
100000727,Entreprise 00727 SAS,S,Autres services,194,100,199,False,False,,,False,True,True,sourced
100000728,Entreprise 00728 SAS,F,Construction,716,500,999,True,False,,,False,False,True,sourced
100000729,Entreprise 00729 SAS,G,"Commerce, réparation auto",25,20,49,False,False,,,False,True,False,sourced
100000730,Entreprise 00730 SAS,N,Services administratifs et soutien,80,50,99,False,False,,,True,True,True,contacted
100000731,Entreprise 00731 SAS,S,Autres services,7,6,9,False,False,,,True,False,True,sourced
100000732,Entreprise 00732 SAS,N,Services administratifs et soutien,427,250,499,False,False,,,True,True,True,sourced
100000733,Entreprise 00733 SAS,G,"Commerce, réparation auto",250,250,499,False,False,,,False,True,False,sourced
100000734,Entreprise 00734 SAS,C,Industrie manufacturière,5,3,5,False,False,,,False,True,True,sourced
100000735,Entreprise 00735 SAS,G,"Commerce, réparation auto",15,10,19,False,False,,,False,False,True,sourced
100000736,Entreprise 00736 SAS,F,Construction,128,100,199,False,False,,,True,True,False,sourced
100000737,Entreprise 00737 SAS,J,Information et communication,3,3,5,False,False,,,False,True,True,sourced
100000738,Entreprise 00738 SAS,N,Services administratifs et soutien,269,250,499,False,False,,,False,False,False,sourced
100000739,Entreprise 00739 SAS,N,Services administratifs et soutien,2,1,2,False,False,,,False,True,False,sourced
100000740,Entreprise 00740 SAS,G,"Commerce, réparation auto",105,100,199,False,False,,,False,False,True,sourced
100000741,Entreprise 00741 SAS,C,Industrie manufacturière,7,6,9,False,False,,,True,False,True,sourced
100000742,Entreprise 00742 SAS,N,Services administratifs et soutien,467,250,499,False,False,,,True,True,True,sourced
100000743,Entreprise 00743 SAS,G,"Commerce, réparation auto",13,10,19,False,False,,,True,True,True,rejected
100000744,Entreprise 00744 SAS,C,Industrie manufacturière,34,20,49,False,False,,,True,True,False,sourced
100000745,Entreprise 00745 SAS,F,Construction,13,10,19,False,False,,,False,False,True,qualified
100000746,Entreprise 00746 SAS,J,Information et communication,66,50,99,False,False,,,False,False,True,sourced
100000747,Entreprise 00747 SAS,G,"Commerce, réparation auto",14,10,19,False,False,,,False,False,True,sourced
100000748,Entreprise 00748 SAS,F,Construction,284,250,499,False,False,,,False,True,False,sourced
100000749,Entreprise 00749 SAS,S,Autres services,5,3,5,False,False,,,False,False,True,sourced
100000750,Entreprise 00750 SAS,F,Construction,4,3,5,False,False,,,False,False,True,sourced
100000751,Entreprise 00751 SAS,M,Activités spé. scientifiques/techniques,5,3,5,False,False,,,False,False,True,sourced
100000752,Entreprise 00752 SAS,F,Construction,16,10,19,False,False,,,False,True,True,sourced
100000753,Entreprise 00753 SAS,N,Services administratifs et soutien,4,3,5,False,False,,,True,False,True,sourced
100000754,Entreprise 00754 SAS,G,"Commerce, réparation auto",1,1,2,False,False,,,False,True,True,sourced
100000755,Entreprise 00755 SAS,C,Industrie manufacturière,529,500,999,True,True,False,,False,False,True,sourced
100000756,Entreprise 00756 SAS,F,Construction,440,250,499,False,False,,,False,False,False,sourced
100000757,Entreprise 00757 SAS,G,"Commerce, réparation auto",6,6,9,False,False,,,True,True,True,sourced
100000758,Entreprise 00758 SAS,C,Industrie manufacturière,824,500,999,True,True,False,,False,False,False,sourced
100000759,Entreprise 00759 SAS,Q,Santé humaine et action sociale,6,6,9,False,False,,,True,False,True,contacted
100000760,Entreprise 00760 SAS,C,Industrie manufacturière,5,3,5,False,False,,,False,True,False,sourced
100000761,Entreprise 00761 SAS,J,Information et communication,5,3,5,False,False,,,True,True,True,qualified
100000762,Entreprise 00762 SAS,F,Construction,325,250,499,False,False,,,True,True,True,sourced
100000763,Entreprise 00763 SAS,H,Transports et entreposage,39,20,49,False,False,,,False,False,False,sourced
100000764,Entreprise 00764 SAS,G,"Commerce, réparation auto",774,500,999,True,True,False,,False,True,True,sourced
100000765,Entreprise 00765 SAS,S,Autres services,1,1,2,False,False,,,True,False,True,rejected
100000766,Entreprise 00766 SAS,M,Activités spé. scientifiques/techniques,558,500,999,True,True,True,True,True,True,True,qualified
100000767,Entreprise 00767 SAS,K,Activités financières et assurance,17,10,19,False,False,,,True,False,False,sourced
100000768,Entreprise 00768 SAS,G,"Commerce, réparation auto",50,50,99,False,False,,,True,False,True,sourced
100000769,Entreprise 00769 SAS,H,Transports et entreposage,100,100,199,False,False,,,False,False,True,sourced
100000770,Entreprise 00770 SAS,C,Industrie manufacturière,1098,1000,1999,True,False,,,False,False,True,sourced
100000771,Entreprise 00771 SAS,G,"Commerce, réparation auto",16,10,19,False,False,,,True,False,True,sourced
100000772,Entreprise 00772 SAS,C,Industrie manufacturière,711,500,999,True,False,,,False,False,True,sourced
100000773,Entreprise 00773 SAS,H,Transports et entreposage,14,10,19,False,False,,,True,False,True,contacted
100000774,Entreprise 00774 SAS,Q,Santé humaine et action sociale,18,10,19,False,False,,,False,True,True,sourced
100000775,Entreprise 00775 SAS,G,"Commerce, réparation auto",7,6,9,False,False,,,False,False,True,sourced
100000776,Entreprise 00776 SAS,I,Hébergement et restauration,4,3,5,False,False,,,False,True,True,sourced
100000777,Entreprise 00777 SAS,J,Information et communication,11,10,19,False,False,,,True,False,False,sourced
100000778,Entreprise 00778 SAS,F,Construction,5,3,5,False,False,,,False,False,False,sourced
100000779,Entreprise 00779 SAS,Q,Santé humaine et action sociale,4,3,5,False,False,,,False,True,True,sourced
100000780,Entreprise 00780 SAS,F,Construction,1,1,2,False,False,,,False,True,False,sourced
100000781,Entreprise 00781 SAS,G,"Commerce, réparation auto",6,6,9,False,False,,,False,False,True,contacted
100000782,Entreprise 00782 SAS,G,"Commerce, réparation auto",1,1,2,False,False,,,True,False,True,sourced
100000783,Entreprise 00783 SAS,F,Construction,770,500,999,True,True,True,True,False,False,True,sourced
100000784,Entreprise 00784 SAS,M,Activités spé. scientifiques/techniques,428,250,499,False,False,,,False,True,False,sourced
100000785,Entreprise 00785 SAS,F,Construction,260,250,499,False,False,,,False,True,True,sourced
100000786,Entreprise 00786 SAS,G,"Commerce, réparation auto",405,250,499,False,False,,,True,False,True,sourced
100000787,Entreprise 00787 SAS,F,Construction,24,20,49,False,False,,,False,False,True,sourced
100000788,Entreprise 00788 SAS,C,Industrie manufacturière,168,100,199,False,False,,,False,False,True,qualified
100000789,Entreprise 00789 SAS,S,Autres services,15,10,19,False,False,,,False,True,False,sourced
100000790,Entreprise 00790 SAS,M,Activités spé. scientifiques/techniques,17,10,19,False,False,,,True,True,True,qualified
100000791,Entreprise 00791 SAS,C,Industrie manufacturière,10,10,19,False,False,,,False,True,True,sourced
100000792,Entreprise 00792 SAS,N,Services administratifs et soutien,1442,1000,1999,True,False,,,False,True,True,sourced
100000793,Entreprise 00793 SAS,G,"Commerce, réparation auto",3,3,5,False,False,,,False,False,False,sourced
100000794,Entreprise 00794 SAS,M,Activités spé. scientifiques/techniques,2,1,2,False,False,,,True,True,True,sourced
100000795,Entreprise 00795 SAS,F,Construction,697,500,999,True,True,True,True,False,False,True,sourced
100000796,Entreprise 00796 SAS,S,Autres services,21,20,49,False,False,,,False,True,True,sourced
100000797,Entreprise 00797 SAS,M,Activités spé. scientifiques/techniques,3,3,5,False,False,,,False,False,True,sourced
100000798,Entreprise 00798 SAS,G,"Commerce, réparation auto",14,10,19,False,False,,,False,True,True,sourced
100000799,Entreprise 00799 SAS,Q,Santé humaine et action sociale,426,250,499,False,False,,,False,True,True,sourced
100000800,Entreprise 00800 SAS,M,Activités spé. scientifiques/techniques,844,500,999,True,True,False,,True,True,True,sourced
100000801,Entreprise 00801 SAS,G,"Commerce, réparation auto",330,250,499,False,False,,,False,True,True,sourced
100000802,Entreprise 00802 SAS,C,Industrie manufacturière,188,100,199,False,False,,,True,False,False,sourced
100000803,Entreprise 00803 SAS,I,Hébergement et restauration,702,500,999,True,True,True,True,True,False,False,sourced
100000804,Entreprise 00804 SAS,G,"Commerce, réparation auto",2,1,2,False,False,,,False,False,True,qualified
100000805,Entreprise 00805 SAS,F,Construction,73,50,99,False,False,,,True,True,True,sourced
100000806,Entreprise 00806 SAS,F,Construction,490,250,499,False,False,,,False,True,True,contacted
100000807,Entreprise 00807 SAS,G,"Commerce, réparation auto",527,500,999,True,True,True,False,True,False,False,sourced
100000808,Entreprise 00808 SAS,H,Transports et entreposage,630,500,999,True,True,False,,False,True,True,sourced
100000809,Entreprise 00809 SAS,M,Activités spé. scientifiques/techniques,27,20,49,False,False,,,False,False,False,sourced
100000810,Entreprise 00810 SAS,N,Services administratifs et soutien,69,50,99,False,False,,,True,False,True,sourced
100000811,Entreprise 00811 SAS,F,Construction,28,20,49,False,False,,,True,False,False,sourced
100000812,Entreprise 00812 SAS,S,Autres services,2,1,2,False,False,,,False,False,True,sourced
100000813,Entreprise 00813 SAS,G,"Commerce, réparation auto",44,20,49,False,False,,,True,False,True,sourced
100000814,Entreprise 00814 SAS,N,Services administratifs et soutien,128,100,199,False,False,,,False,False,True,qualified
100000815,Entreprise 00815 SAS,G,"Commerce, réparation auto",773,500,999,True,False,,,False,True,True,sourced
100000816,Entreprise 00816 SAS,S,Autres services,60,50,99,False,False,,,True,True,False,contacted
100000817,Entreprise 00817 SAS,S,Autres services,334,250,499,False,False,,,False,False,True,sourced
100000818,Entreprise 00818 SAS,C,Industrie manufacturière,8,6,9,False,False,,,False,False,True,sourced
100000819,Entreprise 00819 SAS,I,Hébergement et restauration,5,3,5,False,False,,,False,True,False,sourced
100000820,Entreprise 00820 SAS,F,Construction,1288,1000,1999,True,True,False,,False,True,True,qualified
100000821,Entreprise 00821 SAS,N,Services administratifs et soutien,1,1,2,False,False,,,False,True,True,sourced
100000822,Entreprise 00822 SAS,S,Autres services,478,250,499,False,False,,,True,False,True,sourced
100000823,Entreprise 00823 SAS,C,Industrie manufacturière,14,10,19,False,False,,,False,False,True,contacted
100000824,Entreprise 00824 SAS,Q,Santé humaine et action sociale,20,20,49,False,False,,,False,True,True,sourced
100000825,Entreprise 00825 SAS,F,Construction,3598,2000,4999,True,False,,,True,False,True,sourced
100000826,Entreprise 00826 SAS,K,Activités financières et assurance,624,500,999,True,False,,,False,True,True,sourced
100000827,Entreprise 00827 SAS,F,Construction,1135,1000,1999,True,True,True,False,True,True,True,contacted
100000828,Entreprise 00828 SAS,G,"Commerce, réparation auto",1,1,2,False,False,,,False,False,True,sourced
100000829,Entreprise 00829 SAS,G,"Commerce, réparation auto",6,6,9,False,False,,,True,True,True,sourced
100000830,Entreprise 00830 SAS,F,Construction,209,200,249,False,False,,,True,False,True,sourced
100000831,Entreprise 00831 SAS,G,"Commerce, réparation auto",5,3,5,False,False,,,False,False,False,sourced
100000832,Entreprise 00832 SAS,F,Construction,307,250,499,False,False,,,False,True,True,sourced
100000833,Entreprise 00833 SAS,H,Transports et entreposage,709,500,999,True,False,,,False,False,True,sourced
100000834,Entreprise 00834 SAS,I,Hébergement et restauration,59,50,99,False,False,,,False,True,True,sourced
100000835,Entreprise 00835 SAS,S,Autres services,1,1,2,False,False,,,False,False,True,sourced
100000836,Entreprise 00836 SAS,S,Autres services,2,1,2,False,False,,,False,False,True,sourced
100000837,Entreprise 00837 SAS,N,Services administratifs et soutien,3,3,5,False,False,,,False,True,True,sourced
100000838,Entreprise 00838 SAS,N,Services administratifs et soutien,342,250,499,False,False,,,False,False,False,sourced
100000839,Entreprise 00839 SAS,G,"Commerce, réparation auto",2,1,2,False,False,,,True,False,True,sourced
100000840,Entreprise 00840 SAS,F,Construction,181,100,199,False,False,,,False,False,True,contacted
100000841,Entreprise 00841 SAS,G,"Commerce, réparation auto",31,20,49,False,False,,,False,True,False,sourced
100000842,Entreprise 00842 SAS,N,Services administratifs et soutien,178,100,199,False,False,,,True,True,True,sourced
100000843,Entreprise 00843 SAS,F,Construction,793,500,999,True,True,True,False,False,True,True,sourced
100000844,Entreprise 00844 SAS,M,Activités spé. scientifiques/techniques,67,50,99,False,False,,,True,True,True,sourced
100000845,Entreprise 00845 SAS,Q,Santé humaine et action sociale,22,20,49,False,False,,,False,True,True,sourced
100000846,Entreprise 00846 SAS,K,Activités financières et assurance,6,6,9,False,False,,,False,False,True,sourced
100000847,Entreprise 00847 SAS,J,Information et communication,746,500,999,True,True,False,,True,False,True,sourced
100000848,Entreprise 00848 SAS,K,Activités financières et assurance,15,10,19,False,False,,,False,False,True,sourced
100000849,Entreprise 00849 SAS,F,Construction,2222,2000,4999,True,True,True,False,True,True,True,sourced
100000850,Entreprise 00850 SAS,J,Information et communication,39,20,49,False,False,,,False,False,False,qualified
100000851,Entreprise 00851 SAS,G,"Commerce, réparation auto",7,6,9,False,False,,,False,True,False,sourced
100000852,Entreprise 00852 SAS,G,"Commerce, réparation auto",4,3,5,False,False,,,False,False,False,sourced
100000853,Entreprise 00853 SAS,F,Construction,1,1,2,False,False,,,True,True,True,sourced
100000854,Entreprise 00854 SAS,I,Hébergement et restauration,57,50,99,False,False,,,True,True,True,rejected
100000855,Entreprise 00855 SAS,F,Construction,290,250,499,False,False,,,False,False,False,sourced
100000856,Entreprise 00856 SAS,M,Activités spé. scientifiques/techniques,2583,2000,4999,True,True,False,,False,True,True,sourced
100000857,Entreprise 00857 SAS,G,"Commerce, réparation auto",1,1,2,False,False,,,True,False,False,sourced
100000858,Entreprise 00858 SAS,G,"Commerce, réparation auto",80,50,99,False,False,,,True,True,True,qualified
100000859,Entreprise 00859 SAS,N,Services administratifs et soutien,6,6,9,False,False,,,False,False,True,sourced
100000860,Entreprise 00860 SAS,I,Hébergement et restauration,3,3,5,False,False,,,False,False,False,sourced
100000861,Entreprise 00861 SAS,G,"Commerce, réparation auto",874,500,999,True,False,,,True,True,True,sourced
100000862,Entreprise 00862 SAS,F,Construction,6,6,9,False,False,,,False,False,True,sourced
100000863,Entreprise 00863 SAS,G,"Commerce, réparation auto",52,50,99,False,False,,,False,False,True,sourced
100000864,Entreprise 00864 SAS,Q,Santé humaine et action sociale,1,1,2,False,False,,,True,False,False,sourced
100000865,Entreprise 00865 SAS,F,Construction,12,10,19,False,False,,,False,False,False,sourced
100000866,Entreprise 00866 SAS,M,Activités spé. scientifiques/techniques,1,1,2,False,False,,,True,True,False,sourced
100000867,Entreprise 00867 SAS,I,Hébergement et restauration,10,10,19,False,False,,,False,True,False,qualified
100000868,Entreprise 00868 SAS,Q,Santé humaine et action sociale,259,250,499,False,False,,,False,True,True,sourced
100000869,Entreprise 00869 SAS,F,Construction,205,200,249,False,False,,,False,False,True,sourced
100000870,Entreprise 00870 SAS,M,Activités spé. scientifiques/techniques,13,10,19,False,False,,,False,False,True,sourced
100000871,Entreprise 00871 SAS,I,Hébergement et restauration,22,20,49,False,False,,,False,True,True,sourced
100000872,Entreprise 00872 SAS,F,Construction,7,6,9,False,False,,,False,True,True,qualified
100000873,Entreprise 00873 SAS,M,Activités spé. scientifiques/techniques,2,1,2,False,False,,,False,True,True,qualified
100000874,Entreprise 00874 SAS,F,Construction,3950,2000,4999,True,True,True,True,False,False,True,contacted
100000875,Entreprise 00875 SAS,N,Services administratifs et soutien,244,200,249,False,False,,,False,True,True,qualified
100000876,Entreprise 00876 SAS,F,Construction,16,10,19,False,False,,,False,True,True,sourced
100000877,Entreprise 00877 SAS,H,Transports et entreposage,470,250,499,False,False,,,False,True,True,sourced
100000878,Entreprise 00878 SAS,Q,Santé humaine et action sociale,43,20,49,False,False,,,True,False,True,sourced
100000879,Entreprise 00879 SAS,S,Autres services,147,100,199,False,False,,,False,False,True,sourced
100000880,Entreprise 00880 SAS,S,Autres services,1,1,2,False,False,,,False,True,False,sourced
100000881,Entreprise 00881 SAS,F,Construction,9,6,9,False,False,,,True,True,True,sourced
100000882,Entreprise 00882 SAS,G,"Commerce, réparation auto",4,3,5,False,False,,,True,True,False,sourced
100000883,Entreprise 00883 SAS,G,"Commerce, réparation auto",42,20,49,False,False,,,False,False,True,sourced
100000884,Entreprise 00884 SAS,N,Services administratifs et soutien,26,20,49,False,False,,,False,True,True,contacted
100000885,Entreprise 00885 SAS,G,"Commerce, réparation auto",3,3,5,False,False,,,False,True,True,sourced
100000886,Entreprise 00886 SAS,S,Autres services,1,1,2,False,False,,,False,True,True,rejected
100000887,Entreprise 00887 SAS,M,Activités spé. scientifiques/techniques,1,1,2,False,False,,,True,False,False,sourced
100000888,Entreprise 00888 SAS,G,"Commerce, réparation auto",7,6,9,False,False,,,False,True,True,sourced
100000889,Entreprise 00889 SAS,F,Construction,12,10,19,False,False,,,False,True,True,sourced
100000890,Entreprise 00890 SAS,F,Construction,9,6,9,False,False,,,False,True,False,qualified
100000891,Entreprise 00891 SAS,S,Autres services,5,3,5,False,False,,,False,True,False,sourced
100000892,Entreprise 00892 SAS,M,Activités spé. scientifiques/techniques,2,1,2,False,False,,,False,True,True,sourced
100000893,Entreprise 00893 SAS,F,Construction,41,20,49,False,False,,,False,False,True,sourced
100000894,Entreprise 00894 SAS,C,Industrie manufacturière,502,500,999,True,False,,,False,True,True,qualified
100000895,Entreprise 00895 SAS,S,Autres services,331,250,499,False,False,,,True,True,False,sourced
100000896,Entreprise 00896 SAS,Q,Santé humaine et action sociale,90,50,99,False,False,,,False,False,True,sourced
100000897,Entreprise 00897 SAS,G,"Commerce, réparation auto",5,3,5,False,False,,,False,True,True,qualified
100000898,Entreprise 00898 SAS,F,Construction,50,50,99,False,False,,,False,True,True,sourced
100000899,Entreprise 00899 SAS,Q,Santé humaine et action sociale,21,20,49,False,False,,,False,True,False,sourced
100000900,Entreprise 00900 SAS,N,Services administratifs et soutien,46,20,49,False,False,,,False,False,False,sourced
100000901,Entreprise 00901 SAS,N,Services administratifs et soutien,719,500,999,True,False,,,False,True,False,sourced
100000902,Entreprise 00902 SAS,G,"Commerce, réparation auto",646,500,999,True,False,,,False,False,True,contacted
100000903,Entreprise 00903 SAS,F,Construction,613,500,999,True,True,True,True,False,False,False,sourced
100000904,Entreprise 00904 SAS,S,Autres services,107,100,199,False,False,,,True,False,True,contacted
100000905,Entreprise 00905 SAS,S,Autres services,13,10,19,False,False,,,False,False,False,sourced
100000906,Entreprise 00906 SAS,I,Hébergement et restauration,47,20,49,False,False,,,False,False,True,sourced
100000907,Entreprise 00907 SAS,C,Industrie manufacturière,3,3,5,False,False,,,False,False,True,sourced
100000908,Entreprise 00908 SAS,G,"Commerce, réparation auto",16,10,19,False,False,,,True,True,True,sourced
100000909,Entreprise 00909 SAS,F,Construction,28,20,49,False,False,,,True,False,True,contacted
100000910,Entreprise 00910 SAS,K,Activités financières et assurance,536,500,999,True,True,True,True,False,True,True,sourced
100000911,Entreprise 00911 SAS,C,Industrie manufacturière,2067,2000,4999,True,True,True,True,False,False,True,sourced
100000912,Entreprise 00912 SAS,G,"Commerce, réparation auto",3,3,5,False,False,,,False,False,True,qualified
100000913,Entreprise 00913 SAS,G,"Commerce, réparation auto",465,250,499,False,False,,,False,True,False,sourced
100000914,Entreprise 00914 SAS,G,"Commerce, réparation auto",1,1,2,False,False,,,True,False,True,sourced
100000915,Entreprise 00915 SAS,I,Hébergement et restauration,412,250,499,False,False,,,False,True,True,sourced
100000916,Entreprise 00916 SAS,I,Hébergement et restauration,3,3,5,False,False,,,False,True,True,sourced
100000917,Entreprise 00917 SAS,G,"Commerce, réparation auto",2,1,2,False,False,,,True,True,True,contacted
100000918,Entreprise 00918 SAS,C,Industrie manufacturière,22,20,49,False,False,,,False,False,True,sourced
100000919,Entreprise 00919 SAS,C,Industrie manufacturière,753,500,999,True,True,True,True,False,False,False,sourced
100000920,Entreprise 00920 SAS,G,"Commerce, réparation auto",10,10,19,False,False,,,False,False,True,sourced
100000921,Entreprise 00921 SAS,S,Autres services,16,10,19,False,False,,,False,True,True,sourced
100000922,Entreprise 00922 SAS,N,Services administratifs et soutien,420,250,499,False,False,,,True,True,True,sourced
100000923,Entreprise 00923 SAS,M,Activités spé. scientifiques/techniques,8,6,9,False,False,,,True,True,True,sourced
100000924,Entreprise 00924 SAS,F,Construction,937,500,999,True,False,,,False,True,True,sourced
100000925,Entreprise 00925 SAS,H,Transports et entreposage,702,500,999,True,False,,,False,True,True,sourced
100000926,Entreprise 00926 SAS,I,Hébergement et restauration,3,3,5,False,False,,,True,True,True,sourced
100000927,Entreprise 00927 SAS,G,"Commerce, réparation auto",124,100,199,False,False,,,False,False,True,sourced
100000928,Entreprise 00928 SAS,G,"Commerce, réparation auto",19,10,19,False,False,,,False,True,True,sourced
100000929,Entreprise 00929 SAS,S,Autres services,5,3,5,False,False,,,True,False,True,sourced
100000930,Entreprise 00930 SAS,K,Activités financières et assurance,12,10,19,False,False,,,False,False,False,sourced
100000931,Entreprise 00931 SAS,C,Industrie manufacturière,27,20,49,False,False,,,False,True,False,sourced
100000932,Entreprise 00932 SAS,I,Hébergement et restauration,13,10,19,False,False,,,False,False,False,sourced
100000933,Entreprise 00933 SAS,S,Autres services,211,200,249,False,False,,,False,False,True,sourced
100000934,Entreprise 00934 SAS,H,Transports et entreposage,32,20,49,False,False,,,False,False,True,qualified
100000935,Entreprise 00935 SAS,C,Industrie manufacturière,56,50,99,False,False,,,False,True,True,sourced
100000936,Entreprise 00936 SAS,M,Activités spé. scientifiques/techniques,1052,1000,1999,True,True,False,,True,False,False,sourced
100000937,Entreprise 00937 SAS,F,Construction,1,1,2,False,False,,,False,True,True,sourced
100000938,Entreprise 00938 SAS,M,Activités spé. scientifiques/techniques,258,250,499,False,False,,,False,False,False,sourced
100000939,Entreprise 00939 SAS,C,Industrie manufacturière,28,20,49,False,False,,,False,False,True,sourced
100000940,Entreprise 00940 SAS,H,Transports et entreposage,64,50,99,False,False,,,False,True,True,sourced
100000941,Entreprise 00941 SAS,N,Services administratifs et soutien,7,6,9,False,False,,,False,True,False,sourced
100000942,Entreprise 00942 SAS,M,Activités spé. scientifiques/techniques,962,500,999,True,True,True,True,True,True,True,qualified
100000943,Entreprise 00943 SAS,C,Industrie manufacturière,13,10,19,False,False,,,True,False,True,sourced
100000944,Entreprise 00944 SAS,N,Services administratifs et soutien,526,500,999,True,False,,,True,False,True,sourced
100000945,Entreprise 00945 SAS,G,"Commerce, réparation auto",32,20,49,False,False,,,False,False,True,sourced
100000946,Entreprise 00946 SAS,N,Services administratifs et soutien,426,250,499,False,False,,,False,False,True,sourced
100000947,Entreprise 00947 SAS,S,Autres services,2,1,2,False,False,,,False,True,False,qualified
100000948,Entreprise 00948 SAS,Q,Santé humaine et action sociale,100,100,199,False,False,,,True,False,False,sourced
100000949,Entreprise 00949 SAS,F,Construction,82,50,99,False,False,,,False,True,False,sourced
100000950,Entreprise 00950 SAS,G,"Commerce, réparation auto",26,20,49,False,False,,,False,True,True,sourced
100000951,Entreprise 00951 SAS,I,Hébergement et restauration,22,20,49,False,False,,,False,False,False,sourced
100000952,Entreprise 00952 SAS,C,Industrie manufacturière,58,50,99,False,False,,,False,True,True,sourced
100000953,Entreprise 00953 SAS,I,Hébergement et restauration,58,50,99,False,False,,,False,False,True,sourced
100000954,Entreprise 00954 SAS,M,Activités spé. scientifiques/techniques,53,50,99,False,False,,,False,True,True,sourced
100000955,Entreprise 00955 SAS,Q,Santé humaine et action sociale,26,20,49,False,False,,,False,True,True,sourced
100000956,Entreprise 00956 SAS,G,"Commerce, réparation auto",2623,2000,4999,True,True,True,True,False,True,True,sourced
100000957,Entreprise 00957 SAS,Q,Santé humaine et action sociale,5,3,5,False,False,,,False,False,True,sourced
100000958,Entreprise 00958 SAS,S,Autres services,2,1,2,False,False,,,False,False,False,sourced
100000959,Entreprise 00959 SAS,C,Industrie manufacturière,556,500,999,True,False,,,True,False,True,sourced
100000960,Entreprise 00960 SAS,S,Autres services,147,100,199,False,False,,,False,True,True,rejected
100000961,Entreprise 00961 SAS,Q,Santé humaine et action sociale,9,6,9,False,False,,,False,False,True,qualified
100000962,Entreprise 00962 SAS,N,Services administratifs et soutien,489,250,499,False,False,,,False,True,True,sourced
100000963,Entreprise 00963 SAS,C,Industrie manufacturière,690,500,999,True,False,,,False,False,True,sourced
100000964,Entreprise 00964 SAS,M,Activités spé. scientifiques/techniques,56,50,99,False,False,,,False,True,False,sourced
100000965,Entreprise 00965 SAS,G,"Commerce, réparation auto",9,6,9,False,False,,,False,True,False,qualified
100000966,Entreprise 00966 SAS,G,"Commerce, réparation auto",328,250,499,False,False,,,True,False,True,sourced
100000967,Entreprise 00967 SAS,M,Activités spé. scientifiques/techniques,1809,1000,1999,True,False,,,False,False,True,rejected
100000968,Entreprise 00968 SAS,F,Construction,7,6,9,False,False,,,False,True,True,sourced
100000969,Entreprise 00969 SAS,M,Activités spé. scientifiques/techniques,872,500,999,True,True,True,True,False,True,False,qualified
100000970,Entreprise 00970 SAS,I,Hébergement et restauration,11,10,19,False,False,,,False,False,False,sourced
100000971,Entreprise 00971 SAS,I,Hébergement et restauration,74,50,99,False,False,,,False,True,True,qualified
100000972,Entreprise 00972 SAS,I,Hébergement et restauration,921,500,999,True,False,,,False,True,False,contacted
100000973,Entreprise 00973 SAS,F,Construction,11,10,19,False,False,,,False,False,True,sourced
100000974,Entreprise 00974 SAS,G,"Commerce, réparation auto",247,200,249,False,False,,,False,True,False,qualified
100000975,Entreprise 00975 SAS,M,Activités spé. scientifiques/techniques,2,1,2,False,False,,,False,False,False,sourced
100000976,Entreprise 00976 SAS,F,Construction,141,100,199,False,False,,,True,False,False,sourced
100000977,Entreprise 00977 SAS,F,Construction,5,3,5,False,False,,,False,True,False,contacted
100000978,Entreprise 00978 SAS,F,Construction,50,50,99,False,False,,,False,False,True,qualified
100000979,Entreprise 00979 SAS,G,"Commerce, réparation auto",2,1,2,False,False,,,False,False,True,rejected
100000980,Entreprise 00980 SAS,G,"Commerce, réparation auto",262,250,499,False,False,,,False,True,False,sourced
100000981,Entreprise 00981 SAS,M,Activités spé. scientifiques/techniques,651,500,999,True,False,,,False,True,True,sourced
100000982,Entreprise 00982 SAS,H,Transports et entreposage,1467,1000,1999,True,True,True,True,False,True,True,qualified
100000983,Entreprise 00983 SAS,Q,Santé humaine et action sociale,11,10,19,False,False,,,False,False,True,sourced
100000984,Entreprise 00984 SAS,M,Activités spé. scientifiques/techniques,7,6,9,False,False,,,False,False,False,sourced
100000985,Entreprise 00985 SAS,N,Services administratifs et soutien,66,50,99,False,False,,,True,True,False,sourced
100000986,Entreprise 00986 SAS,M,Activités spé. scientifiques/techniques,123,100,199,False,False,,,False,True,True,sourced
100000987,Entreprise 00987 SAS,M,Activités spé. scientifiques/techniques,164,100,199,False,False,,,False,False,False,sourced
100000988,Entreprise 00988 SAS,N,Services administratifs et soutien,8,6,9,False,False,,,True,True,True,contacted
100000989,Entreprise 00989 SAS,S,Autres services,6,6,9,False,False,,,False,False,True,qualified
100000990,Entreprise 00990 SAS,F,Construction,45,20,49,False,False,,,False,False,False,rejected
100000991,Entreprise 00991 SAS,F,Construction,3,3,5,False,False,,,False,True,True,qualified
100000992,Entreprise 00992 SAS,G,"Commerce, réparation auto",1938,1000,1999,True,True,True,False,True,True,True,sourced
100000993,Entreprise 00993 SAS,M,Activités spé. scientifiques/techniques,67,50,99,False,False,,,True,True,False,sourced
100000994,Entreprise 00994 SAS,C,Industrie manufacturière,475,250,499,False,False,,,False,False,False,sourced
100000995,Entreprise 00995 SAS,F,Construction,688,500,999,True,True,True,True,False,True,True,sourced
100000996,Entreprise 00996 SAS,G,"Commerce, réparation auto",256,250,499,False,False,,,False,False,True,sourced
100000997,Entreprise 00997 SAS,G,"Commerce, réparation auto",524,500,999,True,False,,,False,True,True,sourced
100000998,Entreprise 00998 SAS,J,Information et communication,493,250,499,False,False,,,True,True,True,sourced
100000999,Entreprise 00999 SAS,F,Construction,23,20,49,False,False,,,True,True,False,contacted
100001000,Entreprise 01000 SAS,Q,Santé humaine et action sociale,81,50,99,False,False,,,False,True,True,rejected
100001001,Entreprise 01001 SAS,F,Construction,4,3,5,False,False,,,False,True,False,sourced
100001002,Entreprise 01002 SAS,S,Autres services,79,50,99,False,False,,,False,False,True,sourced
100001003,Entreprise 01003 SAS,C,Industrie manufacturière,2091,2000,4999,True,False,,,True,False,True,sourced
100001004,Entreprise 01004 SAS,S,Autres services,3,3,5,False,False,,,False,True,True,sourced
100001005,Entreprise 01005 SAS,Q,Santé humaine et action sociale,37,20,49,False,False,,,False,True,True,sourced
100001006,Entreprise 01006 SAS,S,Autres services,128,100,199,False,False,,,False,False,False,sourced
100001007,Entreprise 01007 SAS,F,Construction,406,250,499,False,False,,,False,False,False,qualified
100001008,Entreprise 01008 SAS,I,Hébergement et restauration,127,100,199,False,False,,,False,True,True,sourced
100001009,Entreprise 01009 SAS,M,Activités spé. scientifiques/techniques,614,500,999,True,True,True,True,False,False,True,contacted
100001010,Entreprise 01010 SAS,H,Transports et entreposage,1064,1000,1999,True,False,,,False,False,False,sourced
100001011,Entreprise 01011 SAS,H,Transports et entreposage,54,50,99,False,False,,,False,True,True,sourced
100001012,Entreprise 01012 SAS,N,Services administratifs et soutien,17,10,19,False,False,,,True,True,True,sourced
100001013,Entreprise 01013 SAS,C,Industrie manufacturière,142,100,199,False,False,,,False,False,True,sourced
100001014,Entreprise 01014 SAS,I,Hébergement et restauration,58,50,99,False,False,,,True,True,True,sourced
100001015,Entreprise 01015 SAS,S,Autres services,2,1,2,False,False,,,True,True,False,sourced
100001016,Entreprise 01016 SAS,M,Activités spé. scientifiques/techniques,9,6,9,False,False,,,False,True,True,sourced
100001017,Entreprise 01017 SAS,H,Transports et entreposage,752,500,999,True,True,False,,False,False,False,sourced
100001018,Entreprise 01018 SAS,S,Autres services,951,500,999,True,False,,,False,False,True,contacted
100001019,Entreprise 01019 SAS,G,"Commerce, réparation auto",2159,2000,4999,True,True,True,True,True,False,False,sourced
100001020,Entreprise 01020 SAS,F,Construction,26,20,49,False,False,,,False,True,True,sourced
100001021,Entreprise 01021 SAS,N,Services administratifs et soutien,10,10,19,False,False,,,False,False,False,sourced
100001022,Entreprise 01022 SAS,J,Information et communication,11,10,19,False,False,,,False,True,False,sourced
100001023,Entreprise 01023 SAS,Q,Santé humaine et action sociale,669,500,999,True,True,False,,False,False,True,sourced
100001024,Entreprise 01024 SAS,M,Activités spé. scientifiques/techniques,11,10,19,False,False,,,False,True,True,contacted
100001025,Entreprise 01025 SAS,G,"Commerce, réparation auto",17,10,19,False,False,,,False,False,True,sourced
100001026,Entreprise 01026 SAS,C,Industrie manufacturière,1,1,2,False,False,,,False,True,True,sourced
100001027,Entreprise 01027 SAS,N,Services administratifs et soutien,2,1,2,False,False,,,False,True,True,sourced
100001028,Entreprise 01028 SAS,J,Information et communication,6,6,9,False,False,,,False,True,False,sourced
100001029,Entreprise 01029 SAS,S,Autres services,2,1,2,False,False,,,False,True,False,sourced
100001030,Entreprise 01030 SAS,C,Industrie manufacturière,282,250,499,False,False,,,True,True,False,qualified
100001031,Entreprise 01031 SAS,Q,Santé humaine et action sociale,3,3,5,False,False,,,False,False,True,qualified
100001032,Entreprise 01032 SAS,N,Services administratifs et soutien,1,1,2,False,False,,,False,False,True,sourced
100001033,Entreprise 01033 SAS,F,Construction,1676,1000,1999,True,False,,,False,True,True,sourced
100001034,Entreprise 01034 SAS,S,Autres services,173,100,199,False,False,,,False,True,True,sourced
100001035,Entreprise 01035 SAS,M,Activités spé. scientifiques/techniques,29,20,49,False,False,,,False,True,False,sourced
100001036,Entreprise 01036 SAS,G,"Commerce, réparation auto",105,100,199,False,False,,,False,True,False,sourced
100001037,Entreprise 01037 SAS,C,Industrie manufacturière,51,50,99,False,False,,,True,False,False,sourced
100001038,Entreprise 01038 SAS,K,Activités financières et assurance,676,500,999,True,False,,,False,True,True,sourced
100001039,Entreprise 01039 SAS,M,Activités spé. scientifiques/techniques,721,500,999,True,False,,,True,True,False,contacted
100001040,Entreprise 01040 SAS,C,Industrie manufacturière,9,6,9,False,False,,,True,False,False,sourced
100001041,Entreprise 01041 SAS,F,Construction,2,1,2,False,False,,,False,False,False,sourced
100001042,Entreprise 01042 SAS,J,Information et communication,22,20,49,False,False,,,False,True,True,sourced
100001043,Entreprise 01043 SAS,G,"Commerce, réparation auto",3,3,5,False,False,,,True,False,True,sourced
100001044,Entreprise 01044 SAS,M,Activités spé. scientifiques/techniques,533,500,999,True,False,,,False,False,True,sourced
100001045,Entreprise 01045 SAS,F,Construction,39,20,49,False,False,,,False,True,True,sourced
100001046,Entreprise 01046 SAS,H,Transports et entreposage,291,250,499,False,False,,,True,False,False,sourced
100001047,Entreprise 01047 SAS,J,Information et communication,6,6,9,False,False,,,False,False,True,sourced
100001048,Entreprise 01048 SAS,M,Activités spé. scientifiques/techniques,3,3,5,False,False,,,True,False,True,sourced
100001049,Entreprise 01049 SAS,F,Construction,4,3,5,False,False,,,True,False,True,sourced
100001050,Entreprise 01050 SAS,Q,Santé humaine et action sociale,2023,2000,4999,True,True,True,True,False,False,True,sourced
100001051,Entreprise 01051 SAS,C,Industrie manufacturière,14,10,19,False,False,,,True,True,True,contacted
100001052,Entreprise 01052 SAS,N,Services administratifs et soutien,287,250,499,False,False,,,False,False,True,sourced
100001053,Entreprise 01053 SAS,M,Activités spé. scientifiques/techniques,6,6,9,False,False,,,True,False,True,sourced
100001054,Entreprise 01054 SAS,M,Activités spé. scientifiques/techniques,325,250,499,False,False,,,True,False,True,qualified
100001055,Entreprise 01055 SAS,G,"Commerce, réparation auto",87,50,99,False,False,,,False,True,False,sourced
100001056,Entreprise 01056 SAS,Q,Santé humaine et action sociale,9,6,9,False,False,,,False,True,True,sourced
100001057,Entreprise 01057 SAS,C,Industrie manufacturière,34,20,49,False,False,,,False,False,True,sourced
100001058,Entreprise 01058 SAS,G,"Commerce, réparation auto",186,100,199,False,False,,,False,True,True,sourced
100001059,Entreprise 01059 SAS,N,Services administratifs et soutien,18,10,19,False,False,,,True,False,False,sourced
100001060,Entreprise 01060 SAS,M,Activités spé. scientifiques/techniques,23,20,49,False,False,,,True,False,True,contacted
100001061,Entreprise 01061 SAS,G,"Commerce, réparation auto",27,20,49,False,False,,,True,True,True,sourced
100001062,Entreprise 01062 SAS,I,Hébergement et restauration,13,10,19,False,False,,,False,True,False,qualified
100001063,Entreprise 01063 SAS,N,Services administratifs et soutien,1,1,2,False,False,,,True,False,True,sourced
100001064,Entreprise 01064 SAS,G,"Commerce, réparation auto",20,20,49,False,False,,,False,True,True,sourced
100001065,Entreprise 01065 SAS,N,Services administratifs et soutien,94,50,99,False,False,,,False,True,False,sourced
100001066,Entreprise 01066 SAS,G,"Commerce, réparation auto",42,20,49,False,False,,,False,False,False,sourced
100001067,Entreprise 01067 SAS,F,Construction,33,20,49,False,False,,,False,True,True,sourced
100001068,Entreprise 01068 SAS,C,Industrie manufacturière,39,20,49,False,False,,,False,False,True,sourced
100001069,Entreprise 01069 SAS,G,"Commerce, réparation auto",4,3,5,False,False,,,False,False,True,sourced
100001070,Entreprise 01070 SAS,G,"Commerce, réparation auto",2,1,2,False,False,,,False,True,True,sourced
100001071,Entreprise 01071 SAS,H,Transports et entreposage,186,100,199,False,False,,,False,False,True,sourced
100001072,Entreprise 01072 SAS,H,Transports et entreposage,18,10,19,False,False,,,False,False,False,sourced
100001073,Entreprise 01073 SAS,I,Hébergement et restauration,300,250,499,False,False,,,False,False,True,sourced
100001074,Entreprise 01074 SAS,Q,Santé humaine et action sociale,62,50,99,False,False,,,True,False,False,qualified
100001075,Entreprise 01075 SAS,F,Construction,90,50,99,False,False,,,True,False,False,sourced
100001076,Entreprise 01076 SAS,M,Activités spé. scientifiques/techniques,5,3,5,False,False,,,False,True,False,qualified
100001077,Entreprise 01077 SAS,G,"Commerce, réparation auto",3,3,5,False,False,,,False,False,False,sourced
100001078,Entreprise 01078 SAS,C,Industrie manufacturière,1268,1000,1999,True,True,True,True,False,False,True,sourced
100001079,Entreprise 01079 SAS,F,Construction,462,250,499,False,False,,,True,True,True,sourced
100001080,Entreprise 01080 SAS,J,Information et communication,802,500,999,True,False,,,False,False,True,qualified
100001081,Entreprise 01081 SAS,G,"Commerce, réparation auto",3,3,5,False,False,,,True,True,True,sourced
100001082,Entreprise 01082 SAS,F,Construction,278,250,499,False,False,,,True,False,True,rejected
100001083,Entreprise 01083 SAS,K,Activités financières et assurance,14,10,19,False,False,,,False,False,False,sourced
100001084,Entreprise 01084 SAS,S,Autres services,1,1,2,False,False,,,False,True,True,sourced
100001085,Entreprise 01085 SAS,G,"Commerce, réparation auto",8,6,9,False,False,,,True,True,True,sourced
100001086,Entreprise 01086 SAS,G,"Commerce, réparation auto",7,6,9,False,False,,,False,False,False,qualified
100001087,Entreprise 01087 SAS,Q,Santé humaine et action sociale,13,10,19,False,False,,,True,True,True,rejected
100001088,Entreprise 01088 SAS,C,Industrie manufacturière,35,20,49,False,False,,,False,False,True,sourced
100001089,Entreprise 01089 SAS,F,Construction,43,20,49,False,False,,,True,False,False,sourced
100001090,Entreprise 01090 SAS,G,"Commerce, réparation auto",1260,1000,1999,True,False,,,False,True,True,sourced
100001091,Entreprise 01091 SAS,M,Activités spé. scientifiques/techniques,18,10,19,False,False,,,True,False,True,sourced
100001092,Entreprise 01092 SAS,M,Activités spé. scientifiques/techniques,1359,1000,1999,True,True,False,,False,True,True,contacted
100001093,Entreprise 01093 SAS,F,Construction,1270,1000,1999,True,True,True,True,True,False,True,sourced
100001094,Entreprise 01094 SAS,S,Autres services,5,3,5,False,False,,,False,False,False,contacted
100001095,Entreprise 01095 SAS,S,Autres services,22,20,49,False,False,,,False,False,True,sourced
100001096,Entreprise 01096 SAS,F,Construction,2,1,2,False,False,,,False,True,True,sourced
100001097,Entreprise 01097 SAS,N,Services administratifs et soutien,5,3,5,False,False,,,False,True,True,sourced
100001098,Entreprise 01098 SAS,K,Activités financières et assurance,242,200,249,False,False,,,True,False,True,sourced
100001099,Entreprise 01099 SAS,M,Activités spé. scientifiques/techniques,522,500,999,True,True,False,,False,False,False,sourced
100001100,Entreprise 01100 SAS,G,"Commerce, réparation auto",2,1,2,False,False,,,True,False,False,sourced
100001101,Entreprise 01101 SAS,Q,Santé humaine et action sociale,446,250,499,False,False,,,False,False,True,sourced
100001102,Entreprise 01102 SAS,G,"Commerce, réparation auto",3,3,5,False,False,,,False,False,False,contacted
100001103,Entreprise 01103 SAS,C,Industrie manufacturière,2,1,2,False,False,,,True,False,False,sourced
100001104,Entreprise 01104 SAS,G,"Commerce, réparation auto",10,10,19,False,False,,,True,True,True,sourced
100001105,Entreprise 01105 SAS,F,Construction,1,1,2,False,False,,,False,True,True,sourced
100001106,Entreprise 01106 SAS,G,"Commerce, réparation auto",40,20,49,False,False,,,False,False,True,sourced
100001107,Entreprise 01107 SAS,G,"Commerce, réparation auto",191,100,199,False,False,,,True,False,True,sourced
100001108,Entreprise 01108 SAS,J,Information et communication,4,3,5,False,False,,,True,True,True,sourced
100001109,Entreprise 01109 SAS,C,Industrie manufacturière,22,20,49,False,False,,,False,False,True,qualified
100001110,Entreprise 01110 SAS,M,Activités spé. scientifiques/techniques,61,50,99,False,False,,,False,False,False,contacted
100001111,Entreprise 01111 SAS,H,Transports et entreposage,1,1,2,False,False,,,True,False,False,contacted
100001112,Entreprise 01112 SAS,I,Hébergement et restauration,79,50,99,False,False,,,True,False,True,sourced
100001113,Entreprise 01113 SAS,S,Autres services,7,6,9,False,False,,,True,False,True,rejected
100001114,Entreprise 01114 SAS,G,"Commerce, réparation auto",26,20,49,False,False,,,False,False,True,sourced
100001115,Entreprise 01115 SAS,N,Services administratifs et soutien,9,6,9,False,False,,,False,True,True,sourced
100001116,Entreprise 01116 SAS,C,Industrie manufacturière,4,3,5,False,False,,,False,False,True,sourced
100001117,Entreprise 01117 SAS,F,Construction,208,200,249,False,False,,,False,False,True,qualified
100001118,Entreprise 01118 SAS,G,"Commerce, réparation auto",3,3,5,False,False,,,True,False,True,sourced
100001119,Entreprise 01119 SAS,S,Autres services,6,6,9,False,False,,,False,True,False,sourced
100001120,Entreprise 01120 SAS,C,Industrie manufacturière,1,1,2,False,False,,,True,True,False,sourced
100001121,Entreprise 01121 SAS,I,Hébergement et restauration,1,1,2,False,False,,,False,True,True,sourced
100001122,Entreprise 01122 SAS,J,Information et communication,10,10,19,False,False,,,False,False,True,qualified
100001123,Entreprise 01123 SAS,Q,Santé humaine et action sociale,20,20,49,False,False,,,False,True,False,sourced
100001124,Entreprise 01124 SAS,Q,Santé humaine et action sociale,2,1,2,False,False,,,True,True,False,qualified
100001125,Entreprise 01125 SAS,M,Activités spé. scientifiques/techniques,4,3,5,False,False,,,True,False,True,sourced
100001126,Entreprise 01126 SAS,S,Autres services,3333,2000,4999,True,True,True,False,True,False,True,sourced
100001127,Entreprise 01127 SAS,M,Activités spé. scientifiques/techniques,2,1,2,False,False,,,False,True,False,sourced
100001128,Entreprise 01128 SAS,F,Construction,2,1,2,False,False,,,False,True,False,contacted
100001129,Entreprise 01129 SAS,I,Hébergement et restauration,954,500,999,True,False,,,False,False,True,sourced
100001130,Entreprise 01130 SAS,S,Autres services,1047,1000,1999,True,False,,,False,False,True,sourced
100001131,Entreprise 01131 SAS,M,Activités spé. scientifiques/techniques,13,10,19,False,False,,,False,False,False,sourced
100001132,Entreprise 01132 SAS,C,Industrie manufacturière,6,6,9,False,False,,,False,True,False,sourced
100001133,Entreprise 01133 SAS,C,Industrie manufacturière,460,250,499,False,False,,,False,True,True,sourced
100001134,Entreprise 01134 SAS,F,Construction,1197,1000,1999,True,True,False,,False,True,False,qualified
100001135,Entreprise 01135 SAS,N,Services administratifs et soutien,1,1,2,False,False,,,True,True,True,contacted
100001136,Entreprise 01136 SAS,S,Autres services,8,6,9,False,False,,,False,True,True,sourced
100001137,Entreprise 01137 SAS,H,Transports et entreposage,258,250,499,False,False,,,False,True,False,sourced
100001138,Entreprise 01138 SAS,S,Autres services,24,20,49,False,False,,,False,False,True,qualified
100001139,Entreprise 01139 SAS,C,Industrie manufacturière,277,250,499,False,False,,,True,False,True,sourced
100001140,Entreprise 01140 SAS,C,Industrie manufacturière,963,500,999,True,True,False,,True,True,True,sourced
100001141,Entreprise 01141 SAS,F,Construction,8,6,9,False,False,,,True,True,True,sourced
100001142,Entreprise 01142 SAS,F,Construction,31,20,49,False,False,,,False,False,False,qualified
100001143,Entreprise 01143 SAS,F,Construction,1,1,2,False,False,,,False,False,True,sourced
100001144,Entreprise 01144 SAS,G,"Commerce, réparation auto",1,1,2,False,False,,,True,False,True,sourced
100001145,Entreprise 01145 SAS,S,Autres services,415,250,499,False,False,,,True,True,True,sourced
100001146,Entreprise 01146 SAS,S,Autres services,10,10,19,False,False,,,False,False,False,sourced
100001147,Entreprise 01147 SAS,G,"Commerce, réparation auto",2,1,2,False,False,,,False,False,True,sourced
100001148,Entreprise 01148 SAS,G,"Commerce, réparation auto",98,50,99,False,False,,,True,False,True,qualified
100001149,Entreprise 01149 SAS,H,Transports et entreposage,2,1,2,False,False,,,False,False,False,sourced
100001150,Entreprise 01150 SAS,G,"Commerce, réparation auto",5335,5000,9999,True,True,True,False,False,True,False,sourced
100001151,Entreprise 01151 SAS,M,Activités spé. scientifiques/techniques,64,50,99,False,False,,,True,False,False,sourced
100001152,Entreprise 01152 SAS,C,Industrie manufacturière,1,1,2,False,False,,,False,True,True,sourced
100001153,Entreprise 01153 SAS,M,Activités spé. scientifiques/techniques,27,20,49,False,False,,,False,False,True,sourced
100001154,Entreprise 01154 SAS,I,Hébergement et restauration,31,20,49,False,False,,,False,True,True,sourced
100001155,Entreprise 01155 SAS,I,Hébergement et restauration,149,100,199,False,False,,,False,True,True,sourced
100001156,Entreprise 01156 SAS,M,Activités spé. scientifiques/techniques,31,20,49,False,False,,,True,True,False,qualified
100001157,Entreprise 01157 SAS,G,"Commerce, réparation auto",2,1,2,False,False,,,False,True,True,qualified
100001158,Entreprise 01158 SAS,G,"Commerce, réparation auto",725,500,999,True,False,,,False,True,True,sourced
100001159,Entreprise 01159 SAS,C,Industrie manufacturière,34,20,49,False,False,,,True,False,False,sourced
100001160,Entreprise 01160 SAS,M,Activités spé. scientifiques/techniques,20,20,49,False,False,,,False,True,True,qualified
100001161,Entreprise 01161 SAS,M,Activités spé. scientifiques/techniques,45,20,49,False,False,,,False,False,False,sourced
100001162,Entreprise 01162 SAS,F,Construction,35,20,49,False,False,,,False,True,True,qualified
100001163,Entreprise 01163 SAS,G,"Commerce, réparation auto",7,6,9,False,False,,,True,True,True,rejected
100001164,Entreprise 01164 SAS,F,Construction,1,1,2,False,False,,,False,False,False,qualified
100001165,Entreprise 01165 SAS,M,Activités spé. scientifiques/techniques,4,3,5,False,False,,,False,False,False,qualified
100001166,Entreprise 01166 SAS,S,Autres services,12,10,19,False,False,,,True,False,True,qualified
100001167,Entreprise 01167 SAS,Q,Santé humaine et action sociale,118,100,199,False,False,,,False,True,False,sourced
100001168,Entreprise 01168 SAS,F,Construction,21,20,49,False,False,,,False,False,False,sourced
100001169,Entreprise 01169 SAS,G,"Commerce, réparation auto",9,6,9,False,False,,,False,False,True,sourced
100001170,Entreprise 01170 SAS,G,"Commerce, réparation auto",17,10,19,False,False,,,False,False,True,sourced
100001171,Entreprise 01171 SAS,F,Construction,1,1,2,False,False,,,False,True,True,qualified
100001172,Entreprise 01172 SAS,M,Activités spé. scientifiques/techniques,1308,1000,1999,True,True,False,,False,False,True,sourced
100001173,Entreprise 01173 SAS,M,Activités spé. scientifiques/techniques,2,1,2,False,False,,,False,False,False,qualified
100001174,Entreprise 01174 SAS,F,Construction,42,20,49,False,False,,,False,False,True,qualified
100001175,Entreprise 01175 SAS,M,Activités spé. scientifiques/techniques,570,500,999,True,True,True,True,False,False,True,sourced
100001176,Entreprise 01176 SAS,G,"Commerce, réparation auto",14,10,19,False,False,,,False,False,True,sourced
100001177,Entreprise 01177 SAS,G,"Commerce, réparation auto",13,10,19,False,False,,,False,True,False,sourced
100001178,Entreprise 01178 SAS,G,"Commerce, réparation auto",4,3,5,False,False,,,False,True,False,sourced
100001179,Entreprise 01179 SAS,F,Construction,217,200,249,False,False,,,False,False,True,sourced
100001180,Entreprise 01180 SAS,S,Autres services,350,250,499,False,False,,,False,False,False,sourced
100001181,Entreprise 01181 SAS,I,Hébergement et restauration,65,50,99,False,False,,,False,False,False,qualified
100001182,Entreprise 01182 SAS,F,Construction,617,500,999,True,False,,,True,False,True,sourced
100001183,Entreprise 01183 SAS,G,"Commerce, réparation auto",194,100,199,False,False,,,False,False,False,sourced
100001184,Entreprise 01184 SAS,C,Industrie manufacturière,113,100,199,False,False,,,True,False,True,sourced
100001185,Entreprise 01185 SAS,C,Industrie manufacturière,1,1,2,False,False,,,False,False,False,sourced
100001186,Entreprise 01186 SAS,I,Hébergement et restauration,486,250,499,False,False,,,False,True,True,sourced
100001187,Entreprise 01187 SAS,G,"Commerce, réparation auto",35,20,49,False,False,,,False,True,False,sourced
100001188,Entreprise 01188 SAS,C,Industrie manufacturière,793,500,999,True,False,,,False,True,False,contacted
100001189,Entreprise 01189 SAS,G,"Commerce, réparation auto",23,20,49,False,False,,,False,False,False,sourced
100001190,Entreprise 01190 SAS,M,Activités spé. scientifiques/techniques,25,20,49,False,False,,,False,False,True,sourced
100001191,Entreprise 01191 SAS,H,Transports et entreposage,42,20,49,False,False,,,False,True,True,sourced
100001192,Entreprise 01192 SAS,G,"Commerce, réparation auto",1,1,2,False,False,,,False,False,False,sourced
100001193,Entreprise 01193 SAS,M,Activités spé. scientifiques/techniques,5,3,5,False,False,,,True,False,True,sourced
100001194,Entreprise 01194 SAS,S,Autres services,17,10,19,False,False,,,False,True,False,sourced
100001195,Entreprise 01195 SAS,G,"Commerce, réparation auto",554,500,999,True,True,False,,True,True,False,qualified
100001196,Entreprise 01196 SAS,G,"Commerce, réparation auto",3,3,5,False,False,,,False,False,True,sourced
100001197,Entreprise 01197 SAS,F,Construction,2502,2000,4999,True,True,True,True,False,True,True,sourced
100001198,Entreprise 01198 SAS,J,Information et communication,6,6,9,False,False,,,False,False,True,sourced
100001199,Entreprise 01199 SAS,C,Industrie manufacturière,5,3,5,False,False,,,False,False,True,qualified
100001200,Entreprise 01200 SAS,G,"Commerce, réparation auto",57,50,99,False,False,,,False,True,True,sourced
100001201,Entreprise 01201 SAS,S,Autres services,4,3,5,False,False,,,True,False,True,sourced
100001202,Entreprise 01202 SAS,C,Industrie manufacturière,20,20,49,False,False,,,True,False,True,sourced
100001203,Entreprise 01203 SAS,G,"Commerce, réparation auto",733,500,999,True,True,True,True,True,False,True,sourced
100001204,Entreprise 01204 SAS,C,Industrie manufacturière,687,500,999,True,False,,,False,False,False,rejected
100001205,Entreprise 01205 SAS,G,"Commerce, réparation auto",549,500,999,True,True,False,,False,True,True,sourced
100001206,Entreprise 01206 SAS,N,Services administratifs et soutien,13,10,19,False,False,,,False,True,True,contacted
100001207,Entreprise 01207 SAS,G,"Commerce, réparation auto",227,200,249,False,False,,,True,True,True,sourced
100001208,Entreprise 01208 SAS,F,Construction,532,500,999,True,True,True,False,False,False,False,sourced
100001209,Entreprise 01209 SAS,C,Industrie manufacturière,6,6,9,False,False,,,False,True,True,sourced
100001210,Entreprise 01210 SAS,G,"Commerce, réparation auto",4,3,5,False,False,,,False,True,False,sourced
100001211,Entreprise 01211 SAS,S,Autres services,630,500,999,True,False,,,False,False,True,sourced
100001212,Entreprise 01212 SAS,I,Hébergement et restauration,7,6,9,False,False,,,False,False,True,sourced
100001213,Entreprise 01213 SAS,G,"Commerce, réparation auto",227,200,249,False,False,,,False,True,True,contacted
100001214,Entreprise 01214 SAS,G,"Commerce, réparation auto",570,500,999,True,True,True,True,True,False,False,contacted
100001215,Entreprise 01215 SAS,F,Construction,414,250,499,False,False,,,False,False,False,sourced
100001216,Entreprise 01216 SAS,H,Transports et entreposage,203,200,249,False,False,,,True,False,True,sourced
100001217,Entreprise 01217 SAS,G,"Commerce, réparation auto",2,1,2,False,False,,,True,True,False,sourced
100001218,Entreprise 01218 SAS,M,Activités spé. scientifiques/techniques,4,3,5,False,False,,,True,True,False,sourced
100001219,Entreprise 01219 SAS,G,"Commerce, réparation auto",12,10,19,False,False,,,True,True,True,sourced
100001220,Entreprise 01220 SAS,G,"Commerce, réparation auto",1,1,2,False,False,,,True,True,False,sourced
100001221,Entreprise 01221 SAS,I,Hébergement et restauration,13,10,19,False,False,,,False,False,True,qualified
100001222,Entreprise 01222 SAS,J,Information et communication,14,10,19,False,False,,,False,False,True,qualified
100001223,Entreprise 01223 SAS,I,Hébergement et restauration,748,500,999,True,False,,,True,False,True,sourced
100001224,Entreprise 01224 SAS,F,Construction,580,500,999,True,True,False,,False,True,False,sourced
100001225,Entreprise 01225 SAS,G,"Commerce, réparation auto",3,3,5,False,False,,,True,True,False,sourced
100001226,Entreprise 01226 SAS,C,Industrie manufacturière,10,10,19,False,False,,,False,True,True,sourced
100001227,Entreprise 01227 SAS,C,Industrie manufacturière,65,50,99,False,False,,,False,False,True,qualified
100001228,Entreprise 01228 SAS,S,Autres services,407,250,499,False,False,,,False,False,True,sourced
100001229,Entreprise 01229 SAS,N,Services administratifs et soutien,387,250,499,False,False,,,True,True,True,sourced
100001230,Entreprise 01230 SAS,F,Construction,119,100,199,False,False,,,False,True,False,sourced
100001231,Entreprise 01231 SAS,H,Transports et entreposage,2,1,2,False,False,,,True,False,True,sourced
100001232,Entreprise 01232 SAS,G,"Commerce, réparation auto",9,6,9,False,False,,,True,False,True,sourced
100001233,Entreprise 01233 SAS,K,Activités financières et assurance,1674,1000,1999,True,False,,,False,False,True,sourced
100001234,Entreprise 01234 SAS,M,Activités spé. scientifiques/techniques,13,10,19,False,False,,,True,True,False,sourced
100001235,Entreprise 01235 SAS,N,Services administratifs et soutien,629,500,999,True,True,False,,True,False,False,sourced
100001236,Entreprise 01236 SAS,C,Industrie manufacturière,24,20,49,False,False,,,False,True,True,sourced
100001237,Entreprise 01237 SAS,Q,Santé humaine et action sociale,228,200,249,False,False,,,False,True,False,sourced
100001238,Entreprise 01238 SAS,F,Construction,17,10,19,False,False,,,False,False,True,sourced
100001239,Entreprise 01239 SAS,F,Construction,39,20,49,False,False,,,False,True,False,sourced
100001240,Entreprise 01240 SAS,F,Construction,7,6,9,False,False,,,False,False,True,qualified
100001241,Entreprise 01241 SAS,G,"Commerce, réparation auto",859,500,999,True,False,,,True,False,False,sourced
100001242,Entreprise 01242 SAS,G,"Commerce, réparation auto",13,10,19,False,False,,,True,True,True,sourced
100001243,Entreprise 01243 SAS,G,"Commerce, réparation auto",1,1,2,False,False,,,True,False,True,contacted
100001244,Entreprise 01244 SAS,F,Construction,5,3,5,False,False,,,False,True,False,sourced
100001245,Entreprise 01245 SAS,S,Autres services,17,10,19,False,False,,,False,True,False,qualified
100001246,Entreprise 01246 SAS,G,"Commerce, réparation auto",10,10,19,False,False,,,True,True,True,contacted
100001247,Entreprise 01247 SAS,H,Transports et entreposage,657,500,999,True,True,True,True,True,True,True,sourced
100001248,Entreprise 01248 SAS,G,"Commerce, réparation auto",646,500,999,True,False,,,False,True,True,sourced
100001249,Entreprise 01249 SAS,G,"Commerce, réparation auto",47,20,49,False,False,,,False,False,False,qualified
100001250,Entreprise 01250 SAS,I,Hébergement et restauration,2,1,2,False,False,,,False,False,False,sourced
100001251,Entreprise 01251 SAS,J,Information et communication,12,10,19,False,False,,,False,True,True,sourced
100001252,Entreprise 01252 SAS,F,Construction,88,50,99,False,False,,,False,False,False,contacted
100001253,Entreprise 01253 SAS,Q,Santé humaine et action sociale,41,20,49,False,False,,,False,True,True,sourced
100001254,Entreprise 01254 SAS,G,"Commerce, réparation auto",33,20,49,False,False,,,False,False,False,sourced
100001255,Entreprise 01255 SAS,F,Construction,5,3,5,False,False,,,False,False,True,sourced
100001256,Entreprise 01256 SAS,H,Transports et entreposage,2475,2000,4999,True,True,True,True,True,False,True,sourced
100001257,Entreprise 01257 SAS,C,Industrie manufacturière,1667,1000,1999,True,False,,,True,True,True,qualified
100001258,Entreprise 01258 SAS,G,"Commerce, réparation auto",1372,1000,1999,True,True,True,False,False,True,True,sourced
100001259,Entreprise 01259 SAS,I,Hébergement et restauration,146,100,199,False,False,,,False,True,True,sourced
100001260,Entreprise 01260 SAS,N,Services administratifs et soutien,2,1,2,False,False,,,False,True,False,sourced
100001261,Entreprise 01261 SAS,C,Industrie manufacturière,59,50,99,False,False,,,False,True,True,sourced
100001262,Entreprise 01262 SAS,C,Industrie manufacturière,3,3,5,False,False,,,False,True,True,contacted
100001263,Entreprise 01263 SAS,I,Hébergement et restauration,410,250,499,False,False,,,False,False,True,contacted
100001264,Entreprise 01264 SAS,G,"Commerce, réparation auto",319,250,499,False,False,,,False,True,True,sourced
100001265,Entreprise 01265 SAS,F,Construction,54,50,99,False,False,,,False,True,True,sourced
100001266,Entreprise 01266 SAS,M,Activités spé. scientifiques/techniques,605,500,999,True,True,False,,False,True,True,sourced
100001267,Entreprise 01267 SAS,I,Hébergement et restauration,150,100,199,False,False,,,False,False,True,sourced
100001268,Entreprise 01268 SAS,G,"Commerce, réparation auto",83,50,99,False,False,,,True,False,False,contacted
100001269,Entreprise 01269 SAS,G,"Commerce, réparation auto",12,10,19,False,False,,,False,True,True,sourced
100001270,Entreprise 01270 SAS,F,Construction,29,20,49,False,False,,,False,True,True,sourced
100001271,Entreprise 01271 SAS,C,Industrie manufacturière,824,500,999,True,True,False,,False,True,False,sourced
100001272,Entreprise 01272 SAS,N,Services administratifs et soutien,18,10,19,False,False,,,False,False,False,sourced
100001273,Entreprise 01273 SAS,H,Transports et entreposage,978,500,999,True,True,False,,True,False,True,sourced
100001274,Entreprise 01274 SAS,N,Services administratifs et soutien,261,250,499,False,False,,,False,False,False,sourced
100001275,Entreprise 01275 SAS,J,Information et communication,2,1,2,False,False,,,False,True,True,sourced
100001276,Entreprise 01276 SAS,M,Activités spé. scientifiques/techniques,3235,2000,4999,True,True,True,False,False,True,True,sourced
100001277,Entreprise 01277 SAS,I,Hébergement et restauration,4,3,5,False,False,,,True,False,True,sourced
100001278,Entreprise 01278 SAS,S,Autres services,815,500,999,True,False,,,True,True,False,sourced
100001279,Entreprise 01279 SAS,G,"Commerce, réparation auto",12,10,19,False,False,,,False,True,True,sourced
100001280,Entreprise 01280 SAS,F,Construction,22,20,49,False,False,,,False,False,False,sourced
100001281,Entreprise 01281 SAS,M,Activités spé. scientifiques/techniques,219,200,249,False,False,,,False,True,True,sourced
100001282,Entreprise 01282 SAS,G,"Commerce, réparation auto",19,10,19,False,False,,,False,True,True,sourced
100001283,Entreprise 01283 SAS,N,Services administratifs et soutien,19,10,19,False,False,,,False,True,True,contacted
100001284,Entreprise 01284 SAS,Q,Santé humaine et action sociale,10,10,19,False,False,,,True,True,True,sourced
100001285,Entreprise 01285 SAS,S,Autres services,20,20,49,False,False,,,False,False,True,sourced
100001286,Entreprise 01286 SAS,C,Industrie manufacturière,1,1,2,False,False,,,False,False,True,sourced
100001287,Entreprise 01287 SAS,N,Services administratifs et soutien,904,500,999,True,False,,,False,False,False,sourced
100001288,Entreprise 01288 SAS,M,Activités spé. scientifiques/techniques,464,250,499,False,False,,,False,True,True,sourced
100001289,Entreprise 01289 SAS,S,Autres services,43,20,49,False,False,,,True,False,True,qualified
100001290,Entreprise 01290 SAS,N,Services administratifs et soutien,27,20,49,False,False,,,False,True,True,qualified
100001291,Entreprise 01291 SAS,F,Construction,22,20,49,False,False,,,False,True,True,qualified
100001292,Entreprise 01292 SAS,S,Autres services,1,1,2,False,False,,,False,False,False,contacted
100001293,Entreprise 01293 SAS,N,Services administratifs et soutien,2,1,2,False,False,,,False,True,False,rejected
100001294,Entreprise 01294 SAS,G,"Commerce, réparation auto",348,250,499,False,False,,,True,True,False,sourced
100001295,Entreprise 01295 SAS,I,Hébergement et restauration,92,50,99,False,False,,,False,True,True,sourced
100001296,Entreprise 01296 SAS,G,"Commerce, réparation auto",2397,2000,4999,True,True,True,True,False,True,False,sourced
100001297,Entreprise 01297 SAS,K,Activités financières et assurance,437,250,499,False,False,,,False,True,True,sourced
100001298,Entreprise 01298 SAS,Q,Santé humaine et action sociale,13,10,19,False,False,,,True,True,False,sourced
100001299,Entreprise 01299 SAS,G,"Commerce, réparation auto",117,100,199,False,False,,,False,True,True,contacted
100001300,Entreprise 01300 SAS,C,Industrie manufacturière,511,500,999,True,True,False,,False,False,True,rejected
100001301,Entreprise 01301 SAS,M,Activités spé. scientifiques/techniques,3,3,5,False,False,,,False,True,False,sourced
100001302,Entreprise 01302 SAS,G,"Commerce, réparation auto",15,10,19,False,False,,,False,False,True,qualified
100001303,Entreprise 01303 SAS,J,Information et communication,980,500,999,True,True,True,True,True,False,False,sourced
100001304,Entreprise 01304 SAS,K,Activités financières et assurance,2,1,2,False,False,,,False,False,False,sourced
100001305,Entreprise 01305 SAS,F,Construction,524,500,999,True,True,False,,False,False,False,contacted
100001306,Entreprise 01306 SAS,S,Autres services,6,6,9,False,False,,,True,True,True,sourced
100001307,Entreprise 01307 SAS,S,Autres services,1,1,2,False,False,,,False,True,True,sourced
100001308,Entreprise 01308 SAS,M,Activités spé. scientifiques/techniques,575,500,999,True,True,True,False,False,True,True,sourced
100001309,Entreprise 01309 SAS,F,Construction,485,250,499,False,False,,,True,True,False,sourced
100001310,Entreprise 01310 SAS,M,Activités spé. scientifiques/techniques,2,1,2,False,False,,,False,True,True,sourced
100001311,Entreprise 01311 SAS,N,Services administratifs et soutien,18,10,19,False,False,,,True,False,True,contacted
100001312,Entreprise 01312 SAS,M,Activités spé. scientifiques/techniques,2,1,2,False,False,,,True,False,True,qualified
100001313,Entreprise 01313 SAS,M,Activités spé. scientifiques/techniques,18,10,19,False,False,,,True,False,True,sourced
100001314,Entreprise 01314 SAS,S,Autres services,1,1,2,False,False,,,False,True,True,sourced
100001315,Entreprise 01315 SAS,I,Hébergement et restauration,8,6,9,False,False,,,False,True,True,sourced
100001316,Entreprise 01316 SAS,M,Activités spé. scientifiques/techniques,8,6,9,False,False,,,False,False,True,sourced
100001317,Entreprise 01317 SAS,Q,Santé humaine et action sociale,2,1,2,False,False,,,True,False,True,sourced
100001318,Entreprise 01318 SAS,N,Services administratifs et soutien,255,250,499,False,False,,,False,True,False,qualified
100001319,Entreprise 01319 SAS,C,Industrie manufacturière,520,500,999,True,True,False,,True,True,False,sourced
100001320,Entreprise 01320 SAS,M,Activités spé. scientifiques/techniques,2,1,2,False,False,,,False,True,False,sourced
100001321,Entreprise 01321 SAS,S,Autres services,692,500,999,True,False,,,False,False,True,sourced
100001322,Entreprise 01322 SAS,H,Transports et entreposage,1,1,2,False,False,,,False,False,True,sourced
100001323,Entreprise 01323 SAS,C,Industrie manufacturière,606,500,999,True,False,,,False,True,False,sourced
100001324,Entreprise 01324 SAS,J,Information et communication,269,250,499,False,False,,,False,True,False,sourced
100001325,Entreprise 01325 SAS,G,"Commerce, réparation auto",1,1,2,False,False,,,False,False,True,contacted
100001326,Entreprise 01326 SAS,Q,Santé humaine et action sociale,1436,1000,1999,True,False,,,False,True,False,sourced
100001327,Entreprise 01327 SAS,J,Information et communication,8,6,9,False,False,,,True,False,True,contacted
100001328,Entreprise 01328 SAS,H,Transports et entreposage,506,500,999,True,True,False,,False,False,True,sourced
100001329,Entreprise 01329 SAS,M,Activités spé. scientifiques/techniques,472,250,499,False,False,,,False,False,True,sourced
100001330,Entreprise 01330 SAS,J,Information et communication,3,3,5,False,False,,,False,False,True,sourced
100001331,Entreprise 01331 SAS,I,Hébergement et restauration,901,500,999,True,True,True,True,False,False,True,sourced
100001332,Entreprise 01332 SAS,C,Industrie manufacturière,4,3,5,False,False,,,False,True,False,sourced
100001333,Entreprise 01333 SAS,G,"Commerce, réparation auto",33,20,49,False,False,,,False,True,False,sourced
100001334,Entreprise 01334 SAS,I,Hébergement et restauration,1,1,2,False,False,,,False,True,False,qualified
100001335,Entreprise 01335 SAS,S,Autres services,22,20,49,False,False,,,True,True,True,sourced
100001336,Entreprise 01336 SAS,I,Hébergement et restauration,7,6,9,False,False,,,False,False,False,sourced
100001337,Entreprise 01337 SAS,M,Activités spé. scientifiques/techniques,219,200,249,False,False,,,False,True,True,contacted
100001338,Entreprise 01338 SAS,J,Information et communication,12,10,19,False,False,,,False,True,True,sourced
100001339,Entreprise 01339 SAS,N,Services administratifs et soutien,556,500,999,True,True,False,,True,False,True,sourced
100001340,Entreprise 01340 SAS,I,Hébergement et restauration,25,20,49,False,False,,,False,False,False,sourced
100001341,Entreprise 01341 SAS,G,"Commerce, réparation auto",628,500,999,True,False,,,True,False,True,contacted
100001342,Entreprise 01342 SAS,S,Autres services,22,20,49,False,False,,,False,True,False,sourced
100001343,Entreprise 01343 SAS,F,Construction,107,100,199,False,False,,,True,True,True,sourced
100001344,Entreprise 01344 SAS,F,Construction,799,500,999,True,False,,,True,True,True,sourced
100001345,Entreprise 01345 SAS,F,Construction,121,100,199,False,False,,,False,True,True,sourced
100001346,Entreprise 01346 SAS,S,Autres services,751,500,999,True,True,True,True,True,True,False,sourced
100001347,Entreprise 01347 SAS,S,Autres services,30,20,49,False,False,,,False,True,False,sourced
100001348,Entreprise 01348 SAS,N,Services administratifs et soutien,425,250,499,False,False,,,True,False,True,sourced
100001349,Entreprise 01349 SAS,M,Activités spé. scientifiques/techniques,64,50,99,False,False,,,False,True,True,qualified
100001350,Entreprise 01350 SAS,G,"Commerce, réparation auto",5,3,5,False,False,,,True,False,True,sourced
100001351,Entreprise 01351 SAS,N,Services administratifs et soutien,327,250,499,False,False,,,True,True,True,sourced
100001352,Entreprise 01352 SAS,J,Information et communication,4,3,5,False,False,,,True,True,True,sourced
100001353,Entreprise 01353 SAS,M,Activités spé. scientifiques/techniques,955,500,999,True,True,True,True,False,True,False,sourced
100001354,Entreprise 01354 SAS,G,"Commerce, réparation auto",115,100,199,False,False,,,False,True,True,contacted
100001355,Entreprise 01355 SAS,M,Activités spé. scientifiques/techniques,907,500,999,True,True,False,,False,False,True,sourced
100001356,Entreprise 01356 SAS,C,Industrie manufacturière,1708,1000,1999,True,False,,,False,True,True,sourced
100001357,Entreprise 01357 SAS,J,Information et communication,39,20,49,False,False,,,False,True,False,sourced
100001358,Entreprise 01358 SAS,K,Activités financières et assurance,7,6,9,False,False,,,False,False,False,sourced
100001359,Entreprise 01359 SAS,G,"Commerce, réparation auto",7,6,9,False,False,,,False,False,False,sourced
100001360,Entreprise 01360 SAS,S,Autres services,520,500,999,True,False,,,False,True,True,sourced
100001361,Entreprise 01361 SAS,F,Construction,39,20,49,False,False,,,False,True,True,qualified
100001362,Entreprise 01362 SAS,Q,Santé humaine et action sociale,3,3,5,False,False,,,False,True,True,sourced
100001363,Entreprise 01363 SAS,N,Services administratifs et soutien,39,20,49,False,False,,,False,True,False,sourced
100001364,Entreprise 01364 SAS,I,Hébergement et restauration,62,50,99,False,False,,,False,False,False,sourced
100001365,Entreprise 01365 SAS,M,Activités spé. scientifiques/techniques,16,10,19,False,False,,,False,True,True,sourced
100001366,Entreprise 01366 SAS,F,Construction,15,10,19,False,False,,,False,True,False,sourced
100001367,Entreprise 01367 SAS,F,Construction,296,250,499,False,False,,,True,True,True,sourced
100001368,Entreprise 01368 SAS,G,"Commerce, réparation auto",4,3,5,False,False,,,False,True,True,sourced
100001369,Entreprise 01369 SAS,H,Transports et entreposage,488,250,499,False,False,,,True,False,False,sourced
100001370,Entreprise 01370 SAS,C,Industrie manufacturière,8,6,9,False,False,,,False,True,True,sourced
100001371,Entreprise 01371 SAS,G,"Commerce, réparation auto",3,3,5,False,False,,,True,False,True,contacted
100001372,Entreprise 01372 SAS,M,Activités spé. scientifiques/techniques,7,6,9,False,False,,,False,True,True,rejected
100001373,Entreprise 01373 SAS,G,"Commerce, réparation auto",644,500,999,True,True,True,False,False,False,True,sourced
100001374,Entreprise 01374 SAS,S,Autres services,1,1,2,False,False,,,False,False,False,qualified
100001375,Entreprise 01375 SAS,G,"Commerce, réparation auto",1,1,2,False,False,,,False,True,True,rejected
100001376,Entreprise 01376 SAS,J,Information et communication,4,3,5,False,False,,,False,False,True,sourced
100001377,Entreprise 01377 SAS,Q,Santé humaine et action sociale,41,20,49,False,False,,,True,False,False,sourced
100001378,Entreprise 01378 SAS,H,Transports et entreposage,2,1,2,False,False,,,False,True,True,sourced
100001379,Entreprise 01379 SAS,H,Transports et entreposage,22,20,49,False,False,,,True,True,False,sourced
100001380,Entreprise 01380 SAS,M,Activités spé. scientifiques/techniques,95,50,99,False,False,,,True,False,True,sourced
100001381,Entreprise 01381 SAS,G,"Commerce, réparation auto",17,10,19,False,False,,,False,False,True,sourced
100001382,Entreprise 01382 SAS,G,"Commerce, réparation auto",8,6,9,False,False,,,True,True,True,sourced
100001383,Entreprise 01383 SAS,F,Construction,22,20,49,False,False,,,False,True,False,qualified
100001384,Entreprise 01384 SAS,G,"Commerce, réparation auto",1672,1000,1999,True,True,True,False,True,False,True,sourced
100001385,Entreprise 01385 SAS,M,Activités spé. scientifiques/techniques,951,500,999,True,True,True,False,False,False,True,sourced
100001386,Entreprise 01386 SAS,N,Services administratifs et soutien,412,250,499,False,False,,,False,False,False,sourced
100001387,Entreprise 01387 SAS,G,"Commerce, réparation auto",1455,1000,1999,True,True,True,True,False,True,True,sourced
100001388,Entreprise 01388 SAS,I,Hébergement et restauration,1563,1000,1999,True,True,True,False,True,True,False,sourced
100001389,Entreprise 01389 SAS,G,"Commerce, réparation auto",2,1,2,False,False,,,False,False,True,sourced
100001390,Entreprise 01390 SAS,N,Services administratifs et soutien,12,10,19,False,False,,,True,False,True,sourced
100001391,Entreprise 01391 SAS,C,Industrie manufacturière,56,50,99,False,False,,,False,False,True,sourced
100001392,Entreprise 01392 SAS,G,"Commerce, réparation auto",4,3,5,False,False,,,False,True,True,sourced
100001393,Entreprise 01393 SAS,C,Industrie manufacturière,4,3,5,False,False,,,False,False,True,sourced
100001394,Entreprise 01394 SAS,I,Hébergement et restauration,1,1,2,False,False,,,True,True,True,sourced
100001395,Entreprise 01395 SAS,F,Construction,357,250,499,False,False,,,False,False,False,contacted
100001396,Entreprise 01396 SAS,K,Activités financières et assurance,1096,1000,1999,True,False,,,False,True,True,sourced
100001397,Entreprise 01397 SAS,J,Information et communication,28,20,49,False,False,,,False,True,True,sourced
100001398,Entreprise 01398 SAS,F,Construction,2,1,2,False,False,,,False,False,True,sourced
100001399,Entreprise 01399 SAS,I,Hébergement et restauration,8,6,9,False,False,,,False,True,True,sourced
100001400,Entreprise 01400 SAS,G,"Commerce, réparation auto",14,10,19,False,False,,,False,True,True,sourced
100001401,Entreprise 01401 SAS,I,Hébergement et restauration,9,6,9,False,False,,,False,True,False,sourced
100001402,Entreprise 01402 SAS,J,Information et communication,242,200,249,False,False,,,False,False,True,sourced
100001403,Entreprise 01403 SAS,K,Activités financières et assurance,612,500,999,True,True,False,,False,False,False,sourced
100001404,Entreprise 01404 SAS,G,"Commerce, réparation auto",10,10,19,False,False,,,False,True,True,contacted
100001405,Entreprise 01405 SAS,I,Hébergement et restauration,6,6,9,False,False,,,False,True,False,sourced
100001406,Entreprise 01406 SAS,S,Autres services,1750,1000,1999,True,True,True,True,False,True,True,sourced
100001407,Entreprise 01407 SAS,M,Activités spé. scientifiques/techniques,40,20,49,False,False,,,True,True,True,sourced
100001408,Entreprise 01408 SAS,M,Activités spé. scientifiques/techniques,36,20,49,False,False,,,True,False,True,sourced
100001409,Entreprise 01409 SAS,H,Transports et entreposage,201,200,249,False,False,,,False,True,True,sourced
100001410,Entreprise 01410 SAS,J,Information et communication,9,6,9,False,False,,,False,True,False,sourced
100001411,Entreprise 01411 SAS,C,Industrie manufacturière,940,500,999,True,True,True,True,True,False,False,sourced
100001412,Entreprise 01412 SAS,G,"Commerce, réparation auto",11,10,19,False,False,,,False,False,False,sourced
100001413,Entreprise 01413 SAS,C,Industrie manufacturière,29,20,49,False,False,,,True,True,True,sourced
100001414,Entreprise 01414 SAS,J,Information et communication,23,20,49,False,False,,,True,True,True,sourced
100001415,Entreprise 01415 SAS,Q,Santé humaine et action sociale,13,10,19,False,False,,,False,True,True,sourced
100001416,Entreprise 01416 SAS,G,"Commerce, réparation auto",521,500,999,True,False,,,False,False,True,sourced
100001417,Entreprise 01417 SAS,K,Activités financières et assurance,53,50,99,False,False,,,True,True,False,sourced
100001418,Entreprise 01418 SAS,Q,Santé humaine et action sociale,76,50,99,False,False,,,True,True,True,sourced
100001419,Entreprise 01419 SAS,S,Autres services,150,100,199,False,False,,,False,False,True,contacted
100001420,Entreprise 01420 SAS,M,Activités spé. scientifiques/techniques,6,6,9,False,False,,,True,True,False,sourced
100001421,Entreprise 01421 SAS,M,Activités spé. scientifiques/techniques,12,10,19,False,False,,,True,True,True,sourced
100001422,Entreprise 01422 SAS,C,Industrie manufacturière,1,1,2,False,False,,,False,False,False,sourced
100001423,Entreprise 01423 SAS,K,Activités financières et assurance,857,500,999,True,True,False,,False,True,True,sourced
100001424,Entreprise 01424 SAS,F,Construction,13,10,19,False,False,,,False,True,True,sourced
100001425,Entreprise 01425 SAS,H,Transports et entreposage,20,20,49,False,False,,,False,False,True,contacted
100001426,Entreprise 01426 SAS,F,Construction,11,10,19,False,False,,,False,False,True,sourced
100001427,Entreprise 01427 SAS,Q,Santé humaine et action sociale,10,10,19,False,False,,,False,True,True,sourced
100001428,Entreprise 01428 SAS,F,Construction,464,250,499,False,False,,,False,False,True,sourced
100001429,Entreprise 01429 SAS,G,"Commerce, réparation auto",32,20,49,False,False,,,False,False,True,sourced
100001430,Entreprise 01430 SAS,C,Industrie manufacturière,9,6,9,False,False,,,False,False,True,sourced
100001431,Entreprise 01431 SAS,K,Activités financières et assurance,68,50,99,False,False,,,False,True,True,sourced
100001432,Entreprise 01432 SAS,G,"Commerce, réparation auto",1,1,2,False,False,,,False,True,False,sourced
100001433,Entreprise 01433 SAS,N,Services administratifs et soutien,1,1,2,False,False,,,True,True,True,sourced
100001434,Entreprise 01434 SAS,N,Services administratifs et soutien,386,250,499,False,False,,,False,False,True,sourced
100001435,Entreprise 01435 SAS,F,Construction,3,3,5,False,False,,,False,True,True,contacted
100001436,Entreprise 01436 SAS,C,Industrie manufacturière,7,6,9,False,False,,,True,False,True,sourced
100001437,Entreprise 01437 SAS,I,Hébergement et restauration,349,250,499,False,False,,,True,True,True,sourced
100001438,Entreprise 01438 SAS,N,Services administratifs et soutien,21,20,49,False,False,,,True,True,True,qualified
100001439,Entreprise 01439 SAS,F,Construction,7,6,9,False,False,,,False,False,True,qualified
100001440,Entreprise 01440 SAS,I,Hébergement et restauration,5,3,5,False,False,,,True,True,True,sourced
100001441,Entreprise 01441 SAS,M,Activités spé. scientifiques/techniques,9,6,9,False,False,,,False,True,True,qualified
100001442,Entreprise 01442 SAS,I,Hébergement et restauration,6,6,9,False,False,,,True,False,True,qualified
100001443,Entreprise 01443 SAS,I,Hébergement et restauration,10,10,19,False,False,,,False,False,True,qualified
100001444,Entreprise 01444 SAS,J,Information et communication,5,3,5,False,False,,,False,True,False,sourced
100001445,Entreprise 01445 SAS,M,Activités spé. scientifiques/techniques,309,250,499,False,False,,,False,True,True,sourced
100001446,Entreprise 01446 SAS,F,Construction,25,20,49,False,False,,,False,False,True,sourced
100001447,Entreprise 01447 SAS,H,Transports et entreposage,1,1,2,False,False,,,False,False,True,sourced
100001448,Entreprise 01448 SAS,I,Hébergement et restauration,89,50,99,False,False,,,True,False,True,sourced
100001449,Entreprise 01449 SAS,F,Construction,11,10,19,False,False,,,True,True,True,sourced
100001450,Entreprise 01450 SAS,C,Industrie manufacturière,8,6,9,False,False,,,False,False,True,sourced
100001451,Entreprise 01451 SAS,H,Transports et entreposage,10,10,19,False,False,,,False,True,False,sourced
100001452,Entreprise 01452 SAS,S,Autres services,10,10,19,False,False,,,False,True,True,sourced
100001453,Entreprise 01453 SAS,G,"Commerce, réparation auto",604,500,999,True,False,,,True,True,True,qualified
100001454,Entreprise 01454 SAS,M,Activités spé. scientifiques/techniques,10,10,19,False,False,,,False,True,True,qualified
100001455,Entreprise 01455 SAS,F,Construction,564,500,999,True,False,,,True,False,True,qualified
100001456,Entreprise 01456 SAS,M,Activités spé. scientifiques/techniques,343,250,499,False,False,,,False,True,True,sourced
100001457,Entreprise 01457 SAS,N,Services administratifs et soutien,11,10,19,False,False,,,False,True,True,contacted
100001458,Entreprise 01458 SAS,S,Autres services,66,50,99,False,False,,,False,True,True,sourced
100001459,Entreprise 01459 SAS,G,"Commerce, réparation auto",5,3,5,False,False,,,True,False,True,sourced
100001460,Entreprise 01460 SAS,S,Autres services,339,250,499,False,False,,,False,False,True,contacted
100001461,Entreprise 01461 SAS,N,Services administratifs et soutien,36,20,49,False,False,,,True,False,False,sourced
100001462,Entreprise 01462 SAS,G,"Commerce, réparation auto",69,50,99,False,False,,,False,True,True,sourced
100001463,Entreprise 01463 SAS,G,"Commerce, réparation auto",10,10,19,False,False,,,True,False,False,qualified
100001464,Entreprise 01464 SAS,K,Activités financières et assurance,1,1,2,False,False,,,False,True,False,qualified
100001465,Entreprise 01465 SAS,F,Construction,14,10,19,False,False,,,False,False,False,sourced
100001466,Entreprise 01466 SAS,F,Construction,1202,1000,1999,True,True,True,False,True,False,False,sourced
100001467,Entreprise 01467 SAS,G,"Commerce, réparation auto",70,50,99,False,False,,,True,True,True,contacted
100001468,Entreprise 01468 SAS,M,Activités spé. scientifiques/techniques,24,20,49,False,False,,,True,True,False,sourced
100001469,Entreprise 01469 SAS,I,Hébergement et restauration,7,6,9,False,False,,,True,False,True,sourced
100001470,Entreprise 01470 SAS,N,Services administratifs et soutien,22,20,49,False,False,,,False,False,False,sourced
100001471,Entreprise 01471 SAS,N,Services administratifs et soutien,8,6,9,False,False,,,False,False,True,sourced
100001472,Entreprise 01472 SAS,G,"Commerce, réparation auto",27,20,49,False,False,,,False,True,True,sourced
100001473,Entreprise 01473 SAS,M,Activités spé. scientifiques/techniques,67,50,99,False,False,,,True,True,True,rejected
100001474,Entreprise 01474 SAS,M,Activités spé. scientifiques/techniques,1,1,2,False,False,,,False,True,True,sourced
100001475,Entreprise 01475 SAS,F,Construction,65,50,99,False,False,,,False,False,True,sourced
100001476,Entreprise 01476 SAS,F,Construction,13,10,19,False,False,,,True,False,False,qualified
100001477,Entreprise 01477 SAS,I,Hébergement et restauration,1,1,2,False,False,,,False,True,True,sourced
100001478,Entreprise 01478 SAS,K,Activités financières et assurance,610,500,999,True,False,,,False,True,True,sourced
100001479,Entreprise 01479 SAS,N,Services administratifs et soutien,458,250,499,False,False,,,False,False,True,sourced
100001480,Entreprise 01480 SAS,Q,Santé humaine et action sociale,2,1,2,False,False,,,False,True,False,sourced
100001481,Entreprise 01481 SAS,I,Hébergement et restauration,1,1,2,False,False,,,False,True,False,sourced
100001482,Entreprise 01482 SAS,C,Industrie manufacturière,25,20,49,False,False,,,False,True,True,sourced
100001483,Entreprise 01483 SAS,N,Services administratifs et soutien,2761,2000,4999,True,True,True,True,False,True,True,sourced
100001484,Entreprise 01484 SAS,H,Transports et entreposage,6,6,9,False,False,,,False,False,True,sourced
100001485,Entreprise 01485 SAS,J,Information et communication,12,10,19,False,False,,,True,True,False,sourced
100001486,Entreprise 01486 SAS,M,Activités spé. scientifiques/techniques,14,10,19,False,False,,,True,True,False,sourced
100001487,Entreprise 01487 SAS,G,"Commerce, réparation auto",1474,1000,1999,True,False,,,False,False,True,sourced
100001488,Entreprise 01488 SAS,C,Industrie manufacturière,1942,1000,1999,True,True,True,False,True,True,True,sourced
100001489,Entreprise 01489 SAS,I,Hébergement et restauration,547,500,999,True,False,,,False,True,True,sourced
100001490,Entreprise 01490 SAS,S,Autres services,720,500,999,True,True,False,,False,False,True,sourced
100001491,Entreprise 01491 SAS,N,Services administratifs et soutien,286,250,499,False,False,,,False,True,False,contacted
100001492,Entreprise 01492 SAS,C,Industrie manufacturière,7,6,9,False,False,,,False,False,False,qualified
100001493,Entreprise 01493 SAS,G,"Commerce, réparation auto",12,10,19,False,False,,,False,True,True,contacted
100001494,Entreprise 01494 SAS,C,Industrie manufacturière,715,500,999,True,True,True,False,False,True,False,sourced
100001495,Entreprise 01495 SAS,H,Transports et entreposage,787,500,999,True,False,,,False,True,False,sourced
100001496,Entreprise 01496 SAS,K,Activités financières et assurance,5,3,5,False,False,,,False,True,False,sourced
100001497,Entreprise 01497 SAS,K,Activités financières et assurance,6,6,9,False,False,,,False,True,True,contacted
100001498,Entreprise 01498 SAS,Q,Santé humaine et action sociale,20,20,49,False,False,,,False,True,True,sourced
100001499,Entreprise 01499 SAS,H,Transports et entreposage,867,500,999,True,False,,,False,True,True,sourced
100001500,Entreprise 01500 SAS,F,Construction,55,50,99,False,False,,,True,True,True,sourced
100001501,Entreprise 01501 SAS,S,Autres services,9,6,9,False,False,,,False,True,True,sourced
100001502,Entreprise 01502 SAS,S,Autres services,5,3,5,False,False,,,False,False,True,sourced
100001503,Entreprise 01503 SAS,M,Activités spé. scientifiques/techniques,330,250,499,False,False,,,False,True,True,sourced
100001504,Entreprise 01504 SAS,C,Industrie manufacturière,2,1,2,False,False,,,False,True,False,sourced
100001505,Entreprise 01505 SAS,J,Information et communication,58,50,99,False,False,,,False,True,False,qualified
100001506,Entreprise 01506 SAS,H,Transports et entreposage,395,250,499,False,False,,,False,False,True,sourced
100001507,Entreprise 01507 SAS,K,Activités financières et assurance,3,3,5,False,False,,,False,False,True,sourced
100001508,Entreprise 01508 SAS,N,Services administratifs et soutien,1,1,2,False,False,,,False,True,True,sourced
100001509,Entreprise 01509 SAS,H,Transports et entreposage,1543,1000,1999,True,True,True,False,False,True,False,sourced
100001510,Entreprise 01510 SAS,F,Construction,576,500,999,True,True,True,False,False,True,True,sourced
100001511,Entreprise 01511 SAS,G,"Commerce, réparation auto",20,20,49,False,False,,,False,True,True,sourced
100001512,Entreprise 01512 SAS,G,"Commerce, réparation auto",450,250,499,False,False,,,False,False,True,sourced
100001513,Entreprise 01513 SAS,I,Hébergement et restauration,532,500,999,True,True,True,False,False,True,False,qualified
100001514,Entreprise 01514 SAS,M,Activités spé. scientifiques/techniques,369,250,499,False,False,,,True,True,False,sourced
100001515,Entreprise 01515 SAS,M,Activités spé. scientifiques/techniques,565,500,999,True,True,False,,False,False,False,contacted
100001516,Entreprise 01516 SAS,G,"Commerce, réparation auto",13,10,19,False,False,,,False,True,False,sourced
100001517,Entreprise 01517 SAS,S,Autres services,829,500,999,True,True,False,,True,False,True,sourced
100001518,Entreprise 01518 SAS,I,Hébergement et restauration,9,6,9,False,False,,,False,False,True,sourced
100001519,Entreprise 01519 SAS,G,"Commerce, réparation auto",16,10,19,False,False,,,False,True,True,sourced
100001520,Entreprise 01520 SAS,M,Activités spé. scientifiques/techniques,8,6,9,False,False,,,False,False,False,sourced
100001521,Entreprise 01521 SAS,F,Construction,24,20,49,False,False,,,True,True,False,sourced
100001522,Entreprise 01522 SAS,N,Services administratifs et soutien,365,250,499,False,False,,,False,False,True,sourced
100001523,Entreprise 01523 SAS,N,Services administratifs et soutien,13,10,19,False,False,,,False,True,False,sourced
100001524,Entreprise 01524 SAS,G,"Commerce, réparation auto",3,3,5,False,False,,,True,True,True,sourced
100001525,Entreprise 01525 SAS,N,Services administratifs et soutien,30,20,49,False,False,,,False,False,False,rejected
100001526,Entreprise 01526 SAS,G,"Commerce, réparation auto",1,1,2,False,False,,,False,True,True,qualified
100001527,Entreprise 01527 SAS,C,Industrie manufacturière,5,3,5,False,False,,,True,True,True,sourced
100001528,Entreprise 01528 SAS,F,Construction,779,500,999,True,True,True,True,True,False,True,rejected
100001529,Entreprise 01529 SAS,M,Activités spé. scientifiques/techniques,24,20,49,False,False,,,False,False,False,sourced
100001530,Entreprise 01530 SAS,K,Activités financières et assurance,44,20,49,False,False,,,True,False,False,qualified
100001531,Entreprise 01531 SAS,M,Activités spé. scientifiques/techniques,343,250,499,False,False,,,False,True,True,sourced
100001532,Entreprise 01532 SAS,F,Construction,3,3,5,False,False,,,True,False,False,qualified
100001533,Entreprise 01533 SAS,M,Activités spé. scientifiques/techniques,121,100,199,False,False,,,False,False,True,sourced
100001534,Entreprise 01534 SAS,Q,Santé humaine et action sociale,17,10,19,False,False,,,False,False,False,sourced
100001535,Entreprise 01535 SAS,N,Services administratifs et soutien,337,250,499,False,False,,,False,True,True,contacted
100001536,Entreprise 01536 SAS,G,"Commerce, réparation auto",1,1,2,False,False,,,False,False,True,sourced
100001537,Entreprise 01537 SAS,M,Activités spé. scientifiques/techniques,1102,1000,1999,True,True,True,False,False,False,False,sourced
100001538,Entreprise 01538 SAS,G,"Commerce, réparation auto",45,20,49,False,False,,,False,False,True,contacted
100001539,Entreprise 01539 SAS,F,Construction,516,500,999,True,True,False,,False,False,True,contacted
100001540,Entreprise 01540 SAS,M,Activités spé. scientifiques/techniques,456,250,499,False,False,,,False,True,False,sourced
100001541,Entreprise 01541 SAS,K,Activités financières et assurance,7,6,9,False,False,,,True,True,True,sourced
100001542,Entreprise 01542 SAS,M,Activités spé. scientifiques/techniques,336,250,499,False,False,,,False,True,False,sourced
100001543,Entreprise 01543 SAS,G,"Commerce, réparation auto",3,3,5,False,False,,,False,False,True,qualified
100001544,Entreprise 01544 SAS,F,Construction,1,1,2,False,False,,,True,True,False,sourced
100001545,Entreprise 01545 SAS,S,Autres services,96,50,99,False,False,,,False,False,True,sourced
100001546,Entreprise 01546 SAS,G,"Commerce, réparation auto",289,250,499,False,False,,,False,False,False,sourced
100001547,Entreprise 01547 SAS,G,"Commerce, réparation auto",236,200,249,False,False,,,False,True,False,sourced
100001548,Entreprise 01548 SAS,H,Transports et entreposage,6,6,9,False,False,,,False,False,True,sourced
100001549,Entreprise 01549 SAS,N,Services administratifs et soutien,365,250,499,False,False,,,True,True,True,sourced
100001550,Entreprise 01550 SAS,M,Activités spé. scientifiques/techniques,512,500,999,True,True,False,,False,False,True,rejected
100001551,Entreprise 01551 SAS,Q,Santé humaine et action sociale,2,1,2,False,False,,,True,False,True,sourced
100001552,Entreprise 01552 SAS,K,Activités financières et assurance,1072,1000,1999,True,False,,,False,True,True,sourced
100001553,Entreprise 01553 SAS,S,Autres services,2,1,2,False,False,,,True,True,True,sourced
100001554,Entreprise 01554 SAS,Q,Santé humaine et action sociale,1378,1000,1999,True,True,True,False,False,True,True,qualified
100001555,Entreprise 01555 SAS,S,Autres services,2,1,2,False,False,,,False,True,True,sourced
100001556,Entreprise 01556 SAS,G,"Commerce, réparation auto",19,10,19,False,False,,,True,False,False,qualified
100001557,Entreprise 01557 SAS,H,Transports et entreposage,8,6,9,False,False,,,False,True,True,contacted
100001558,Entreprise 01558 SAS,G,"Commerce, réparation auto",1137,1000,1999,True,False,,,False,False,False,sourced
100001559,Entreprise 01559 SAS,S,Autres services,282,250,499,False,False,,,False,True,True,sourced
100001560,Entreprise 01560 SAS,M,Activités spé. scientifiques/techniques,6741,5000,9999,True,True,False,,False,True,False,sourced
100001561,Entreprise 01561 SAS,F,Construction,1,1,2,False,False,,,False,False,True,sourced
100001562,Entreprise 01562 SAS,F,Construction,22,20,49,False,False,,,False,True,False,sourced
100001563,Entreprise 01563 SAS,G,"Commerce, réparation auto",1,1,2,False,False,,,False,True,False,contacted
100001564,Entreprise 01564 SAS,C,Industrie manufacturière,5,3,5,False,False,,,True,True,False,sourced
100001565,Entreprise 01565 SAS,G,"Commerce, réparation auto",293,250,499,False,False,,,False,True,False,sourced
100001566,Entreprise 01566 SAS,H,Transports et entreposage,2,1,2,False,False,,,True,False,False,sourced
100001567,Entreprise 01567 SAS,G,"Commerce, réparation auto",9,6,9,False,False,,,True,True,False,sourced
100001568,Entreprise 01568 SAS,S,Autres services,2,1,2,False,False,,,False,False,True,contacted
100001569,Entreprise 01569 SAS,N,Services administratifs et soutien,819,500,999,True,True,True,True,False,True,True,sourced
100001570,Entreprise 01570 SAS,C,Industrie manufacturière,737,500,999,True,False,,,True,False,True,sourced
100001571,Entreprise 01571 SAS,F,Construction,10,10,19,False,False,,,False,True,True,sourced
100001572,Entreprise 01572 SAS,N,Services administratifs et soutien,46,20,49,False,False,,,False,False,True,sourced
100001573,Entreprise 01573 SAS,J,Information et communication,2064,2000,4999,True,True,False,,False,True,True,sourced
100001574,Entreprise 01574 SAS,F,Construction,3,3,5,False,False,,,True,False,True,sourced
100001575,Entreprise 01575 SAS,F,Construction,20,20,49,False,False,,,True,False,True,sourced
100001576,Entreprise 01576 SAS,H,Transports et entreposage,770,500,999,True,True,True,False,False,True,True,qualified
100001577,Entreprise 01577 SAS,I,Hébergement et restauration,310,250,499,False,False,,,True,False,False,qualified
100001578,Entreprise 01578 SAS,S,Autres services,210,200,249,False,False,,,False,False,True,sourced
100001579,Entreprise 01579 SAS,I,Hébergement et restauration,119,100,199,False,False,,,False,True,True,sourced
100001580,Entreprise 01580 SAS,F,Construction,66,50,99,False,False,,,True,True,False,sourced
100001581,Entreprise 01581 SAS,G,"Commerce, réparation auto",155,100,199,False,False,,,False,False,False,qualified
100001582,Entreprise 01582 SAS,G,"Commerce, réparation auto",5,3,5,False,False,,,False,False,True,sourced
100001583,Entreprise 01583 SAS,F,Construction,70,50,99,False,False,,,False,True,True,sourced
100001584,Entreprise 01584 SAS,F,Construction,7,6,9,False,False,,,True,False,False,sourced
100001585,Entreprise 01585 SAS,H,Transports et entreposage,567,500,999,True,False,,,False,False,True,rejected
100001586,Entreprise 01586 SAS,S,Autres services,18,10,19,False,False,,,True,False,True,sourced
100001587,Entreprise 01587 SAS,F,Construction,4,3,5,False,False,,,False,False,True,sourced
100001588,Entreprise 01588 SAS,G,"Commerce, réparation auto",5,3,5,False,False,,,False,False,True,sourced
100001589,Entreprise 01589 SAS,M,Activités spé. scientifiques/techniques,124,100,199,False,False,,,False,False,True,sourced
100001590,Entreprise 01590 SAS,J,Information et communication,69,50,99,False,False,,,False,True,True,sourced
100001591,Entreprise 01591 SAS,J,Information et communication,22,20,49,False,False,,,False,True,True,rejected
100001592,Entreprise 01592 SAS,S,Autres services,91,50,99,False,False,,,True,False,True,sourced
100001593,Entreprise 01593 SAS,G,"Commerce, réparation auto",2,1,2,False,False,,,False,True,True,rejected
100001594,Entreprise 01594 SAS,M,Activités spé. scientifiques/techniques,2,1,2,False,False,,,True,True,False,sourced
100001595,Entreprise 01595 SAS,M,Activités spé. scientifiques/techniques,2,1,2,False,False,,,True,True,True,sourced
100001596,Entreprise 01596 SAS,F,Construction,9,6,9,False,False,,,False,False,False,contacted
100001597,Entreprise 01597 SAS,G,"Commerce, réparation auto",1,1,2,False,False,,,False,False,False,sourced
100001598,Entreprise 01598 SAS,N,Services administratifs et soutien,11,10,19,False,False,,,False,True,False,sourced
100001599,Entreprise 01599 SAS,N,Services administratifs et soutien,2,1,2,False,False,,,False,False,True,rejected
100001600,Entreprise 01600 SAS,H,Transports et entreposage,9,6,9,False,False,,,True,True,True,sourced
100001601,Entreprise 01601 SAS,F,Construction,2,1,2,False,False,,,True,True,True,sourced
100001602,Entreprise 01602 SAS,Q,Santé humaine et action sociale,46,20,49,False,False,,,False,True,False,sourced
100001603,Entreprise 01603 SAS,C,Industrie manufacturière,760,500,999,True,True,False,,False,True,True,sourced
100001604,Entreprise 01604 SAS,G,"Commerce, réparation auto",239,200,249,False,False,,,True,False,True,sourced
100001605,Entreprise 01605 SAS,G,"Commerce, réparation auto",1,1,2,False,False,,,True,True,True,sourced
100001606,Entreprise 01606 SAS,C,Industrie manufacturière,3,3,5,False,False,,,False,False,True,qualified
100001607,Entreprise 01607 SAS,G,"Commerce, réparation auto",57,50,99,False,False,,,False,True,True,sourced
100001608,Entreprise 01608 SAS,C,Industrie manufacturière,1,1,2,False,False,,,True,False,True,sourced
100001609,Entreprise 01609 SAS,S,Autres services,269,250,499,False,False,,,False,True,False,sourced
100001610,Entreprise 01610 SAS,N,Services administratifs et soutien,33,20,49,False,False,,,False,False,False,sourced
100001611,Entreprise 01611 SAS,I,Hébergement et restauration,1,1,2,False,False,,,False,True,False,sourced
100001612,Entreprise 01612 SAS,C,Industrie manufacturière,33,20,49,False,False,,,True,False,False,rejected
100001613,Entreprise 01613 SAS,G,"Commerce, réparation auto",20,20,49,False,False,,,False,True,True,sourced
100001614,Entreprise 01614 SAS,I,Hébergement et restauration,64,50,99,False,False,,,False,True,False,sourced
100001615,Entreprise 01615 SAS,F,Construction,1,1,2,False,False,,,False,False,True,sourced
100001616,Entreprise 01616 SAS,J,Information et communication,62,50,99,False,False,,,False,True,True,sourced
100001617,Entreprise 01617 SAS,F,Construction,38,20,49,False,False,,,False,False,True,sourced
100001618,Entreprise 01618 SAS,G,"Commerce, réparation auto",25,20,49,False,False,,,False,True,False,sourced
100001619,Entreprise 01619 SAS,M,Activités spé. scientifiques/techniques,1050,1000,1999,True,True,True,False,True,False,False,sourced
100001620,Entreprise 01620 SAS,G,"Commerce, réparation auto",4,3,5,False,False,,,False,True,True,sourced
100001621,Entreprise 01621 SAS,S,Autres services,361,250,499,False,False,,,False,True,False,sourced
100001622,Entreprise 01622 SAS,F,Construction,6,6,9,False,False,,,True,False,True,sourced
100001623,Entreprise 01623 SAS,F,Construction,6,6,9,False,False,,,False,False,True,sourced
100001624,Entreprise 01624 SAS,G,"Commerce, réparation auto",102,100,199,False,False,,,False,True,True,contacted
100001625,Entreprise 01625 SAS,N,Services administratifs et soutien,10,10,19,False,False,,,True,True,False,sourced
100001626,Entreprise 01626 SAS,F,Construction,507,500,999,True,True,False,,False,True,False,sourced
100001627,Entreprise 01627 SAS,J,Information et communication,602,500,999,True,True,False,,False,False,True,sourced
100001628,Entreprise 01628 SAS,C,Industrie manufacturière,16,10,19,False,False,,,False,False,True,sourced
100001629,Entreprise 01629 SAS,M,Activités spé. scientifiques/techniques,334,250,499,False,False,,,False,False,True,sourced
100001630,Entreprise 01630 SAS,G,"Commerce, réparation auto",11,10,19,False,False,,,True,False,False,sourced
100001631,Entreprise 01631 SAS,N,Services administratifs et soutien,1201,1000,1999,True,False,,,False,False,False,sourced
100001632,Entreprise 01632 SAS,Q,Santé humaine et action sociale,5,3,5,False,False,,,True,True,True,qualified
100001633,Entreprise 01633 SAS,J,Information et communication,12,10,19,False,False,,,True,True,True,sourced
100001634,Entreprise 01634 SAS,I,Hébergement et restauration,4507,2000,4999,True,True,False,,False,False,True,sourced
100001635,Entreprise 01635 SAS,F,Construction,9,6,9,False,False,,,False,True,True,sourced
100001636,Entreprise 01636 SAS,I,Hébergement et restauration,1573,1000,1999,True,False,,,False,True,True,sourced
100001637,Entreprise 01637 SAS,H,Transports et entreposage,329,250,499,False,False,,,False,False,True,sourced
100001638,Entreprise 01638 SAS,M,Activités spé. scientifiques/techniques,37,20,49,False,False,,,False,False,True,sourced
100001639,Entreprise 01639 SAS,G,"Commerce, réparation auto",44,20,49,False,False,,,False,True,True,sourced
100001640,Entreprise 01640 SAS,I,Hébergement et restauration,1,1,2,False,False,,,False,True,True,contacted
100001641,Entreprise 01641 SAS,C,Industrie manufacturière,13,10,19,False,False,,,True,True,True,sourced
100001642,Entreprise 01642 SAS,G,"Commerce, réparation auto",276,250,499,False,False,,,True,False,True,sourced
100001643,Entreprise 01643 SAS,G,"Commerce, réparation auto",7,6,9,False,False,,,True,True,True,sourced
100001644,Entreprise 01644 SAS,C,Industrie manufacturière,4,3,5,False,False,,,False,False,True,sourced
100001645,Entreprise 01645 SAS,C,Industrie manufacturière,413,250,499,False,False,,,False,False,True,sourced
100001646,Entreprise 01646 SAS,C,Industrie manufacturière,5,3,5,False,False,,,True,True,True,sourced
100001647,Entreprise 01647 SAS,S,Autres services,18,10,19,False,False,,,True,False,False,sourced
100001648,Entreprise 01648 SAS,K,Activités financières et assurance,829,500,999,True,True,False,,False,True,True,sourced
100001649,Entreprise 01649 SAS,H,Transports et entreposage,253,250,499,False,False,,,False,True,False,sourced
100001650,Entreprise 01650 SAS,M,Activités spé. scientifiques/techniques,5,3,5,False,False,,,False,True,False,sourced
100001651,Entreprise 01651 SAS,G,"Commerce, réparation auto",3,3,5,False,False,,,False,False,True,contacted
100001652,Entreprise 01652 SAS,F,Construction,9,6,9,False,False,,,True,True,True,sourced
100001653,Entreprise 01653 SAS,G,"Commerce, réparation auto",1364,1000,1999,True,False,,,True,True,False,sourced
100001654,Entreprise 01654 SAS,F,Construction,14,10,19,False,False,,,False,True,True,sourced
100001655,Entreprise 01655 SAS,Q,Santé humaine et action sociale,2722,2000,4999,True,False,,,False,False,True,sourced
100001656,Entreprise 01656 SAS,C,Industrie manufacturière,72,50,99,False,False,,,True,True,False,rejected
100001657,Entreprise 01657 SAS,J,Information et communication,21,20,49,False,False,,,False,True,False,qualified
100001658,Entreprise 01658 SAS,F,Construction,787,500,999,True,True,True,False,False,False,False,sourced
100001659,Entreprise 01659 SAS,J,Information et communication,3,3,5,False,False,,,False,False,False,sourced
100001660,Entreprise 01660 SAS,S,Autres services,108,100,199,False,False,,,False,True,True,sourced
100001661,Entreprise 01661 SAS,N,Services administratifs et soutien,1,1,2,False,False,,,False,False,True,sourced
100001662,Entreprise 01662 SAS,C,Industrie manufacturière,96,50,99,False,False,,,False,True,False,sourced
100001663,Entreprise 01663 SAS,G,"Commerce, réparation auto",607,500,999,True,False,,,True,True,True,sourced
100001664,Entreprise 01664 SAS,M,Activités spé. scientifiques/techniques,14,10,19,False,False,,,True,True,True,sourced
100001665,Entreprise 01665 SAS,M,Activités spé. scientifiques/techniques,1,1,2,False,False,,,False,False,True,sourced
100001666,Entreprise 01666 SAS,S,Autres services,8,6,9,False,False,,,False,True,False,sourced
100001667,Entreprise 01667 SAS,M,Activités spé. scientifiques/techniques,501,500,999,True,True,True,True,False,False,True,sourced
100001668,Entreprise 01668 SAS,G,"Commerce, réparation auto",147,100,199,False,False,,,True,False,True,sourced
100001669,Entreprise 01669 SAS,Q,Santé humaine et action sociale,24,20,49,False,False,,,False,False,True,sourced
100001670,Entreprise 01670 SAS,I,Hébergement et restauration,15,10,19,False,False,,,False,False,True,contacted
100001671,Entreprise 01671 SAS,M,Activités spé. scientifiques/techniques,25,20,49,False,False,,,True,True,False,sourced
100001672,Entreprise 01672 SAS,M,Activités spé. scientifiques/techniques,1602,1000,1999,True,False,,,False,False,False,rejected
100001673,Entreprise 01673 SAS,M,Activités spé. scientifiques/techniques,19,10,19,False,False,,,False,False,False,sourced
100001674,Entreprise 01674 SAS,G,"Commerce, réparation auto",22,20,49,False,False,,,True,True,False,sourced
100001675,Entreprise 01675 SAS,J,Information et communication,795,500,999,True,False,,,True,False,True,rejected
100001676,Entreprise 01676 SAS,I,Hébergement et restauration,17,10,19,False,False,,,False,True,True,sourced
100001677,Entreprise 01677 SAS,N,Services administratifs et soutien,365,250,499,False,False,,,False,False,True,sourced
100001678,Entreprise 01678 SAS,G,"Commerce, réparation auto",3,3,5,False,False,,,False,True,False,qualified
100001679,Entreprise 01679 SAS,N,Services administratifs et soutien,50,50,99,False,False,,,False,False,False,sourced
100001680,Entreprise 01680 SAS,J,Information et communication,4,3,5,False,False,,,False,True,True,sourced
100001681,Entreprise 01681 SAS,F,Construction,1555,1000,1999,True,False,,,False,True,False,sourced
100001682,Entreprise 01682 SAS,M,Activités spé. scientifiques/techniques,577,500,999,True,True,True,True,False,True,True,sourced
100001683,Entreprise 01683 SAS,M,Activités spé. scientifiques/techniques,489,250,499,False,False,,,True,False,False,sourced
100001684,Entreprise 01684 SAS,S,Autres services,190,100,199,False,False,,,True,False,True,sourced
100001685,Entreprise 01685 SAS,F,Construction,1221,1000,1999,True,False,,,False,True,False,rejected
100001686,Entreprise 01686 SAS,G,"Commerce, réparation auto",826,500,999,True,True,False,,False,True,False,qualified
100001687,Entreprise 01687 SAS,N,Services administratifs et soutien,82,50,99,False,False,,,True,True,True,sourced
100001688,Entreprise 01688 SAS,M,Activités spé. scientifiques/techniques,574,500,999,True,True,True,False,False,False,False,sourced
100001689,Entreprise 01689 SAS,I,Hébergement et restauration,57,50,99,False,False,,,True,False,True,sourced
100001690,Entreprise 01690 SAS,M,Activités spé. scientifiques/techniques,1,1,2,False,False,,,False,False,False,sourced
100001691,Entreprise 01691 SAS,F,Construction,268,250,499,False,False,,,False,False,True,sourced
100001692,Entreprise 01692 SAS,M,Activités spé. scientifiques/techniques,26,20,49,False,False,,,False,False,True,qualified
100001693,Entreprise 01693 SAS,M,Activités spé. scientifiques/techniques,12,10,19,False,False,,,False,False,True,sourced
100001694,Entreprise 01694 SAS,S,Autres services,4,3,5,False,False,,,False,False,True,sourced
100001695,Entreprise 01695 SAS,M,Activités spé. scientifiques/techniques,8,6,9,False,False,,,False,False,True,sourced
100001696,Entreprise 01696 SAS,I,Hébergement et restauration,1,1,2,False,False,,,False,True,True,sourced
100001697,Entreprise 01697 SAS,G,"Commerce, réparation auto",80,50,99,False,False,,,False,True,False,sourced
100001698,Entreprise 01698 SAS,F,Construction,44,20,49,False,False,,,False,True,True,sourced
100001699,Entreprise 01699 SAS,C,Industrie manufacturière,133,100,199,False,False,,,False,True,False,sourced
100001700,Entreprise 01700 SAS,C,Industrie manufacturière,766,500,999,True,True,True,True,True,True,False,sourced
100001701,Entreprise 01701 SAS,H,Transports et entreposage,1421,1000,1999,True,False,,,False,False,False,sourced
100001702,Entreprise 01702 SAS,G,"Commerce, réparation auto",16,10,19,False,False,,,False,True,True,contacted
100001703,Entreprise 01703 SAS,S,Autres services,1087,1000,1999,True,False,,,False,True,True,sourced
100001704,Entreprise 01704 SAS,N,Services administratifs et soutien,4,3,5,False,False,,,False,True,False,qualified
100001705,Entreprise 01705 SAS,F,Construction,707,500,999,True,False,,,True,True,False,sourced
100001706,Entreprise 01706 SAS,I,Hébergement et restauration,380,250,499,False,False,,,False,False,True,sourced
100001707,Entreprise 01707 SAS,G,"Commerce, réparation auto",4,3,5,False,False,,,False,True,False,sourced
100001708,Entreprise 01708 SAS,N,Services administratifs et soutien,8,6,9,False,False,,,True,False,False,contacted
100001709,Entreprise 01709 SAS,K,Activités financières et assurance,11,10,19,False,False,,,False,False,True,sourced
100001710,Entreprise 01710 SAS,C,Industrie manufacturière,41,20,49,False,False,,,False,True,True,sourced
100001711,Entreprise 01711 SAS,S,Autres services,84,50,99,False,False,,,True,False,False,contacted
100001712,Entreprise 01712 SAS,N,Services administratifs et soutien,1839,1000,1999,True,False,,,False,False,True,sourced
100001713,Entreprise 01713 SAS,F,Construction,320,250,499,False,False,,,False,True,False,sourced
100001714,Entreprise 01714 SAS,I,Hébergement et restauration,36,20,49,False,False,,,True,False,True,sourced
100001715,Entreprise 01715 SAS,N,Services administratifs et soutien,480,250,499,False,False,,,True,True,True,qualified
100001716,Entreprise 01716 SAS,Q,Santé humaine et action sociale,43,20,49,False,False,,,False,True,True,contacted
100001717,Entreprise 01717 SAS,K,Activités financières et assurance,399,250,499,False,False,,,False,True,True,sourced
100001718,Entreprise 01718 SAS,C,Industrie manufacturière,5,3,5,False,False,,,False,False,False,sourced
100001719,Entreprise 01719 SAS,M,Activités spé. scientifiques/techniques,5,3,5,False,False,,,False,True,False,sourced
100001720,Entreprise 01720 SAS,F,Construction,914,500,999,True,True,True,False,True,False,True,qualified
100001721,Entreprise 01721 SAS,K,Activités financières et assurance,32,20,49,False,False,,,False,False,True,qualified
100001722,Entreprise 01722 SAS,N,Services administratifs et soutien,545,500,999,True,False,,,False,True,False,sourced
100001723,Entreprise 01723 SAS,N,Services administratifs et soutien,17,10,19,False,False,,,False,True,True,qualified
100001724,Entreprise 01724 SAS,F,Construction,319,250,499,False,False,,,True,True,False,sourced
100001725,Entreprise 01725 SAS,H,Transports et entreposage,12,10,19,False,False,,,True,False,True,sourced
100001726,Entreprise 01726 SAS,M,Activités spé. scientifiques/techniques,6,6,9,False,False,,,True,False,False,qualified
100001727,Entreprise 01727 SAS,H,Transports et entreposage,929,500,999,True,True,True,True,True,True,False,sourced
100001728,Entreprise 01728 SAS,Q,Santé humaine et action sociale,1,1,2,False,False,,,True,True,True,sourced
100001729,Entreprise 01729 SAS,H,Transports et entreposage,1,1,2,False,False,,,False,True,False,sourced
100001730,Entreprise 01730 SAS,S,Autres services,2,1,2,False,False,,,False,False,False,sourced
100001731,Entreprise 01731 SAS,M,Activités spé. scientifiques/techniques,1080,1000,1999,True,True,True,False,False,True,False,sourced
100001732,Entreprise 01732 SAS,S,Autres services,333,250,499,False,False,,,False,False,False,sourced
100001733,Entreprise 01733 SAS,Q,Santé humaine et action sociale,12,10,19,False,False,,,False,False,True,sourced
100001734,Entreprise 01734 SAS,S,Autres services,3,3,5,False,False,,,True,True,True,contacted
100001735,Entreprise 01735 SAS,G,"Commerce, réparation auto",8,6,9,False,False,,,True,False,True,sourced
100001736,Entreprise 01736 SAS,I,Hébergement et restauration,14,10,19,False,False,,,True,True,False,sourced
100001737,Entreprise 01737 SAS,N,Services administratifs et soutien,1,1,2,False,False,,,True,False,True,sourced
100001738,Entreprise 01738 SAS,F,Construction,1,1,2,False,False,,,True,True,False,sourced
100001739,Entreprise 01739 SAS,M,Activités spé. scientifiques/techniques,79,50,99,False,False,,,False,True,True,qualified
100001740,Entreprise 01740 SAS,H,Transports et entreposage,2927,2000,4999,True,False,,,False,True,False,sourced
100001741,Entreprise 01741 SAS,G,"Commerce, réparation auto",461,250,499,False,False,,,False,False,False,sourced
100001742,Entreprise 01742 SAS,M,Activités spé. scientifiques/techniques,645,500,999,True,True,True,False,False,False,True,sourced
100001743,Entreprise 01743 SAS,I,Hébergement et restauration,268,250,499,False,False,,,True,True,True,sourced
100001744,Entreprise 01744 SAS,M,Activités spé. scientifiques/techniques,6,6,9,False,False,,,False,False,True,sourced
100001745,Entreprise 01745 SAS,C,Industrie manufacturière,286,250,499,False,False,,,False,True,True,qualified
100001746,Entreprise 01746 SAS,F,Construction,95,50,99,False,False,,,False,False,False,sourced
100001747,Entreprise 01747 SAS,M,Activités spé. scientifiques/techniques,48,20,49,False,False,,,True,True,True,sourced
100001748,Entreprise 01748 SAS,G,"Commerce, réparation auto",28,20,49,False,False,,,False,True,True,sourced
100001749,Entreprise 01749 SAS,K,Activités financières et assurance,17,10,19,False,False,,,False,True,True,sourced
100001750,Entreprise 01750 SAS,F,Construction,312,250,499,False,False,,,False,True,True,contacted
100001751,Entreprise 01751 SAS,M,Activités spé. scientifiques/techniques,41,20,49,False,False,,,True,True,False,sourced
100001752,Entreprise 01752 SAS,G,"Commerce, réparation auto",4,3,5,False,False,,,False,True,False,qualified
100001753,Entreprise 01753 SAS,H,Transports et entreposage,1321,1000,1999,True,False,,,False,False,False,sourced
100001754,Entreprise 01754 SAS,S,Autres services,3,3,5,False,False,,,True,True,True,sourced
100001755,Entreprise 01755 SAS,K,Activités financières et assurance,569,500,999,True,True,True,True,False,False,False,sourced
100001756,Entreprise 01756 SAS,N,Services administratifs et soutien,9,6,9,False,False,,,True,True,False,qualified
100001757,Entreprise 01757 SAS,Q,Santé humaine et action sociale,1,1,2,False,False,,,False,False,False,contacted
100001758,Entreprise 01758 SAS,M,Activités spé. scientifiques/techniques,32,20,49,False,False,,,False,True,True,qualified
100001759,Entreprise 01759 SAS,S,Autres services,349,250,499,False,False,,,False,True,True,qualified
100001760,Entreprise 01760 SAS,S,Autres services,156,100,199,False,False,,,False,True,True,sourced
100001761,Entreprise 01761 SAS,F,Construction,189,100,199,False,False,,,False,False,True,sourced
100001762,Entreprise 01762 SAS,H,Transports et entreposage,763,500,999,True,False,,,False,True,True,sourced
100001763,Entreprise 01763 SAS,G,"Commerce, réparation auto",372,250,499,False,False,,,False,True,True,sourced
100001764,Entreprise 01764 SAS,G,"Commerce, réparation auto",411,250,499,False,False,,,False,False,False,sourced
100001765,Entreprise 01765 SAS,F,Construction,494,250,499,False,False,,,True,False,True,qualified
100001766,Entreprise 01766 SAS,I,Hébergement et restauration,582,500,999,True,True,True,False,False,True,False,sourced
100001767,Entreprise 01767 SAS,N,Services administratifs et soutien,1348,1000,1999,True,True,True,True,True,True,True,sourced
100001768,Entreprise 01768 SAS,C,Industrie manufacturière,225,200,249,False,False,,,False,False,False,sourced
100001769,Entreprise 01769 SAS,G,"Commerce, réparation auto",2,1,2,False,False,,,False,False,True,sourced
100001770,Entreprise 01770 SAS,I,Hébergement et restauration,776,500,999,True,False,,,False,True,True,sourced
100001771,Entreprise 01771 SAS,F,Construction,41,20,49,False,False,,,False,False,True,sourced
100001772,Entreprise 01772 SAS,F,Construction,48,20,49,False,False,,,False,True,False,sourced
100001773,Entreprise 01773 SAS,N,Services administratifs et soutien,2,1,2,False,False,,,False,True,False,sourced
100001774,Entreprise 01774 SAS,N,Services administratifs et soutien,4,3,5,False,False,,,False,True,True,sourced
100001775,Entreprise 01775 SAS,G,"Commerce, réparation auto",3,3,5,False,False,,,False,True,False,rejected
100001776,Entreprise 01776 SAS,F,Construction,15,10,19,False,False,,,True,True,True,sourced
100001777,Entreprise 01777 SAS,G,"Commerce, réparation auto",41,20,49,False,False,,,False,True,True,sourced
100001778,Entreprise 01778 SAS,M,Activités spé. scientifiques/techniques,4,3,5,False,False,,,False,True,False,sourced
100001779,Entreprise 01779 SAS,M,Activités spé. scientifiques/techniques,2,1,2,False,False,,,False,True,False,sourced
100001780,Entreprise 01780 SAS,F,Construction,875,500,999,True,True,False,,False,False,True,qualified
100001781,Entreprise 01781 SAS,G,"Commerce, réparation auto",1,1,2,False,False,,,True,False,True,sourced
100001782,Entreprise 01782 SAS,F,Construction,659,500,999,True,True,True,True,True,True,True,sourced
100001783,Entreprise 01783 SAS,N,Services administratifs et soutien,5,3,5,False,False,,,False,True,True,sourced
100001784,Entreprise 01784 SAS,Q,Santé humaine et action sociale,4,3,5,False,False,,,False,True,True,sourced
100001785,Entreprise 01785 SAS,C,Industrie manufacturière,8,6,9,False,False,,,False,True,True,sourced
100001786,Entreprise 01786 SAS,G,"Commerce, réparation auto",64,50,99,False,False,,,False,True,True,qualified
100001787,Entreprise 01787 SAS,M,Activités spé. scientifiques/techniques,3,3,5,False,False,,,False,False,True,sourced
100001788,Entreprise 01788 SAS,M,Activités spé. scientifiques/techniques,4,3,5,False,False,,,False,False,True,sourced
100001789,Entreprise 01789 SAS,F,Construction,14,10,19,False,False,,,True,False,False,sourced
100001790,Entreprise 01790 SAS,M,Activités spé. scientifiques/techniques,10,10,19,False,False,,,False,True,True,sourced
100001791,Entreprise 01791 SAS,G,"Commerce, réparation auto",6,6,9,False,False,,,False,True,True,sourced
100001792,Entreprise 01792 SAS,C,Industrie manufacturière,842,500,999,True,False,,,True,True,True,sourced
100001793,Entreprise 01793 SAS,K,Activités financières et assurance,3,3,5,False,False,,,False,True,True,sourced
100001794,Entreprise 01794 SAS,F,Construction,9,6,9,False,False,,,True,True,False,contacted
100001795,Entreprise 01795 SAS,C,Industrie manufacturière,18,10,19,False,False,,,False,True,True,sourced
100001796,Entreprise 01796 SAS,C,Industrie manufacturière,639,500,999,True,True,True,False,True,True,True,sourced
100001797,Entreprise 01797 SAS,H,Transports et entreposage,3,3,5,False,False,,,False,True,False,sourced
100001798,Entreprise 01798 SAS,F,Construction,66,50,99,False,False,,,True,True,False,qualified
100001799,Entreprise 01799 SAS,M,Activités spé. scientifiques/techniques,18,10,19,False,False,,,False,True,False,sourced
100001800,Entreprise 01800 SAS,G,"Commerce, réparation auto",46,20,49,False,False,,,False,True,True,sourced
100001801,Entreprise 01801 SAS,I,Hébergement et restauration,1188,1000,1999,True,False,,,False,True,True,sourced
100001802,Entreprise 01802 SAS,S,Autres services,133,100,199,False,False,,,False,True,True,sourced
100001803,Entreprise 01803 SAS,Q,Santé humaine et action sociale,405,250,499,False,False,,,False,False,True,sourced
100001804,Entreprise 01804 SAS,G,"Commerce, réparation auto",60,50,99,False,False,,,False,True,False,contacted
100001805,Entreprise 01805 SAS,C,Industrie manufacturière,20,20,49,False,False,,,False,True,True,sourced
100001806,Entreprise 01806 SAS,C,Industrie manufacturière,56,50,99,False,False,,,False,False,False,sourced
100001807,Entreprise 01807 SAS,K,Activités financières et assurance,5,3,5,False,False,,,False,True,True,sourced
100001808,Entreprise 01808 SAS,G,"Commerce, réparation auto",466,250,499,False,False,,,True,False,False,sourced
100001809,Entreprise 01809 SAS,G,"Commerce, réparation auto",21,20,49,False,False,,,True,True,True,contacted
100001810,Entreprise 01810 SAS,H,Transports et entreposage,994,500,999,True,True,True,True,False,False,True,sourced
100001811,Entreprise 01811 SAS,I,Hébergement et restauration,845,500,999,True,False,,,False,True,True,sourced
100001812,Entreprise 01812 SAS,M,Activités spé. scientifiques/techniques,48,20,49,False,False,,,True,True,False,sourced
100001813,Entreprise 01813 SAS,C,Industrie manufacturière,15,10,19,False,False,,,False,False,True,sourced
100001814,Entreprise 01814 SAS,M,Activités spé. scientifiques/techniques,944,500,999,True,True,True,True,True,False,True,sourced
100001815,Entreprise 01815 SAS,G,"Commerce, réparation auto",744,500,999,True,True,False,,False,True,True,sourced
100001816,Entreprise 01816 SAS,F,Construction,470,250,499,False,False,,,False,True,False,sourced
100001817,Entreprise 01817 SAS,S,Autres services,1,1,2,False,False,,,True,False,False,sourced
100001818,Entreprise 01818 SAS,F,Construction,730,500,999,True,True,True,False,False,False,False,sourced
100001819,Entreprise 01819 SAS,K,Activités financières et assurance,2,1,2,False,False,,,False,False,True,sourced
100001820,Entreprise 01820 SAS,J,Information et communication,376,250,499,False,False,,,False,False,False,sourced
100001821,Entreprise 01821 SAS,Q,Santé humaine et action sociale,1,1,2,False,False,,,False,True,True,sourced
100001822,Entreprise 01822 SAS,F,Construction,14,10,19,False,False,,,False,True,True,sourced
100001823,Entreprise 01823 SAS,G,"Commerce, réparation auto",7,6,9,False,False,,,True,False,False,qualified
100001824,Entreprise 01824 SAS,I,Hébergement et restauration,21,20,49,False,False,,,False,True,True,sourced
100001825,Entreprise 01825 SAS,S,Autres services,926,500,999,True,False,,,False,False,False,qualified
100001826,Entreprise 01826 SAS,F,Construction,5,3,5,False,False,,,False,True,False,sourced
100001827,Entreprise 01827 SAS,H,Transports et entreposage,1582,1000,1999,True,True,False,,True,False,False,sourced
100001828,Entreprise 01828 SAS,M,Activités spé. scientifiques/techniques,415,250,499,False,False,,,True,True,False,sourced
100001829,Entreprise 01829 SAS,C,Industrie manufacturière,291,250,499,False,False,,,False,True,True,sourced
100001830,Entreprise 01830 SAS,I,Hébergement et restauration,39,20,49,False,False,,,True,False,True,sourced
100001831,Entreprise 01831 SAS,S,Autres services,4,3,5,False,False,,,False,False,True,sourced
100001832,Entreprise 01832 SAS,F,Construction,17,10,19,False,False,,,True,False,True,sourced
100001833,Entreprise 01833 SAS,G,"Commerce, réparation auto",1873,1000,1999,True,False,,,False,True,True,sourced
100001834,Entreprise 01834 SAS,F,Construction,45,20,49,False,False,,,True,True,True,sourced
100001835,Entreprise 01835 SAS,G,"Commerce, réparation auto",339,250,499,False,False,,,True,True,True,sourced
100001836,Entreprise 01836 SAS,G,"Commerce, réparation auto",864,500,999,True,False,,,False,False,True,sourced
100001837,Entreprise 01837 SAS,N,Services administratifs et soutien,6,6,9,False,False,,,False,True,False,rejected
100001838,Entreprise 01838 SAS,M,Activités spé. scientifiques/techniques,42,20,49,False,False,,,False,False,False,qualified
100001839,Entreprise 01839 SAS,S,Autres services,8,6,9,False,False,,,False,True,True,sourced
100001840,Entreprise 01840 SAS,G,"Commerce, réparation auto",2,1,2,False,False,,,False,True,False,sourced
100001841,Entreprise 01841 SAS,F,Construction,29,20,49,False,False,,,False,True,True,sourced
100001842,Entreprise 01842 SAS,N,Services administratifs et soutien,403,250,499,False,False,,,False,True,False,sourced
100001843,Entreprise 01843 SAS,I,Hébergement et restauration,4,3,5,False,False,,,False,False,False,sourced
100001844,Entreprise 01844 SAS,N,Services administratifs et soutien,8,6,9,False,False,,,False,True,True,sourced
100001845,Entreprise 01845 SAS,C,Industrie manufacturière,612,500,999,True,True,True,False,False,True,True,qualified
100001846,Entreprise 01846 SAS,C,Industrie manufacturière,140,100,199,False,False,,,False,True,False,qualified
100001847,Entreprise 01847 SAS,S,Autres services,17,10,19,False,False,,,True,True,True,sourced
100001848,Entreprise 01848 SAS,S,Autres services,17,10,19,False,False,,,False,False,True,sourced
100001849,Entreprise 01849 SAS,J,Information et communication,23,20,49,False,False,,,False,False,True,sourced
100001850,Entreprise 01850 SAS,G,"Commerce, réparation auto",358,250,499,False,False,,,True,False,False,sourced
100001851,Entreprise 01851 SAS,J,Information et communication,46,20,49,False,False,,,True,False,True,sourced
100001852,Entreprise 01852 SAS,F,Construction,4,3,5,False,False,,,True,True,False,sourced
100001853,Entreprise 01853 SAS,F,Construction,170,100,199,False,False,,,False,True,True,sourced
100001854,Entreprise 01854 SAS,I,Hébergement et restauration,41,20,49,False,False,,,False,True,True,sourced
100001855,Entreprise 01855 SAS,S,Autres services,13,10,19,False,False,,,False,True,True,sourced
100001856,Entreprise 01856 SAS,M,Activités spé. scientifiques/techniques,497,250,499,False,False,,,False,True,True,sourced
100001857,Entreprise 01857 SAS,M,Activités spé. scientifiques/techniques,874,500,999,True,False,,,False,False,True,sourced
100001858,Entreprise 01858 SAS,G,"Commerce, réparation auto",1238,1000,1999,True,True,True,True,False,True,True,contacted
100001859,Entreprise 01859 SAS,G,"Commerce, réparation auto",21,20,49,False,False,,,False,False,False,sourced
100001860,Entreprise 01860 SAS,C,Industrie manufacturière,24,20,49,False,False,,,False,True,True,qualified
100001861,Entreprise 01861 SAS,Q,Santé humaine et action sociale,2,1,2,False,False,,,True,False,False,sourced
100001862,Entreprise 01862 SAS,N,Services administratifs et soutien,605,500,999,True,False,,,False,True,True,sourced
100001863,Entreprise 01863 SAS,Q,Santé humaine et action sociale,79,50,99,False,False,,,False,False,True,sourced
100001864,Entreprise 01864 SAS,F,Construction,4,3,5,False,False,,,False,True,True,qualified
100001865,Entreprise 01865 SAS,F,Construction,960,500,999,True,True,False,,True,False,True,sourced
100001866,Entreprise 01866 SAS,N,Services administratifs et soutien,36,20,49,False,False,,,True,True,True,sourced
100001867,Entreprise 01867 SAS,Q,Santé humaine et action sociale,442,250,499,False,False,,,False,True,True,sourced
100001868,Entreprise 01868 SAS,F,Construction,217,200,249,False,False,,,False,True,True,sourced
100001869,Entreprise 01869 SAS,F,Construction,6,6,9,False,False,,,False,True,True,sourced
100001870,Entreprise 01870 SAS,G,"Commerce, réparation auto",7,6,9,False,False,,,False,False,False,sourced
100001871,Entreprise 01871 SAS,K,Activités financières et assurance,524,500,999,True,False,,,True,False,True,qualified
100001872,Entreprise 01872 SAS,K,Activités financières et assurance,7,6,9,False,False,,,False,False,True,sourced
100001873,Entreprise 01873 SAS,F,Construction,1024,1000,1999,True,True,False,,False,False,True,sourced
100001874,Entreprise 01874 SAS,I,Hébergement et restauration,1075,1000,1999,True,False,,,False,True,True,sourced
100001875,Entreprise 01875 SAS,N,Services administratifs et soutien,4,3,5,False,False,,,False,False,False,contacted
100001876,Entreprise 01876 SAS,N,Services administratifs et soutien,57,50,99,False,False,,,True,False,False,sourced
100001877,Entreprise 01877 SAS,F,Construction,730,500,999,True,True,True,False,False,False,True,sourced
100001878,Entreprise 01878 SAS,M,Activités spé. scientifiques/techniques,349,250,499,False,False,,,False,True,False,qualified
100001879,Entreprise 01879 SAS,G,"Commerce, réparation auto",58,50,99,False,False,,,False,False,True,sourced
100001880,Entreprise 01880 SAS,S,Autres services,2,1,2,False,False,,,True,True,True,sourced
100001881,Entreprise 01881 SAS,M,Activités spé. scientifiques/techniques,1182,1000,1999,True,False,,,False,True,True,qualified
100001882,Entreprise 01882 SAS,F,Construction,324,250,499,False,False,,,False,False,True,sourced
100001883,Entreprise 01883 SAS,S,Autres services,29,20,49,False,False,,,False,False,False,sourced
100001884,Entreprise 01884 SAS,N,Services administratifs et soutien,16,10,19,False,False,,,False,True,False,sourced
100001885,Entreprise 01885 SAS,G,"Commerce, réparation auto",20,20,49,False,False,,,False,False,False,sourced
100001886,Entreprise 01886 SAS,M,Activités spé. scientifiques/techniques,29,20,49,False,False,,,False,True,True,sourced
100001887,Entreprise 01887 SAS,S,Autres services,1,1,2,False,False,,,False,True,True,sourced
100001888,Entreprise 01888 SAS,F,Construction,10,10,19,False,False,,,True,True,True,sourced
100001889,Entreprise 01889 SAS,C,Industrie manufacturière,1161,1000,1999,True,False,,,False,True,False,sourced
100001890,Entreprise 01890 SAS,C,Industrie manufacturière,5,3,5,False,False,,,False,False,True,qualified
100001891,Entreprise 01891 SAS,N,Services administratifs et soutien,8,6,9,False,False,,,True,False,True,qualified
100001892,Entreprise 01892 SAS,F,Construction,10,10,19,False,False,,,False,False,False,sourced
100001893,Entreprise 01893 SAS,G,"Commerce, réparation auto",198,100,199,False,False,,,False,True,False,sourced
100001894,Entreprise 01894 SAS,F,Construction,32,20,49,False,False,,,True,True,True,rejected
100001895,Entreprise 01895 SAS,M,Activités spé. scientifiques/techniques,4,3,5,False,False,,,False,False,True,sourced
100001896,Entreprise 01896 SAS,G,"Commerce, réparation auto",332,250,499,False,False,,,True,True,False,contacted
100001897,Entreprise 01897 SAS,C,Industrie manufacturière,1301,1000,1999,True,False,,,True,True,False,sourced
100001898,Entreprise 01898 SAS,C,Industrie manufacturière,11,10,19,False,False,,,False,False,True,sourced
100001899,Entreprise 01899 SAS,H,Transports et entreposage,19,10,19,False,False,,,False,False,True,sourced
100001900,Entreprise 01900 SAS,H,Transports et entreposage,798,500,999,True,True,True,False,False,False,True,sourced
100001901,Entreprise 01901 SAS,Q,Santé humaine et action sociale,1,1,2,False,False,,,True,True,False,sourced
100001902,Entreprise 01902 SAS,G,"Commerce, réparation auto",2069,2000,4999,True,True,False,,False,False,True,sourced
100001903,Entreprise 01903 SAS,I,Hébergement et restauration,383,250,499,False,False,,,False,True,True,sourced
100001904,Entreprise 01904 SAS,S,Autres services,1,1,2,False,False,,,False,False,False,sourced
100001905,Entreprise 01905 SAS,G,"Commerce, réparation auto",2534,2000,4999,True,False,,,False,True,True,sourced
100001906,Entreprise 01906 SAS,G,"Commerce, réparation auto",17,10,19,False,False,,,True,True,False,sourced
100001907,Entreprise 01907 SAS,G,"Commerce, réparation auto",6,6,9,False,False,,,False,False,True,qualified
100001908,Entreprise 01908 SAS,S,Autres services,1921,1000,1999,True,True,False,,False,True,True,sourced
100001909,Entreprise 01909 SAS,Q,Santé humaine et action sociale,1,1,2,False,False,,,False,False,True,sourced
100001910,Entreprise 01910 SAS,G,"Commerce, réparation auto",17,10,19,False,False,,,False,False,True,rejected
100001911,Entreprise 01911 SAS,I,Hébergement et restauration,2,1,2,False,False,,,False,True,True,contacted
100001912,Entreprise 01912 SAS,G,"Commerce, réparation auto",64,50,99,False,False,,,False,True,False,sourced
100001913,Entreprise 01913 SAS,S,Autres services,20,20,49,False,False,,,False,False,True,sourced
100001914,Entreprise 01914 SAS,H,Transports et entreposage,15,10,19,False,False,,,False,True,True,sourced
100001915,Entreprise 01915 SAS,S,Autres services,3,3,5,False,False,,,False,True,False,sourced
100001916,Entreprise 01916 SAS,C,Industrie manufacturière,2,1,2,False,False,,,True,True,False,sourced
100001917,Entreprise 01917 SAS,C,Industrie manufacturière,110,100,199,False,False,,,False,False,False,sourced
100001918,Entreprise 01918 SAS,S,Autres services,12,10,19,False,False,,,True,False,False,sourced
100001919,Entreprise 01919 SAS,H,Transports et entreposage,46,20,49,False,False,,,False,True,True,sourced
100001920,Entreprise 01920 SAS,M,Activités spé. scientifiques/techniques,16,10,19,False,False,,,True,True,True,sourced
100001921,Entreprise 01921 SAS,S,Autres services,19,10,19,False,False,,,False,False,True,sourced
100001922,Entreprise 01922 SAS,M,Activités spé. scientifiques/techniques,312,250,499,False,False,,,False,True,True,qualified
100001923,Entreprise 01923 SAS,N,Services administratifs et soutien,15,10,19,False,False,,,False,False,True,sourced
100001924,Entreprise 01924 SAS,S,Autres services,7,6,9,False,False,,,False,False,True,contacted
100001925,Entreprise 01925 SAS,G,"Commerce, réparation auto",38,20,49,False,False,,,False,False,True,sourced
100001926,Entreprise 01926 SAS,S,Autres services,32,20,49,False,False,,,False,True,True,sourced
100001927,Entreprise 01927 SAS,F,Construction,6,6,9,False,False,,,False,True,False,sourced
100001928,Entreprise 01928 SAS,H,Transports et entreposage,346,250,499,False,False,,,False,True,True,sourced
100001929,Entreprise 01929 SAS,M,Activités spé. scientifiques/techniques,11,10,19,False,False,,,True,False,True,sourced
100001930,Entreprise 01930 SAS,G,"Commerce, réparation auto",19,10,19,False,False,,,False,True,True,sourced
100001931,Entreprise 01931 SAS,H,Transports et entreposage,932,500,999,True,True,True,False,True,False,True,sourced
100001932,Entreprise 01932 SAS,M,Activités spé. scientifiques/techniques,6,6,9,False,False,,,True,True,True,sourced
100001933,Entreprise 01933 SAS,C,Industrie manufacturière,32,20,49,False,False,,,True,False,True,sourced
100001934,Entreprise 01934 SAS,G,"Commerce, réparation auto",184,100,199,False,False,,,False,True,False,sourced
100001935,Entreprise 01935 SAS,M,Activités spé. scientifiques/techniques,1194,1000,1999,True,True,False,,True,True,False,qualified
100001936,Entreprise 01936 SAS,G,"Commerce, réparation auto",2910,2000,4999,True,True,True,False,False,False,False,sourced
100001937,Entreprise 01937 SAS,C,Industrie manufacturière,783,500,999,True,True,True,False,False,False,False,qualified
100001938,Entreprise 01938 SAS,I,Hébergement et restauration,64,50,99,False,False,,,False,True,True,sourced
100001939,Entreprise 01939 SAS,C,Industrie manufacturière,20,20,49,False,False,,,False,False,False,qualified
100001940,Entreprise 01940 SAS,I,Hébergement et restauration,9,6,9,False,False,,,True,True,True,sourced
100001941,Entreprise 01941 SAS,H,Transports et entreposage,11,10,19,False,False,,,True,False,True,sourced
100001942,Entreprise 01942 SAS,H,Transports et entreposage,903,500,999,True,True,True,True,False,True,True,sourced
100001943,Entreprise 01943 SAS,F,Construction,12,10,19,False,False,,,False,True,False,sourced
100001944,Entreprise 01944 SAS,H,Transports et entreposage,70,50,99,False,False,,,False,True,True,sourced
100001945,Entreprise 01945 SAS,S,Autres services,4,3,5,False,False,,,False,False,True,contacted
100001946,Entreprise 01946 SAS,J,Information et communication,7,6,9,False,False,,,False,True,False,sourced
100001947,Entreprise 01947 SAS,M,Activités spé. scientifiques/techniques,38,20,49,False,False,,,True,False,False,sourced
100001948,Entreprise 01948 SAS,M,Activités spé. scientifiques/techniques,37,20,49,False,False,,,False,True,True,qualified
100001949,Entreprise 01949 SAS,J,Information et communication,421,250,499,False,False,,,True,False,True,sourced
100001950,Entreprise 01950 SAS,Q,Santé humaine et action sociale,575,500,999,True,False,,,False,True,True,contacted
100001951,Entreprise 01951 SAS,F,Construction,15,10,19,False,False,,,False,False,True,sourced
100001952,Entreprise 01952 SAS,S,Autres services,369,250,499,False,False,,,False,False,True,sourced
100001953,Entreprise 01953 SAS,N,Services administratifs et soutien,394,250,499,False,False,,,False,False,True,sourced
100001954,Entreprise 01954 SAS,G,"Commerce, réparation auto",95,50,99,False,False,,,False,False,False,sourced
100001955,Entreprise 01955 SAS,H,Transports et entreposage,2153,2000,4999,True,False,,,False,False,False,sourced
100001956,Entreprise 01956 SAS,G,"Commerce, réparation auto",4,3,5,False,False,,,False,False,True,sourced
100001957,Entreprise 01957 SAS,F,Construction,29,20,49,False,False,,,False,True,True,sourced
100001958,Entreprise 01958 SAS,F,Construction,290,250,499,False,False,,,False,True,True,sourced
100001959,Entreprise 01959 SAS,S,Autres services,21,20,49,False,False,,,False,True,True,sourced
100001960,Entreprise 01960 SAS,J,Information et communication,3,3,5,False,False,,,False,True,False,sourced
100001961,Entreprise 01961 SAS,G,"Commerce, réparation auto",22,20,49,False,False,,,False,True,True,sourced
100001962,Entreprise 01962 SAS,G,"Commerce, réparation auto",120,100,199,False,False,,,True,True,True,sourced
100001963,Entreprise 01963 SAS,M,Activités spé. scientifiques/techniques,39,20,49,False,False,,,False,False,True,sourced
100001964,Entreprise 01964 SAS,N,Services administratifs et soutien,2,1,2,False,False,,,True,True,False,sourced
100001965,Entreprise 01965 SAS,H,Transports et entreposage,6,6,9,False,False,,,True,True,True,sourced
100001966,Entreprise 01966 SAS,S,Autres services,994,500,999,True,False,,,True,True,True,sourced
100001967,Entreprise 01967 SAS,F,Construction,836,500,999,True,True,True,True,False,False,False,sourced
100001968,Entreprise 01968 SAS,G,"Commerce, réparation auto",15,10,19,False,False,,,True,False,False,qualified
100001969,Entreprise 01969 SAS,G,"Commerce, réparation auto",24,20,49,False,False,,,False,False,True,sourced
100001970,Entreprise 01970 SAS,M,Activités spé. scientifiques/techniques,545,500,999,True,False,,,False,True,True,sourced
100001971,Entreprise 01971 SAS,Q,Santé humaine et action sociale,12,10,19,False,False,,,False,False,True,sourced
100001972,Entreprise 01972 SAS,N,Services administratifs et soutien,977,500,999,True,False,,,False,False,True,sourced
100001973,Entreprise 01973 SAS,J,Information et communication,7,6,9,False,False,,,False,True,False,qualified
100001974,Entreprise 01974 SAS,M,Activités spé. scientifiques/techniques,231,200,249,False,False,,,False,False,True,qualified
100001975,Entreprise 01975 SAS,G,"Commerce, réparation auto",11,10,19,False,False,,,False,True,False,qualified
100001976,Entreprise 01976 SAS,N,Services administratifs et soutien,6,6,9,False,False,,,False,True,True,sourced
100001977,Entreprise 01977 SAS,G,"Commerce, réparation auto",6,6,9,False,False,,,False,True,True,qualified
100001978,Entreprise 01978 SAS,C,Industrie manufacturière,7,6,9,False,False,,,False,False,False,sourced
100001979,Entreprise 01979 SAS,Q,Santé humaine et action sociale,21,20,49,False,False,,,True,False,True,qualified
100001980,Entreprise 01980 SAS,N,Services administratifs et soutien,11,10,19,False,False,,,False,False,False,sourced
100001981,Entreprise 01981 SAS,J,Information et communication,1,1,2,False,False,,,False,True,True,sourced
100001982,Entreprise 01982 SAS,G,"Commerce, réparation auto",1601,1000,1999,True,True,False,,False,True,False,qualified
100001983,Entreprise 01983 SAS,F,Construction,24,20,49,False,False,,,False,True,True,sourced
100001984,Entreprise 01984 SAS,M,Activités spé. scientifiques/techniques,1,1,2,False,False,,,True,True,True,sourced
100001985,Entreprise 01985 SAS,M,Activités spé. scientifiques/techniques,9,6,9,False,False,,,False,True,False,sourced
100001986,Entreprise 01986 SAS,S,Autres services,101,100,199,False,False,,,False,False,True,qualified
100001987,Entreprise 01987 SAS,H,Transports et entreposage,35,20,49,False,False,,,False,True,True,qualified
100001988,Entreprise 01988 SAS,F,Construction,15,10,19,False,False,,,True,True,True,sourced
100001989,Entreprise 01989 SAS,H,Transports et entreposage,18,10,19,False,False,,,False,True,True,qualified
100001990,Entreprise 01990 SAS,S,Autres services,6,6,9,False,False,,,False,False,False,sourced
100001991,Entreprise 01991 SAS,K,Activités financières et assurance,32,20,49,False,False,,,False,False,True,sourced
100001992,Entreprise 01992 SAS,H,Transports et entreposage,89,50,99,False,False,,,False,False,True,sourced
100001993,Entreprise 01993 SAS,G,"Commerce, réparation auto",1,1,2,False,False,,,False,False,True,sourced
100001994,Entreprise 01994 SAS,S,Autres services,1302,1000,1999,True,False,,,False,True,True,sourced
100001995,Entreprise 01995 SAS,I,Hébergement et restauration,107,100,199,False,False,,,True,False,False,sourced
100001996,Entreprise 01996 SAS,Q,Santé humaine et action sociale,6,6,9,False,False,,,False,True,True,sourced
100001997,Entreprise 01997 SAS,G,"Commerce, réparation auto",899,500,999,True,True,True,False,True,False,True,sourced
100001998,Entreprise 01998 SAS,N,Services administratifs et soutien,3,3,5,False,False,,,False,True,False,sourced
100001999,Entreprise 01999 SAS,G,"Commerce, réparation auto",165,100,199,False,False,,,False,False,True,sourced
100002000,Entreprise 02000 SAS,F,Construction,1,1,2,False,False,,,False,False,True,sourced
100002001,Entreprise 02001 SAS,H,Transports et entreposage,3,3,5,False,False,,,False,True,False,sourced
100002002,Entreprise 02002 SAS,G,"Commerce, réparation auto",242,200,249,False,False,,,False,False,False,contacted
100002003,Entreprise 02003 SAS,F,Construction,6,6,9,False,False,,,False,False,True,contacted
100002004,Entreprise 02004 SAS,Q,Santé humaine et action sociale,562,500,999,True,True,False,,False,True,False,sourced
100002005,Entreprise 02005 SAS,S,Autres services,206,200,249,False,False,,,False,False,False,sourced
100002006,Entreprise 02006 SAS,M,Activités spé. scientifiques/techniques,543,500,999,True,True,False,,False,True,True,qualified
100002007,Entreprise 02007 SAS,G,"Commerce, réparation auto",1,1,2,False,False,,,True,True,True,rejected
100002008,Entreprise 02008 SAS,M,Activités spé. scientifiques/techniques,594,500,999,True,False,,,True,False,True,qualified
100002009,Entreprise 02009 SAS,C,Industrie manufacturière,16,10,19,False,False,,,False,True,False,sourced
100002010,Entreprise 02010 SAS,N,Services administratifs et soutien,18,10,19,False,False,,,True,False,True,contacted
100002011,Entreprise 02011 SAS,G,"Commerce, réparation auto",10,10,19,False,False,,,False,False,True,sourced
100002012,Entreprise 02012 SAS,G,"Commerce, réparation auto",1883,1000,1999,True,False,,,False,False,True,qualified
100002013,Entreprise 02013 SAS,G,"Commerce, réparation auto",7,6,9,False,False,,,False,True,True,sourced
100002014,Entreprise 02014 SAS,G,"Commerce, réparation auto",248,200,249,False,False,,,True,False,True,sourced
100002015,Entreprise 02015 SAS,G,"Commerce, réparation auto",4,3,5,False,False,,,True,False,False,sourced
100002016,Entreprise 02016 SAS,G,"Commerce, réparation auto",9,6,9,False,False,,,False,True,True,sourced
100002017,Entreprise 02017 SAS,N,Services administratifs et soutien,1233,1000,1999,True,True,False,,False,False,False,qualified
100002018,Entreprise 02018 SAS,N,Services administratifs et soutien,11,10,19,False,False,,,False,False,True,sourced
100002019,Entreprise 02019 SAS,M,Activités spé. scientifiques/techniques,4,3,5,False,False,,,True,True,True,sourced
100002020,Entreprise 02020 SAS,G,"Commerce, réparation auto",106,100,199,False,False,,,True,True,True,sourced
100002021,Entreprise 02021 SAS,K,Activités financières et assurance,363,250,499,False,False,,,False,True,True,sourced
100002022,Entreprise 02022 SAS,M,Activités spé. scientifiques/techniques,1,1,2,False,False,,,True,False,False,sourced
100002023,Entreprise 02023 SAS,K,Activités financières et assurance,20,20,49,False,False,,,False,True,True,rejected
100002024,Entreprise 02024 SAS,J,Information et communication,26,20,49,False,False,,,False,True,True,contacted
100002025,Entreprise 02025 SAS,I,Hébergement et restauration,1,1,2,False,False,,,True,True,True,sourced
100002026,Entreprise 02026 SAS,Q,Santé humaine et action sociale,209,200,249,False,False,,,False,True,True,sourced
100002027,Entreprise 02027 SAS,N,Services administratifs et soutien,2,1,2,False,False,,,True,False,True,qualified
100002028,Entreprise 02028 SAS,N,Services administratifs et soutien,1,1,2,False,False,,,True,True,True,contacted
100002029,Entreprise 02029 SAS,M,Activités spé. scientifiques/techniques,1469,1000,1999,True,False,,,False,False,False,sourced
100002030,Entreprise 02030 SAS,H,Transports et entreposage,22,20,49,False,False,,,False,False,False,sourced
100002031,Entreprise 02031 SAS,G,"Commerce, réparation auto",516,500,999,True,True,False,,False,True,True,sourced
100002032,Entreprise 02032 SAS,G,"Commerce, réparation auto",25,20,49,False,False,,,False,True,True,sourced
100002033,Entreprise 02033 SAS,S,Autres services,10,10,19,False,False,,,True,False,False,sourced
100002034,Entreprise 02034 SAS,G,"Commerce, réparation auto",153,100,199,False,False,,,False,True,True,sourced
100002035,Entreprise 02035 SAS,G,"Commerce, réparation auto",3,3,5,False,False,,,False,True,True,sourced
100002036,Entreprise 02036 SAS,G,"Commerce, réparation auto",4,3,5,False,False,,,False,True,False,sourced
100002037,Entreprise 02037 SAS,N,Services administratifs et soutien,3,3,5,False,False,,,False,False,True,sourced
100002038,Entreprise 02038 SAS,F,Construction,1,1,2,False,False,,,False,False,True,sourced
100002039,Entreprise 02039 SAS,M,Activités spé. scientifiques/techniques,465,250,499,False,False,,,False,False,True,sourced
100002040,Entreprise 02040 SAS,C,Industrie manufacturière,911,500,999,True,True,True,False,False,False,False,sourced
100002041,Entreprise 02041 SAS,G,"Commerce, réparation auto",10,10,19,False,False,,,False,True,False,sourced
100002042,Entreprise 02042 SAS,M,Activités spé. scientifiques/techniques,683,500,999,True,True,False,,False,False,True,sourced
100002043,Entreprise 02043 SAS,C,Industrie manufacturière,500,500,999,True,True,True,False,False,True,True,sourced
100002044,Entreprise 02044 SAS,J,Information et communication,557,500,999,True,False,,,True,False,False,sourced
100002045,Entreprise 02045 SAS,M,Activités spé. scientifiques/techniques,2,1,2,False,False,,,False,False,True,sourced
100002046,Entreprise 02046 SAS,G,"Commerce, réparation auto",327,250,499,False,False,,,False,False,True,sourced
100002047,Entreprise 02047 SAS,J,Information et communication,35,20,49,False,False,,,False,True,True,sourced
100002048,Entreprise 02048 SAS,F,Construction,54,50,99,False,False,,,False,False,False,sourced
100002049,Entreprise 02049 SAS,G,"Commerce, réparation auto",4,3,5,False,False,,,False,False,True,sourced
100002050,Entreprise 02050 SAS,F,Construction,13,10,19,False,False,,,False,False,True,sourced
100002051,Entreprise 02051 SAS,Q,Santé humaine et action sociale,8,6,9,False,False,,,True,False,True,sourced
100002052,Entreprise 02052 SAS,N,Services administratifs et soutien,807,500,999,True,True,False,,True,False,True,sourced
100002053,Entreprise 02053 SAS,Q,Santé humaine et action sociale,13,10,19,False,False,,,False,False,True,sourced
100002054,Entreprise 02054 SAS,G,"Commerce, réparation auto",100,100,199,False,False,,,False,False,True,sourced
100002055,Entreprise 02055 SAS,G,"Commerce, réparation auto",20,20,49,False,False,,,False,False,True,sourced
100002056,Entreprise 02056 SAS,H,Transports et entreposage,68,50,99,False,False,,,True,True,True,sourced
100002057,Entreprise 02057 SAS,F,Construction,2,1,2,False,False,,,True,True,True,sourced
100002058,Entreprise 02058 SAS,G,"Commerce, réparation auto",3,3,5,False,False,,,False,False,True,sourced
100002059,Entreprise 02059 SAS,F,Construction,2006,2000,4999,True,True,False,,False,True,False,sourced
100002060,Entreprise 02060 SAS,C,Industrie manufacturière,26,20,49,False,False,,,True,True,True,sourced
100002061,Entreprise 02061 SAS,G,"Commerce, réparation auto",1457,1000,1999,True,False,,,False,True,False,sourced
100002062,Entreprise 02062 SAS,G,"Commerce, réparation auto",268,250,499,False,False,,,False,False,True,sourced
100002063,Entreprise 02063 SAS,I,Hébergement et restauration,17,10,19,False,False,,,True,True,True,contacted
100002064,Entreprise 02064 SAS,C,Industrie manufacturière,2637,2000,4999,True,True,False,,True,False,True,rejected
100002065,Entreprise 02065 SAS,C,Industrie manufacturière,8,6,9,False,False,,,True,True,False,contacted
100002066,Entreprise 02066 SAS,N,Services administratifs et soutien,2,1,2,False,False,,,False,True,False,contacted
100002067,Entreprise 02067 SAS,F,Construction,5,3,5,False,False,,,False,True,True,rejected
100002068,Entreprise 02068 SAS,F,Construction,5,3,5,False,False,,,False,True,False,qualified
100002069,Entreprise 02069 SAS,C,Industrie manufacturière,3,3,5,False,False,,,False,False,False,qualified
100002070,Entreprise 02070 SAS,G,"Commerce, réparation auto",16,10,19,False,False,,,False,False,True,sourced
100002071,Entreprise 02071 SAS,G,"Commerce, réparation auto",16,10,19,False,False,,,False,False,True,sourced
100002072,Entreprise 02072 SAS,Q,Santé humaine et action sociale,1015,1000,1999,True,True,True,True,False,False,True,sourced
100002073,Entreprise 02073 SAS,F,Construction,127,100,199,False,False,,,False,False,False,sourced
100002074,Entreprise 02074 SAS,G,"Commerce, réparation auto",5,3,5,False,False,,,False,False,True,sourced
100002075,Entreprise 02075 SAS,M,Activités spé. scientifiques/techniques,13,10,19,False,False,,,True,True,True,sourced
100002076,Entreprise 02076 SAS,F,Construction,77,50,99,False,False,,,True,True,True,sourced
100002077,Entreprise 02077 SAS,C,Industrie manufacturière,933,500,999,True,True,True,True,False,False,False,sourced
100002078,Entreprise 02078 SAS,M,Activités spé. scientifiques/techniques,66,50,99,False,False,,,True,True,True,contacted
100002079,Entreprise 02079 SAS,C,Industrie manufacturière,9,6,9,False,False,,,True,True,False,sourced
100002080,Entreprise 02080 SAS,M,Activités spé. scientifiques/techniques,1,1,2,False,False,,,False,True,True,sourced
100002081,Entreprise 02081 SAS,G,"Commerce, réparation auto",149,100,199,False,False,,,False,True,False,contacted
100002082,Entreprise 02082 SAS,H,Transports et entreposage,1063,1000,1999,True,False,,,False,True,False,sourced
100002083,Entreprise 02083 SAS,S,Autres services,40,20,49,False,False,,,True,False,True,sourced
100002084,Entreprise 02084 SAS,K,Activités financières et assurance,772,500,999,True,True,True,True,True,True,False,sourced
100002085,Entreprise 02085 SAS,C,Industrie manufacturière,523,500,999,True,False,,,False,True,False,sourced
100002086,Entreprise 02086 SAS,C,Industrie manufacturière,2,1,2,False,False,,,False,True,False,sourced
100002087,Entreprise 02087 SAS,S,Autres services,21,20,49,False,False,,,False,False,False,sourced
100002088,Entreprise 02088 SAS,G,"Commerce, réparation auto",1,1,2,False,False,,,False,False,False,sourced
100002089,Entreprise 02089 SAS,J,Information et communication,2232,2000,4999,True,False,,,False,False,True,contacted
100002090,Entreprise 02090 SAS,G,"Commerce, réparation auto",3,3,5,False,False,,,True,False,False,sourced
100002091,Entreprise 02091 SAS,Q,Santé humaine et action sociale,410,250,499,False,False,,,True,False,False,sourced
100002092,Entreprise 02092 SAS,F,Construction,9,6,9,False,False,,,True,True,False,sourced
100002093,Entreprise 02093 SAS,N,Services administratifs et soutien,1,1,2,False,False,,,False,True,True,sourced
100002094,Entreprise 02094 SAS,C,Industrie manufacturière,31,20,49,False,False,,,False,True,False,sourced
100002095,Entreprise 02095 SAS,C,Industrie manufacturière,88,50,99,False,False,,,False,True,True,sourced
100002096,Entreprise 02096 SAS,N,Services administratifs et soutien,869,500,999,True,True,True,True,False,False,True,rejected
100002097,Entreprise 02097 SAS,M,Activités spé. scientifiques/techniques,5,3,5,False,False,,,True,True,True,sourced
100002098,Entreprise 02098 SAS,M,Activités spé. scientifiques/techniques,251,250,499,False,False,,,False,False,True,qualified
100002099,Entreprise 02099 SAS,M,Activités spé. scientifiques/techniques,1179,1000,1999,True,False,,,False,True,True,sourced
100002100,Entreprise 02100 SAS,H,Transports et entreposage,296,250,499,False,False,,,False,False,False,sourced
100002101,Entreprise 02101 SAS,F,Construction,60,50,99,False,False,,,True,False,True,sourced
100002102,Entreprise 02102 SAS,S,Autres services,404,250,499,False,False,,,False,True,True,sourced
100002103,Entreprise 02103 SAS,M,Activités spé. scientifiques/techniques,352,250,499,False,False,,,True,False,True,sourced
100002104,Entreprise 02104 SAS,J,Information et communication,810,500,999,True,False,,,False,False,True,sourced
100002105,Entreprise 02105 SAS,G,"Commerce, réparation auto",19,10,19,False,False,,,False,False,False,sourced
100002106,Entreprise 02106 SAS,I,Hébergement et restauration,5,3,5,False,False,,,False,True,True,sourced
100002107,Entreprise 02107 SAS,K,Activités financières et assurance,2,1,2,False,False,,,False,True,False,sourced
100002108,Entreprise 02108 SAS,G,"Commerce, réparation auto",13,10,19,False,False,,,False,False,True,sourced
100002109,Entreprise 02109 SAS,C,Industrie manufacturière,29,20,49,False,False,,,False,False,True,sourced
100002110,Entreprise 02110 SAS,F,Construction,3,3,5,False,False,,,True,True,False,sourced
100002111,Entreprise 02111 SAS,C,Industrie manufacturière,8,6,9,False,False,,,True,False,True,sourced
100002112,Entreprise 02112 SAS,F,Construction,576,500,999,True,False,,,False,False,False,rejected
100002113,Entreprise 02113 SAS,M,Activités spé. scientifiques/techniques,10,10,19,False,False,,,False,False,True,sourced
100002114,Entreprise 02114 SAS,H,Transports et entreposage,557,500,999,True,True,True,True,True,True,True,sourced
100002115,Entreprise 02115 SAS,K,Activités financières et assurance,17,10,19,False,False,,,True,True,True,sourced
100002116,Entreprise 02116 SAS,M,Activités spé. scientifiques/techniques,49,20,49,False,False,,,False,False,True,sourced
100002117,Entreprise 02117 SAS,M,Activités spé. scientifiques/techniques,357,250,499,False,False,,,False,True,False,sourced
100002118,Entreprise 02118 SAS,M,Activités spé. scientifiques/techniques,24,20,49,False,False,,,False,False,True,sourced
100002119,Entreprise 02119 SAS,F,Construction,1,1,2,False,False,,,False,True,False,contacted
100002120,Entreprise 02120 SAS,G,"Commerce, réparation auto",1120,1000,1999,True,True,True,True,True,False,True,sourced
100002121,Entreprise 02121 SAS,N,Services administratifs et soutien,33,20,49,False,False,,,False,False,True,sourced
100002122,Entreprise 02122 SAS,S,Autres services,70,50,99,False,False,,,True,True,True,sourced
100002123,Entreprise 02123 SAS,G,"Commerce, réparation auto",126,100,199,False,False,,,True,False,False,sourced
100002124,Entreprise 02124 SAS,H,Transports et entreposage,785,500,999,True,True,True,False,False,True,True,qualified
100002125,Entreprise 02125 SAS,I,Hébergement et restauration,8,6,9,False,False,,,False,False,True,sourced
100002126,Entreprise 02126 SAS,M,Activités spé. scientifiques/techniques,177,100,199,False,False,,,False,True,True,sourced
100002127,Entreprise 02127 SAS,G,"Commerce, réparation auto",22,20,49,False,False,,,False,False,True,sourced
100002128,Entreprise 02128 SAS,C,Industrie manufacturière,36,20,49,False,False,,,False,False,False,sourced
100002129,Entreprise 02129 SAS,I,Hébergement et restauration,366,250,499,False,False,,,False,False,False,sourced
100002130,Entreprise 02130 SAS,Q,Santé humaine et action sociale,48,20,49,False,False,,,False,True,False,contacted
100002131,Entreprise 02131 SAS,M,Activités spé. scientifiques/techniques,5,3,5,False,False,,,True,False,True,sourced
100002132,Entreprise 02132 SAS,C,Industrie manufacturière,12,10,19,False,False,,,False,True,False,sourced
100002133,Entreprise 02133 SAS,G,"Commerce, réparation auto",5,3,5,False,False,,,False,False,True,sourced
100002134,Entreprise 02134 SAS,Q,Santé humaine et action sociale,5,3,5,False,False,,,False,True,True,qualified
100002135,Entreprise 02135 SAS,S,Autres services,44,20,49,False,False,,,False,False,False,sourced
100002136,Entreprise 02136 SAS,G,"Commerce, réparation auto",5,3,5,False,False,,,False,False,False,contacted
100002137,Entreprise 02137 SAS,N,Services administratifs et soutien,124,100,199,False,False,,,False,True,False,qualified
100002138,Entreprise 02138 SAS,M,Activités spé. scientifiques/techniques,7,6,9,False,False,,,False,True,False,qualified
100002139,Entreprise 02139 SAS,I,Hébergement et restauration,68,50,99,False,False,,,False,False,False,sourced
100002140,Entreprise 02140 SAS,C,Industrie manufacturière,43,20,49,False,False,,,False,True,False,sourced
100002141,Entreprise 02141 SAS,K,Activités financières et assurance,23,20,49,False,False,,,True,False,True,qualified
100002142,Entreprise 02142 SAS,G,"Commerce, réparation auto",835,500,999,True,True,True,False,True,False,False,sourced
100002143,Entreprise 02143 SAS,M,Activités spé. scientifiques/techniques,61,50,99,False,False,,,False,True,True,contacted
100002144,Entreprise 02144 SAS,G,"Commerce, réparation auto",191,100,199,False,False,,,False,True,True,sourced
100002145,Entreprise 02145 SAS,I,Hébergement et restauration,1,1,2,False,False,,,False,True,False,sourced
100002146,Entreprise 02146 SAS,J,Information et communication,30,20,49,False,False,,,True,False,False,sourced
100002147,Entreprise 02147 SAS,G,"Commerce, réparation auto",649,500,999,True,True,False,,False,False,False,sourced
100002148,Entreprise 02148 SAS,H,Transports et entreposage,557,500,999,True,True,False,,False,True,True,sourced
100002149,Entreprise 02149 SAS,C,Industrie manufacturière,9,6,9,False,False,,,False,False,True,sourced
100002150,Entreprise 02150 SAS,M,Activités spé. scientifiques/techniques,41,20,49,False,False,,,False,False,False,qualified
100002151,Entreprise 02151 SAS,G,"Commerce, réparation auto",28,20,49,False,False,,,False,True,True,sourced
100002152,Entreprise 02152 SAS,G,"Commerce, réparation auto",1,1,2,False,False,,,True,False,False,contacted
100002153,Entreprise 02153 SAS,N,Services administratifs et soutien,18,10,19,False,False,,,False,True,False,sourced
100002154,Entreprise 02154 SAS,G,"Commerce, réparation auto",15,10,19,False,False,,,True,True,False,sourced
100002155,Entreprise 02155 SAS,M,Activités spé. scientifiques/techniques,633,500,999,True,False,,,False,True,False,qualified
100002156,Entreprise 02156 SAS,M,Activités spé. scientifiques/techniques,827,500,999,True,True,True,False,True,False,False,contacted
100002157,Entreprise 02157 SAS,I,Hébergement et restauration,7,6,9,False,False,,,False,True,True,qualified
100002158,Entreprise 02158 SAS,F,Construction,1,1,2,False,False,,,True,True,True,sourced
100002159,Entreprise 02159 SAS,S,Autres services,99,50,99,False,False,,,False,True,True,sourced
100002160,Entreprise 02160 SAS,F,Construction,70,50,99,False,False,,,False,False,False,qualified
100002161,Entreprise 02161 SAS,F,Construction,17,10,19,False,False,,,False,False,False,sourced
100002162,Entreprise 02162 SAS,F,Construction,1302,1000,1999,True,True,True,False,True,True,True,rejected
100002163,Entreprise 02163 SAS,F,Construction,1,1,2,False,False,,,True,False,True,contacted
100002164,Entreprise 02164 SAS,G,"Commerce, réparation auto",933,500,999,True,False,,,True,False,True,contacted
100002165,Entreprise 02165 SAS,M,Activités spé. scientifiques/techniques,563,500,999,True,False,,,False,True,True,sourced
100002166,Entreprise 02166 SAS,S,Autres services,18,10,19,False,False,,,True,False,False,sourced
100002167,Entreprise 02167 SAS,H,Transports et entreposage,75,50,99,False,False,,,False,False,True,sourced
100002168,Entreprise 02168 SAS,M,Activités spé. scientifiques/techniques,7,6,9,False,False,,,False,False,True,sourced
100002169,Entreprise 02169 SAS,C,Industrie manufacturière,38,20,49,False,False,,,False,False,True,contacted
100002170,Entreprise 02170 SAS,G,"Commerce, réparation auto",75,50,99,False,False,,,False,True,False,sourced
100002171,Entreprise 02171 SAS,F,Construction,13,10,19,False,False,,,True,False,True,sourced
100002172,Entreprise 02172 SAS,C,Industrie manufacturière,25,20,49,False,False,,,False,False,False,sourced
100002173,Entreprise 02173 SAS,J,Information et communication,1,1,2,False,False,,,True,True,True,sourced
100002174,Entreprise 02174 SAS,F,Construction,18,10,19,False,False,,,False,False,False,contacted
100002175,Entreprise 02175 SAS,F,Construction,48,20,49,False,False,,,False,True,False,qualified
100002176,Entreprise 02176 SAS,C,Industrie manufacturière,16,10,19,False,False,,,False,False,False,sourced
100002177,Entreprise 02177 SAS,Q,Santé humaine et action sociale,6,6,9,False,False,,,True,False,True,sourced
100002178,Entreprise 02178 SAS,M,Activités spé. scientifiques/techniques,26,20,49,False,False,,,False,False,False,sourced
100002179,Entreprise 02179 SAS,S,Autres services,204,200,249,False,False,,,False,False,True,sourced
100002180,Entreprise 02180 SAS,H,Transports et entreposage,19,10,19,False,False,,,False,True,True,sourced
100002181,Entreprise 02181 SAS,M,Activités spé. scientifiques/techniques,48,20,49,False,False,,,False,True,True,sourced
100002182,Entreprise 02182 SAS,I,Hébergement et restauration,2,1,2,False,False,,,False,False,False,qualified
100002183,Entreprise 02183 SAS,M,Activités spé. scientifiques/techniques,23,20,49,False,False,,,False,False,False,sourced
100002184,Entreprise 02184 SAS,J,Information et communication,1,1,2,False,False,,,False,False,True,sourced
100002185,Entreprise 02185 SAS,Q,Santé humaine et action sociale,26,20,49,False,False,,,False,False,True,qualified
100002186,Entreprise 02186 SAS,S,Autres services,214,200,249,False,False,,,False,False,False,sourced
100002187,Entreprise 02187 SAS,M,Activités spé. scientifiques/techniques,69,50,99,False,False,,,False,True,True,qualified
100002188,Entreprise 02188 SAS,C,Industrie manufacturière,1005,1000,1999,True,True,True,False,False,False,True,sourced
100002189,Entreprise 02189 SAS,Q,Santé humaine et action sociale,8,6,9,False,False,,,False,True,False,sourced
100002190,Entreprise 02190 SAS,G,"Commerce, réparation auto",2,1,2,False,False,,,True,True,False,sourced
100002191,Entreprise 02191 SAS,F,Construction,2010,2000,4999,True,True,True,True,True,True,False,sourced
100002192,Entreprise 02192 SAS,H,Transports et entreposage,17,10,19,False,False,,,True,False,True,sourced
100002193,Entreprise 02193 SAS,N,Services administratifs et soutien,6,6,9,False,False,,,True,False,False,contacted
100002194,Entreprise 02194 SAS,M,Activités spé. scientifiques/techniques,1,1,2,False,False,,,True,True,True,qualified
100002195,Entreprise 02195 SAS,K,Activités financières et assurance,2,1,2,False,False,,,False,True,True,sourced
100002196,Entreprise 02196 SAS,M,Activités spé. scientifiques/techniques,118,100,199,False,False,,,True,True,True,sourced
100002197,Entreprise 02197 SAS,G,"Commerce, réparation auto",217,200,249,False,False,,,False,True,True,sourced
100002198,Entreprise 02198 SAS,G,"Commerce, réparation auto",4,3,5,False,False,,,False,False,False,sourced
100002199,Entreprise 02199 SAS,S,Autres services,774,500,999,True,True,True,True,False,True,True,sourced
100002200,Entreprise 02200 SAS,N,Services administratifs et soutien,6,6,9,False,False,,,True,False,True,sourced
100002201,Entreprise 02201 SAS,S,Autres services,26,20,49,False,False,,,False,False,False,rejected
100002202,Entreprise 02202 SAS,S,Autres services,115,100,199,False,False,,,False,True,True,sourced
100002203,Entreprise 02203 SAS,M,Activités spé. scientifiques/techniques,3,3,5,False,False,,,False,True,True,qualified
100002204,Entreprise 02204 SAS,N,Services administratifs et soutien,9,6,9,False,False,,,False,True,True,sourced
100002205,Entreprise 02205 SAS,G,"Commerce, réparation auto",746,500,999,True,False,,,True,True,True,sourced
100002206,Entreprise 02206 SAS,G,"Commerce, réparation auto",6,6,9,False,False,,,True,True,True,sourced
100002207,Entreprise 02207 SAS,K,Activités financières et assurance,126,100,199,False,False,,,False,True,True,sourced
100002208,Entreprise 02208 SAS,I,Hébergement et restauration,26,20,49,False,False,,,False,False,True,sourced
100002209,Entreprise 02209 SAS,Q,Santé humaine et action sociale,4,3,5,False,False,,,False,False,True,sourced
100002210,Entreprise 02210 SAS,H,Transports et entreposage,888,500,999,True,True,True,False,True,False,True,sourced
100002211,Entreprise 02211 SAS,Q,Santé humaine et action sociale,727,500,999,True,False,,,False,True,True,qualified
100002212,Entreprise 02212 SAS,C,Industrie manufacturière,3,3,5,False,False,,,False,True,True,sourced
100002213,Entreprise 02213 SAS,K,Activités financières et assurance,50,50,99,False,False,,,False,True,True,sourced
100002214,Entreprise 02214 SAS,F,Construction,3,3,5,False,False,,,False,True,True,contacted
100002215,Entreprise 02215 SAS,G,"Commerce, réparation auto",695,500,999,True,False,,,False,True,True,sourced
100002216,Entreprise 02216 SAS,I,Hébergement et restauration,820,500,999,True,True,True,True,False,False,True,sourced
100002217,Entreprise 02217 SAS,M,Activités spé. scientifiques/techniques,33,20,49,False,False,,,False,True,True,contacted
100002218,Entreprise 02218 SAS,I,Hébergement et restauration,207,200,249,False,False,,,False,True,True,sourced
100002219,Entreprise 02219 SAS,F,Construction,389,250,499,False,False,,,True,False,True,sourced
100002220,Entreprise 02220 SAS,K,Activités financières et assurance,366,250,499,False,False,,,True,False,False,contacted
100002221,Entreprise 02221 SAS,G,"Commerce, réparation auto",41,20,49,False,False,,,False,True,False,rejected
100002222,Entreprise 02222 SAS,Q,Santé humaine et action sociale,163,100,199,False,False,,,True,True,False,sourced
100002223,Entreprise 02223 SAS,N,Services administratifs et soutien,392,250,499,False,False,,,False,True,True,sourced
100002224,Entreprise 02224 SAS,J,Information et communication,37,20,49,False,False,,,False,True,True,sourced
100002225,Entreprise 02225 SAS,G,"Commerce, réparation auto",221,200,249,False,False,,,False,True,False,sourced
100002226,Entreprise 02226 SAS,M,Activités spé. scientifiques/techniques,35,20,49,False,False,,,False,False,True,sourced
100002227,Entreprise 02227 SAS,K,Activités financières et assurance,40,20,49,False,False,,,False,False,False,sourced
100002228,Entreprise 02228 SAS,C,Industrie manufacturière,1881,1000,1999,True,True,True,True,False,True,False,qualified
100002229,Entreprise 02229 SAS,I,Hébergement et restauration,7,6,9,False,False,,,False,True,False,sourced
100002230,Entreprise 02230 SAS,G,"Commerce, réparation auto",24,20,49,False,False,,,False,False,False,sourced
100002231,Entreprise 02231 SAS,S,Autres services,1,1,2,False,False,,,False,True,True,sourced
100002232,Entreprise 02232 SAS,M,Activités spé. scientifiques/techniques,4,3,5,False,False,,,False,True,False,qualified
100002233,Entreprise 02233 SAS,F,Construction,1,1,2,False,False,,,True,False,False,sourced
100002234,Entreprise 02234 SAS,F,Construction,731,500,999,True,True,True,True,False,True,False,sourced
100002235,Entreprise 02235 SAS,G,"Commerce, réparation auto",52,50,99,False,False,,,True,False,True,sourced
100002236,Entreprise 02236 SAS,G,"Commerce, réparation auto",25,20,49,False,False,,,False,True,False,sourced
100002237,Entreprise 02237 SAS,S,Autres services,5,3,5,False,False,,,False,True,False,sourced
100002238,Entreprise 02238 SAS,F,Construction,7,6,9,False,False,,,True,True,False,contacted
100002239,Entreprise 02239 SAS,G,"Commerce, réparation auto",9,6,9,False,False,,,True,False,False,sourced
100002240,Entreprise 02240 SAS,I,Hébergement et restauration,32,20,49,False,False,,,False,True,True,contacted
100002241,Entreprise 02241 SAS,I,Hébergement et restauration,474,250,499,False,False,,,False,False,True,sourced
100002242,Entreprise 02242 SAS,K,Activités financières et assurance,16,10,19,False,False,,,False,False,True,sourced
100002243,Entreprise 02243 SAS,F,Construction,10,10,19,False,False,,,False,True,True,rejected
100002244,Entreprise 02244 SAS,Q,Santé humaine et action sociale,11,10,19,False,False,,,False,False,True,sourced
100002245,Entreprise 02245 SAS,G,"Commerce, réparation auto",282,250,499,False,False,,,True,True,False,sourced
100002246,Entreprise 02246 SAS,Q,Santé humaine et action sociale,74,50,99,False,False,,,False,True,False,sourced
100002247,Entreprise 02247 SAS,J,Information et communication,50,50,99,False,False,,,True,False,True,sourced
100002248,Entreprise 02248 SAS,G,"Commerce, réparation auto",487,250,499,False,False,,,True,False,False,sourced
100002249,Entreprise 02249 SAS,Q,Santé humaine et action sociale,12,10,19,False,False,,,False,False,False,sourced
100002250,Entreprise 02250 SAS,N,Services administratifs et soutien,4,3,5,False,False,,,False,True,True,sourced
100002251,Entreprise 02251 SAS,I,Hébergement et restauration,323,250,499,False,False,,,False,True,False,sourced
100002252,Entreprise 02252 SAS,G,"Commerce, réparation auto",25,20,49,False,False,,,False,True,True,sourced
100002253,Entreprise 02253 SAS,S,Autres services,47,20,49,False,False,,,True,False,False,qualified
100002254,Entreprise 02254 SAS,F,Construction,42,20,49,False,False,,,False,True,True,sourced
100002255,Entreprise 02255 SAS,C,Industrie manufacturière,4,3,5,False,False,,,False,False,False,sourced
100002256,Entreprise 02256 SAS,C,Industrie manufacturière,795,500,999,True,False,,,False,False,False,sourced
100002257,Entreprise 02257 SAS,G,"Commerce, réparation auto",63,50,99,False,False,,,False,True,True,sourced
100002258,Entreprise 02258 SAS,G,"Commerce, réparation auto",2,1,2,False,False,,,False,False,True,sourced
100002259,Entreprise 02259 SAS,K,Activités financières et assurance,810,500,999,True,False,,,True,True,True,sourced
100002260,Entreprise 02260 SAS,S,Autres services,17,10,19,False,False,,,True,True,True,sourced
100002261,Entreprise 02261 SAS,I,Hébergement et restauration,1525,1000,1999,True,True,True,True,True,True,True,sourced
100002262,Entreprise 02262 SAS,F,Construction,29,20,49,False,False,,,False,True,True,sourced
100002263,Entreprise 02263 SAS,G,"Commerce, réparation auto",293,250,499,False,False,,,False,False,True,qualified
100002264,Entreprise 02264 SAS,C,Industrie manufacturière,4,3,5,False,False,,,False,False,True,sourced
100002265,Entreprise 02265 SAS,G,"Commerce, réparation auto",328,250,499,False,False,,,True,True,True,sourced
100002266,Entreprise 02266 SAS,H,Transports et entreposage,2,1,2,False,False,,,True,True,False,sourced
100002267,Entreprise 02267 SAS,M,Activités spé. scientifiques/techniques,899,500,999,True,True,False,,False,True,False,sourced
100002268,Entreprise 02268 SAS,M,Activités spé. scientifiques/techniques,329,250,499,False,False,,,False,True,True,sourced
100002269,Entreprise 02269 SAS,Q,Santé humaine et action sociale,1504,1000,1999,True,False,,,False,True,True,sourced
100002270,Entreprise 02270 SAS,I,Hébergement et restauration,208,200,249,False,False,,,False,True,True,qualified
100002271,Entreprise 02271 SAS,C,Industrie manufacturière,540,500,999,True,True,True,True,False,True,False,sourced
100002272,Entreprise 02272 SAS,I,Hébergement et restauration,342,250,499,False,False,,,False,False,False,qualified
100002273,Entreprise 02273 SAS,G,"Commerce, réparation auto",3,3,5,False,False,,,False,True,False,sourced
100002274,Entreprise 02274 SAS,G,"Commerce, réparation auto",1478,1000,1999,True,True,True,True,True,True,False,sourced
100002275,Entreprise 02275 SAS,F,Construction,3,3,5,False,False,,,False,False,True,sourced
100002276,Entreprise 02276 SAS,C,Industrie manufacturière,2,1,2,False,False,,,True,False,True,sourced
100002277,Entreprise 02277 SAS,M,Activités spé. scientifiques/techniques,11,10,19,False,False,,,True,True,False,sourced
100002278,Entreprise 02278 SAS,C,Industrie manufacturière,577,500,999,True,False,,,False,False,True,sourced
100002279,Entreprise 02279 SAS,H,Transports et entreposage,1,1,2,False,False,,,False,False,False,sourced
100002280,Entreprise 02280 SAS,S,Autres services,1091,1000,1999,True,False,,,False,False,True,sourced
100002281,Entreprise 02281 SAS,I,Hébergement et restauration,1,1,2,False,False,,,True,False,True,sourced
100002282,Entreprise 02282 SAS,I,Hébergement et restauration,13,10,19,False,False,,,False,False,False,sourced
100002283,Entreprise 02283 SAS,I,Hébergement et restauration,23,20,49,False,False,,,False,False,False,sourced
100002284,Entreprise 02284 SAS,S,Autres services,83,50,99,False,False,,,True,True,False,sourced
100002285,Entreprise 02285 SAS,F,Construction,7,6,9,False,False,,,False,False,False,qualified
100002286,Entreprise 02286 SAS,F,Construction,314,250,499,False,False,,,False,True,False,sourced
100002287,Entreprise 02287 SAS,N,Services administratifs et soutien,1093,1000,1999,True,True,True,False,False,True,True,sourced
100002288,Entreprise 02288 SAS,I,Hébergement et restauration,275,250,499,False,False,,,False,False,False,sourced
100002289,Entreprise 02289 SAS,C,Industrie manufacturière,13,10,19,False,False,,,False,False,True,sourced
100002290,Entreprise 02290 SAS,M,Activités spé. scientifiques/techniques,28,20,49,False,False,,,True,True,True,qualified
100002291,Entreprise 02291 SAS,M,Activités spé. scientifiques/techniques,3,3,5,False,False,,,True,False,False,sourced
100002292,Entreprise 02292 SAS,I,Hébergement et restauration,939,500,999,True,False,,,True,True,True,sourced
100002293,Entreprise 02293 SAS,F,Construction,12,10,19,False,False,,,True,True,False,sourced
100002294,Entreprise 02294 SAS,S,Autres services,20,20,49,False,False,,,True,False,True,sourced
100002295,Entreprise 02295 SAS,G,"Commerce, réparation auto",325,250,499,False,False,,,False,False,True,sourced
100002296,Entreprise 02296 SAS,H,Transports et entreposage,29,20,49,False,False,,,False,False,True,qualified
100002297,Entreprise 02297 SAS,G,"Commerce, réparation auto",1,1,2,False,False,,,True,True,True,sourced
100002298,Entreprise 02298 SAS,F,Construction,136,100,199,False,False,,,False,True,False,qualified
100002299,Entreprise 02299 SAS,F,Construction,36,20,49,False,False,,,False,True,True,rejected
100002300,Entreprise 02300 SAS,S,Autres services,205,200,249,False,False,,,False,False,False,sourced
100002301,Entreprise 02301 SAS,M,Activités spé. scientifiques/techniques,10,10,19,False,False,,,False,True,False,qualified
100002302,Entreprise 02302 SAS,G,"Commerce, réparation auto",11,10,19,False,False,,,False,True,True,sourced
100002303,Entreprise 02303 SAS,M,Activités spé. scientifiques/techniques,2,1,2,False,False,,,False,True,False,sourced
100002304,Entreprise 02304 SAS,C,Industrie manufacturière,795,500,999,True,False,,,True,False,True,sourced
100002305,Entreprise 02305 SAS,F,Construction,1,1,2,False,False,,,True,True,True,sourced
100002306,Entreprise 02306 SAS,M,Activités spé. scientifiques/techniques,13,10,19,False,False,,,True,True,True,contacted
100002307,Entreprise 02307 SAS,M,Activités spé. scientifiques/techniques,4,3,5,False,False,,,False,False,True,sourced
100002308,Entreprise 02308 SAS,C,Industrie manufacturière,1,1,2,False,False,,,False,True,True,sourced
100002309,Entreprise 02309 SAS,G,"Commerce, réparation auto",19,10,19,False,False,,,False,True,False,contacted
100002310,Entreprise 02310 SAS,M,Activités spé. scientifiques/techniques,1,1,2,False,False,,,False,False,False,qualified
100002311,Entreprise 02311 SAS,C,Industrie manufacturière,75,50,99,False,False,,,True,True,True,sourced
100002312,Entreprise 02312 SAS,F,Construction,18,10,19,False,False,,,False,False,False,sourced
100002313,Entreprise 02313 SAS,K,Activités financières et assurance,12,10,19,False,False,,,True,True,False,sourced
100002314,Entreprise 02314 SAS,G,"Commerce, réparation auto",1481,1000,1999,True,False,,,False,True,True,sourced
100002315,Entreprise 02315 SAS,S,Autres services,18,10,19,False,False,,,True,False,False,sourced
100002316,Entreprise 02316 SAS,G,"Commerce, réparation auto",65,50,99,False,False,,,False,True,False,contacted
100002317,Entreprise 02317 SAS,I,Hébergement et restauration,4,3,5,False,False,,,True,False,True,sourced
100002318,Entreprise 02318 SAS,S,Autres services,167,100,199,False,False,,,True,False,True,sourced
100002319,Entreprise 02319 SAS,F,Construction,1778,1000,1999,True,True,True,True,False,False,False,sourced
100002320,Entreprise 02320 SAS,I,Hébergement et restauration,21,20,49,False,False,,,True,True,True,sourced
100002321,Entreprise 02321 SAS,I,Hébergement et restauration,1,1,2,False,False,,,False,True,True,sourced
100002322,Entreprise 02322 SAS,N,Services administratifs et soutien,300,250,499,False,False,,,False,True,True,sourced
100002323,Entreprise 02323 SAS,G,"Commerce, réparation auto",1107,1000,1999,True,False,,,False,True,True,sourced
100002324,Entreprise 02324 SAS,I,Hébergement et restauration,82,50,99,False,False,,,False,True,False,sourced
100002325,Entreprise 02325 SAS,J,Information et communication,2,1,2,False,False,,,True,True,True,qualified
100002326,Entreprise 02326 SAS,G,"Commerce, réparation auto",487,250,499,False,False,,,True,True,True,sourced
100002327,Entreprise 02327 SAS,M,Activités spé. scientifiques/techniques,9,6,9,False,False,,,True,True,True,sourced
100002328,Entreprise 02328 SAS,M,Activités spé. scientifiques/techniques,3,3,5,False,False,,,False,True,True,contacted
100002329,Entreprise 02329 SAS,M,Activités spé. scientifiques/techniques,4,3,5,False,False,,,True,False,True,sourced
100002330,Entreprise 02330 SAS,F,Construction,1,1,2,False,False,,,False,False,True,qualified
100002331,Entreprise 02331 SAS,S,Autres services,1961,1000,1999,True,False,,,False,False,True,sourced
100002332,Entreprise 02332 SAS,S,Autres services,1681,1000,1999,True,False,,,False,True,True,sourced
100002333,Entreprise 02333 SAS,M,Activités spé. scientifiques/techniques,38,20,49,False,False,,,True,True,True,qualified
100002334,Entreprise 02334 SAS,F,Construction,3,3,5,False,False,,,False,False,True,contacted
100002335,Entreprise 02335 SAS,H,Transports et entreposage,18,10,19,False,False,,,False,True,True,sourced
100002336,Entreprise 02336 SAS,S,Autres services,213,200,249,False,False,,,True,True,False,sourced
100002337,Entreprise 02337 SAS,G,"Commerce, réparation auto",2,1,2,False,False,,,False,True,False,sourced
100002338,Entreprise 02338 SAS,H,Transports et entreposage,398,250,499,False,False,,,False,True,True,sourced
100002339,Entreprise 02339 SAS,C,Industrie manufacturière,1,1,2,False,False,,,True,True,True,sourced
100002340,Entreprise 02340 SAS,G,"Commerce, réparation auto",13,10,19,False,False,,,True,False,True,sourced
100002341,Entreprise 02341 SAS,J,Information et communication,839,500,999,True,True,True,True,True,False,True,sourced
100002342,Entreprise 02342 SAS,G,"Commerce, réparation auto",2,1,2,False,False,,,False,False,False,qualified
100002343,Entreprise 02343 SAS,C,Industrie manufacturière,29,20,49,False,False,,,False,True,True,contacted
100002344,Entreprise 02344 SAS,G,"Commerce, réparation auto",19,10,19,False,False,,,False,True,True,sourced
100002345,Entreprise 02345 SAS,S,Autres services,3,3,5,False,False,,,False,False,False,sourced
100002346,Entreprise 02346 SAS,H,Transports et entreposage,505,500,999,True,True,False,,False,False,False,sourced
100002347,Entreprise 02347 SAS,S,Autres services,771,500,999,True,True,True,False,False,True,False,qualified
100002348,Entreprise 02348 SAS,M,Activités spé. scientifiques/techniques,10,10,19,False,False,,,False,False,False,sourced
100002349,Entreprise 02349 SAS,C,Industrie manufacturière,3,3,5,False,False,,,True,False,True,sourced
100002350,Entreprise 02350 SAS,G,"Commerce, réparation auto",50,50,99,False,False,,,True,False,False,sourced
100002351,Entreprise 02351 SAS,C,Industrie manufacturière,175,100,199,False,False,,,True,False,False,sourced
100002352,Entreprise 02352 SAS,M,Activités spé. scientifiques/techniques,4,3,5,False,False,,,False,True,True,rejected
100002353,Entreprise 02353 SAS,K,Activités financières et assurance,643,500,999,True,True,True,True,True,True,True,sourced
100002354,Entreprise 02354 SAS,C,Industrie manufacturière,20,20,49,False,False,,,False,False,False,sourced
100002355,Entreprise 02355 SAS,I,Hébergement et restauration,2,1,2,False,False,,,True,True,True,sourced
100002356,Entreprise 02356 SAS,I,Hébergement et restauration,13,10,19,False,False,,,False,True,True,sourced
100002357,Entreprise 02357 SAS,G,"Commerce, réparation auto",483,250,499,False,False,,,True,True,True,sourced
100002358,Entreprise 02358 SAS,S,Autres services,278,250,499,False,False,,,False,True,True,sourced
100002359,Entreprise 02359 SAS,S,Autres services,7,6,9,False,False,,,False,True,True,contacted
100002360,Entreprise 02360 SAS,I,Hébergement et restauration,46,20,49,False,False,,,False,True,False,sourced
100002361,Entreprise 02361 SAS,C,Industrie manufacturière,61,50,99,False,False,,,False,False,True,qualified
100002362,Entreprise 02362 SAS,S,Autres services,13,10,19,False,False,,,False,False,False,sourced
100002363,Entreprise 02363 SAS,G,"Commerce, réparation auto",6,6,9,False,False,,,False,True,True,qualified
100002364,Entreprise 02364 SAS,H,Transports et entreposage,44,20,49,False,False,,,False,True,False,sourced
100002365,Entreprise 02365 SAS,S,Autres services,421,250,499,False,False,,,True,True,False,sourced
100002366,Entreprise 02366 SAS,C,Industrie manufacturière,14,10,19,False,False,,,True,True,True,sourced
100002367,Entreprise 02367 SAS,G,"Commerce, réparation auto",9,6,9,False,False,,,False,False,False,sourced
100002368,Entreprise 02368 SAS,Q,Santé humaine et action sociale,777,500,999,True,True,True,False,True,False,True,qualified
100002369,Entreprise 02369 SAS,G,"Commerce, réparation auto",2,1,2,False,False,,,False,False,False,sourced
100002370,Entreprise 02370 SAS,G,"Commerce, réparation auto",227,200,249,False,False,,,False,True,False,sourced
100002371,Entreprise 02371 SAS,G,"Commerce, réparation auto",1,1,2,False,False,,,False,False,False,sourced
100002372,Entreprise 02372 SAS,C,Industrie manufacturière,8,6,9,False,False,,,False,False,True,sourced
100002373,Entreprise 02373 SAS,G,"Commerce, réparation auto",6,6,9,False,False,,,False,True,False,sourced
100002374,Entreprise 02374 SAS,C,Industrie manufacturière,10,10,19,False,False,,,False,True,True,sourced
100002375,Entreprise 02375 SAS,Q,Santé humaine et action sociale,735,500,999,True,True,True,False,False,True,True,contacted
100002376,Entreprise 02376 SAS,F,Construction,482,250,499,False,False,,,True,True,True,sourced
100002377,Entreprise 02377 SAS,N,Services administratifs et soutien,19,10,19,False,False,,,False,True,True,qualified
100002378,Entreprise 02378 SAS,C,Industrie manufacturière,4,3,5,False,False,,,False,True,True,sourced
100002379,Entreprise 02379 SAS,S,Autres services,802,500,999,True,True,True,True,False,True,True,sourced
100002380,Entreprise 02380 SAS,Q,Santé humaine et action sociale,5,3,5,False,False,,,False,True,False,contacted
100002381,Entreprise 02381 SAS,C,Industrie manufacturière,19,10,19,False,False,,,False,False,False,sourced
100002382,Entreprise 02382 SAS,K,Activités financières et assurance,7,6,9,False,False,,,False,False,True,sourced
100002383,Entreprise 02383 SAS,F,Construction,1,1,2,False,False,,,False,True,True,sourced
100002384,Entreprise 02384 SAS,F,Construction,1019,1000,1999,True,False,,,True,True,False,sourced
100002385,Entreprise 02385 SAS,J,Information et communication,1,1,2,False,False,,,True,True,True,sourced
100002386,Entreprise 02386 SAS,N,Services administratifs et soutien,3,3,5,False,False,,,False,True,True,contacted
100002387,Entreprise 02387 SAS,G,"Commerce, réparation auto",7,6,9,False,False,,,True,True,True,sourced
100002388,Entreprise 02388 SAS,I,Hébergement et restauration,54,50,99,False,False,,,False,False,True,sourced
100002389,Entreprise 02389 SAS,C,Industrie manufacturière,1,1,2,False,False,,,False,False,True,sourced
100002390,Entreprise 02390 SAS,N,Services administratifs et soutien,558,500,999,True,True,True,True,False,False,True,sourced
100002391,Entreprise 02391 SAS,G,"Commerce, réparation auto",460,250,499,False,False,,,False,False,True,sourced
100002392,Entreprise 02392 SAS,G,"Commerce, réparation auto",1455,1000,1999,True,True,True,True,True,True,True,qualified
100002393,Entreprise 02393 SAS,G,"Commerce, réparation auto",77,50,99,False,False,,,False,True,True,sourced
100002394,Entreprise 02394 SAS,H,Transports et entreposage,1763,1000,1999,True,True,False,,False,True,True,sourced
100002395,Entreprise 02395 SAS,M,Activités spé. scientifiques/techniques,5,3,5,False,False,,,False,False,True,qualified
100002396,Entreprise 02396 SAS,M,Activités spé. scientifiques/techniques,265,250,499,False,False,,,False,False,True,sourced
100002397,Entreprise 02397 SAS,M,Activités spé. scientifiques/techniques,37,20,49,False,False,,,True,True,True,sourced
100002398,Entreprise 02398 SAS,I,Hébergement et restauration,4040,2000,4999,True,False,,,False,False,True,sourced
100002399,Entreprise 02399 SAS,M,Activités spé. scientifiques/techniques,10,10,19,False,False,,,True,False,False,sourced
100002400,Entreprise 02400 SAS,G,"Commerce, réparation auto",9,6,9,False,False,,,False,True,True,sourced
100002401,Entreprise 02401 SAS,G,"Commerce, réparation auto",18,10,19,False,False,,,False,False,True,sourced
100002402,Entreprise 02402 SAS,I,Hébergement et restauration,98,50,99,False,False,,,False,False,True,sourced
100002403,Entreprise 02403 SAS,M,Activités spé. scientifiques/techniques,4,3,5,False,False,,,False,True,True,qualified
100002404,Entreprise 02404 SAS,I,Hébergement et restauration,9,6,9,False,False,,,True,True,False,sourced
100002405,Entreprise 02405 SAS,F,Construction,2,1,2,False,False,,,True,False,True,sourced
100002406,Entreprise 02406 SAS,M,Activités spé. scientifiques/techniques,2,1,2,False,False,,,False,False,False,rejected
100002407,Entreprise 02407 SAS,G,"Commerce, réparation auto",295,250,499,False,False,,,False,False,True,sourced
100002408,Entreprise 02408 SAS,F,Construction,13,10,19,False,False,,,False,True,True,sourced
100002409,Entreprise 02409 SAS,I,Hébergement et restauration,1072,1000,1999,True,False,,,True,True,False,sourced
100002410,Entreprise 02410 SAS,I,Hébergement et restauration,1,1,2,False,False,,,True,True,True,sourced
100002411,Entreprise 02411 SAS,I,Hébergement et restauration,3,3,5,False,False,,,False,True,False,sourced
100002412,Entreprise 02412 SAS,S,Autres services,1,1,2,False,False,,,False,True,True,qualified
100002413,Entreprise 02413 SAS,F,Construction,20,20,49,False,False,,,False,True,False,sourced
100002414,Entreprise 02414 SAS,I,Hébergement et restauration,37,20,49,False,False,,,False,True,True,sourced
100002415,Entreprise 02415 SAS,N,Services administratifs et soutien,7,6,9,False,False,,,False,True,True,qualified
100002416,Entreprise 02416 SAS,I,Hébergement et restauration,16,10,19,False,False,,,True,False,False,sourced
100002417,Entreprise 02417 SAS,F,Construction,15,10,19,False,False,,,False,False,True,sourced
100002418,Entreprise 02418 SAS,M,Activités spé. scientifiques/techniques,2,1,2,False,False,,,False,True,False,sourced
100002419,Entreprise 02419 SAS,H,Transports et entreposage,16,10,19,False,False,,,False,True,True,contacted
100002420,Entreprise 02420 SAS,H,Transports et entreposage,35,20,49,False,False,,,False,True,True,qualified
100002421,Entreprise 02421 SAS,G,"Commerce, réparation auto",11,10,19,False,False,,,True,False,True,sourced
100002422,Entreprise 02422 SAS,N,Services administratifs et soutien,15,10,19,False,False,,,True,False,True,sourced
100002423,Entreprise 02423 SAS,S,Autres services,1883,1000,1999,True,True,True,True,False,False,True,contacted
100002424,Entreprise 02424 SAS,C,Industrie manufacturière,138,100,199,False,False,,,False,False,True,contacted
100002425,Entreprise 02425 SAS,I,Hébergement et restauration,181,100,199,False,False,,,False,True,True,sourced
100002426,Entreprise 02426 SAS,I,Hébergement et restauration,31,20,49,False,False,,,False,True,True,sourced
100002427,Entreprise 02427 SAS,S,Autres services,145,100,199,False,False,,,False,True,False,rejected
100002428,Entreprise 02428 SAS,M,Activités spé. scientifiques/techniques,49,20,49,False,False,,,False,True,True,sourced
100002429,Entreprise 02429 SAS,S,Autres services,1241,1000,1999,True,False,,,False,False,True,sourced
100002430,Entreprise 02430 SAS,H,Transports et entreposage,53,50,99,False,False,,,False,False,False,sourced
100002431,Entreprise 02431 SAS,S,Autres services,3,3,5,False,False,,,False,False,False,sourced
100002432,Entreprise 02432 SAS,G,"Commerce, réparation auto",43,20,49,False,False,,,False,False,True,qualified
100002433,Entreprise 02433 SAS,S,Autres services,1,1,2,False,False,,,False,True,True,sourced
100002434,Entreprise 02434 SAS,N,Services administratifs et soutien,8,6,9,False,False,,,False,True,True,sourced
100002435,Entreprise 02435 SAS,I,Hébergement et restauration,2,1,2,False,False,,,False,True,True,sourced
100002436,Entreprise 02436 SAS,H,Transports et entreposage,26,20,49,False,False,,,False,False,True,sourced
100002437,Entreprise 02437 SAS,G,"Commerce, réparation auto",254,250,499,False,False,,,False,True,False,sourced
100002438,Entreprise 02438 SAS,G,"Commerce, réparation auto",1,1,2,False,False,,,True,True,True,sourced
100002439,Entreprise 02439 SAS,Q,Santé humaine et action sociale,765,500,999,True,False,,,False,True,True,sourced
100002440,Entreprise 02440 SAS,S,Autres services,2,1,2,False,False,,,True,True,True,qualified
100002441,Entreprise 02441 SAS,K,Activités financières et assurance,7,6,9,False,False,,,False,False,False,sourced
100002442,Entreprise 02442 SAS,G,"Commerce, réparation auto",346,250,499,False,False,,,False,False,False,sourced
100002443,Entreprise 02443 SAS,N,Services administratifs et soutien,1,1,2,False,False,,,True,True,False,sourced
100002444,Entreprise 02444 SAS,Q,Santé humaine et action sociale,13,10,19,False,False,,,False,True,False,sourced
100002445,Entreprise 02445 SAS,H,Transports et entreposage,29,20,49,False,False,,,False,False,False,sourced
100002446,Entreprise 02446 SAS,H,Transports et entreposage,1,1,2,False,False,,,True,False,True,sourced
100002447,Entreprise 02447 SAS,F,Construction,981,500,999,True,False,,,False,False,False,qualified
100002448,Entreprise 02448 SAS,G,"Commerce, réparation auto",8,6,9,False,False,,,True,False,False,sourced
100002449,Entreprise 02449 SAS,N,Services administratifs et soutien,6,6,9,False,False,,,False,False,True,qualified
100002450,Entreprise 02450 SAS,M,Activités spé. scientifiques/techniques,770,500,999,True,False,,,True,False,True,qualified
100002451,Entreprise 02451 SAS,J,Information et communication,688,500,999,True,False,,,False,True,True,sourced
100002452,Entreprise 02452 SAS,I,Hébergement et restauration,9,6,9,False,False,,,True,False,False,sourced
100002453,Entreprise 02453 SAS,G,"Commerce, réparation auto",62,50,99,False,False,,,True,False,False,sourced
100002454,Entreprise 02454 SAS,G,"Commerce, réparation auto",12,10,19,False,False,,,True,True,True,sourced
100002455,Entreprise 02455 SAS,G,"Commerce, réparation auto",1,1,2,False,False,,,False,True,False,sourced
100002456,Entreprise 02456 SAS,J,Information et communication,4,3,5,False,False,,,False,True,True,sourced
100002457,Entreprise 02457 SAS,S,Autres services,36,20,49,False,False,,,True,False,False,sourced
100002458,Entreprise 02458 SAS,M,Activités spé. scientifiques/techniques,1495,1000,1999,True,False,,,True,True,False,sourced
100002459,Entreprise 02459 SAS,I,Hébergement et restauration,310,250,499,False,False,,,False,True,True,sourced
100002460,Entreprise 02460 SAS,C,Industrie manufacturière,88,50,99,False,False,,,True,True,True,sourced
100002461,Entreprise 02461 SAS,I,Hébergement et restauration,1,1,2,False,False,,,False,True,True,rejected
100002462,Entreprise 02462 SAS,G,"Commerce, réparation auto",37,20,49,False,False,,,False,True,False,sourced
100002463,Entreprise 02463 SAS,S,Autres services,1,1,2,False,False,,,False,True,True,sourced
100002464,Entreprise 02464 SAS,F,Construction,4,3,5,False,False,,,False,True,False,contacted
100002465,Entreprise 02465 SAS,G,"Commerce, réparation auto",232,200,249,False,False,,,True,True,True,sourced
100002466,Entreprise 02466 SAS,M,Activités spé. scientifiques/techniques,9,6,9,False,False,,,True,True,True,sourced
100002467,Entreprise 02467 SAS,N,Services administratifs et soutien,433,250,499,False,False,,,False,True,False,sourced
100002468,Entreprise 02468 SAS,M,Activités spé. scientifiques/techniques,1,1,2,False,False,,,True,True,True,sourced
100002469,Entreprise 02469 SAS,G,"Commerce, réparation auto",3,3,5,False,False,,,False,False,True,sourced
100002470,Entreprise 02470 SAS,G,"Commerce, réparation auto",21,20,49,False,False,,,True,True,True,sourced
100002471,Entreprise 02471 SAS,M,Activités spé. scientifiques/techniques,36,20,49,False,False,,,False,True,False,sourced
100002472,Entreprise 02472 SAS,M,Activités spé. scientifiques/techniques,174,100,199,False,False,,,False,True,True,sourced
100002473,Entreprise 02473 SAS,C,Industrie manufacturière,20,20,49,False,False,,,False,True,False,sourced
100002474,Entreprise 02474 SAS,M,Activités spé. scientifiques/techniques,2,1,2,False,False,,,False,True,False,sourced
100002475,Entreprise 02475 SAS,S,Autres services,42,20,49,False,False,,,False,True,True,sourced
100002476,Entreprise 02476 SAS,G,"Commerce, réparation auto",271,250,499,False,False,,,True,False,True,sourced
100002477,Entreprise 02477 SAS,I,Hébergement et restauration,1270,1000,1999,True,True,True,True,True,True,True,sourced
100002478,Entreprise 02478 SAS,C,Industrie manufacturière,574,500,999,True,True,True,True,False,True,True,qualified
100002479,Entreprise 02479 SAS,H,Transports et entreposage,824,500,999,True,True,True,False,False,True,True,sourced
100002480,Entreprise 02480 SAS,J,Information et communication,48,20,49,False,False,,,False,True,False,qualified
100002481,Entreprise 02481 SAS,Q,Santé humaine et action sociale,17,10,19,False,False,,,False,True,True,sourced
100002482,Entreprise 02482 SAS,I,Hébergement et restauration,34,20,49,False,False,,,False,False,False,sourced
100002483,Entreprise 02483 SAS,M,Activités spé. scientifiques/techniques,575,500,999,True,False,,,False,True,False,qualified
100002484,Entreprise 02484 SAS,M,Activités spé. scientifiques/techniques,1,1,2,False,False,,,False,True,True,sourced
100002485,Entreprise 02485 SAS,M,Activités spé. scientifiques/techniques,106,100,199,False,False,,,False,False,False,qualified
100002486,Entreprise 02486 SAS,N,Services administratifs et soutien,1,1,2,False,False,,,False,False,False,sourced
100002487,Entreprise 02487 SAS,M,Activités spé. scientifiques/techniques,19,10,19,False,False,,,False,True,True,sourced
100002488,Entreprise 02488 SAS,C,Industrie manufacturière,24,20,49,False,False,,,True,True,False,contacted
100002489,Entreprise 02489 SAS,S,Autres services,1,1,2,False,False,,,False,True,False,sourced
100002490,Entreprise 02490 SAS,H,Transports et entreposage,25,20,49,False,False,,,False,False,True,sourced
100002491,Entreprise 02491 SAS,I,Hébergement et restauration,499,250,499,False,False,,,False,False,True,sourced
100002492,Entreprise 02492 SAS,M,Activités spé. scientifiques/techniques,4,3,5,False,False,,,True,False,False,sourced
100002493,Entreprise 02493 SAS,F,Construction,2,1,2,False,False,,,True,True,False,sourced
100002494,Entreprise 02494 SAS,S,Autres services,20,20,49,False,False,,,False,False,True,qualified
100002495,Entreprise 02495 SAS,G,"Commerce, réparation auto",1,1,2,False,False,,,False,True,True,sourced
100002496,Entreprise 02496 SAS,Q,Santé humaine et action sociale,6,6,9,False,False,,,True,False,False,sourced
100002497,Entreprise 02497 SAS,J,Information et communication,564,500,999,True,False,,,True,True,True,sourced
100002498,Entreprise 02498 SAS,H,Transports et entreposage,22,20,49,False,False,,,False,True,True,contacted
100002499,Entreprise 02499 SAS,I,Hébergement et restauration,8,6,9,False,False,,,True,False,True,sourced
100002500,Entreprise 02500 SAS,F,Construction,592,500,999,True,True,True,True,False,True,False,sourced
100002501,Entreprise 02501 SAS,C,Industrie manufacturière,7,6,9,False,False,,,True,True,True,sourced
100002502,Entreprise 02502 SAS,F,Construction,66,50,99,False,False,,,False,True,False,sourced
100002503,Entreprise 02503 SAS,F,Construction,5,3,5,False,False,,,False,False,False,contacted
100002504,Entreprise 02504 SAS,G,"Commerce, réparation auto",995,500,999,True,True,True,False,True,True,False,sourced
100002505,Entreprise 02505 SAS,G,"Commerce, réparation auto",577,500,999,True,True,True,True,False,True,False,sourced
100002506,Entreprise 02506 SAS,C,Industrie manufacturière,2,1,2,False,False,,,False,True,False,sourced
100002507,Entreprise 02507 SAS,Q,Santé humaine et action sociale,6,6,9,False,False,,,True,True,True,sourced
100002508,Entreprise 02508 SAS,I,Hébergement et restauration,19,10,19,False,False,,,True,True,False,contacted
100002509,Entreprise 02509 SAS,I,Hébergement et restauration,18,10,19,False,False,,,True,True,True,sourced
100002510,Entreprise 02510 SAS,F,Construction,19,10,19,False,False,,,False,True,False,qualified
100002511,Entreprise 02511 SAS,C,Industrie manufacturière,1,1,2,False,False,,,True,False,True,sourced
100002512,Entreprise 02512 SAS,F,Construction,13,10,19,False,False,,,False,True,True,sourced
100002513,Entreprise 02513 SAS,F,Construction,1478,1000,1999,True,False,,,True,True,True,sourced
100002514,Entreprise 02514 SAS,M,Activités spé. scientifiques/techniques,6,6,9,False,False,,,True,False,False,qualified
100002515,Entreprise 02515 SAS,C,Industrie manufacturière,2,1,2,False,False,,,False,False,True,sourced
100002516,Entreprise 02516 SAS,C,Industrie manufacturière,8,6,9,False,False,,,False,True,True,sourced
100002517,Entreprise 02517 SAS,G,"Commerce, réparation auto",258,250,499,False,False,,,True,False,True,sourced
100002518,Entreprise 02518 SAS,H,Transports et entreposage,293,250,499,False,False,,,False,False,True,sourced
100002519,Entreprise 02519 SAS,C,Industrie manufacturière,3,3,5,False,False,,,False,False,False,sourced
100002520,Entreprise 02520 SAS,K,Activités financières et assurance,451,250,499,False,False,,,True,True,True,sourced
100002521,Entreprise 02521 SAS,N,Services administratifs et soutien,139,100,199,False,False,,,False,False,False,sourced
100002522,Entreprise 02522 SAS,F,Construction,462,250,499,False,False,,,False,True,True,sourced
100002523,Entreprise 02523 SAS,F,Construction,3,3,5,False,False,,,True,True,False,qualified
100002524,Entreprise 02524 SAS,Q,Santé humaine et action sociale,31,20,49,False,False,,,True,False,False,sourced
100002525,Entreprise 02525 SAS,N,Services administratifs et soutien,7,6,9,False,False,,,False,True,True,sourced
100002526,Entreprise 02526 SAS,N,Services administratifs et soutien,2,1,2,False,False,,,True,False,True,sourced
100002527,Entreprise 02527 SAS,I,Hébergement et restauration,7,6,9,False,False,,,False,True,True,qualified
100002528,Entreprise 02528 SAS,G,"Commerce, réparation auto",605,500,999,True,False,,,False,False,True,sourced
100002529,Entreprise 02529 SAS,J,Information et communication,51,50,99,False,False,,,False,True,True,contacted
100002530,Entreprise 02530 SAS,C,Industrie manufacturière,153,100,199,False,False,,,False,False,False,qualified
100002531,Entreprise 02531 SAS,N,Services administratifs et soutien,72,50,99,False,False,,,False,True,False,sourced
100002532,Entreprise 02532 SAS,I,Hébergement et restauration,475,250,499,False,False,,,False,False,True,sourced
100002533,Entreprise 02533 SAS,H,Transports et entreposage,3,3,5,False,False,,,False,False,False,sourced
100002534,Entreprise 02534 SAS,S,Autres services,5,3,5,False,False,,,False,False,True,sourced
100002535,Entreprise 02535 SAS,F,Construction,10,10,19,False,False,,,False,True,True,sourced
100002536,Entreprise 02536 SAS,G,"Commerce, réparation auto",9,6,9,False,False,,,False,True,False,qualified
100002537,Entreprise 02537 SAS,Q,Santé humaine et action sociale,11,10,19,False,False,,,True,False,False,qualified
100002538,Entreprise 02538 SAS,F,Construction,456,250,499,False,False,,,False,True,True,qualified
100002539,Entreprise 02539 SAS,F,Construction,6,6,9,False,False,,,False,True,False,sourced
100002540,Entreprise 02540 SAS,F,Construction,2,1,2,False,False,,,False,True,False,qualified
100002541,Entreprise 02541 SAS,G,"Commerce, réparation auto",6,6,9,False,False,,,False,True,True,sourced
100002542,Entreprise 02542 SAS,F,Construction,995,500,999,True,True,False,,True,True,True,sourced
100002543,Entreprise 02543 SAS,C,Industrie manufacturière,1,1,2,False,False,,,False,False,True,sourced
100002544,Entreprise 02544 SAS,G,"Commerce, réparation auto",612,500,999,True,False,,,False,False,False,sourced
100002545,Entreprise 02545 SAS,F,Construction,18,10,19,False,False,,,False,True,False,qualified
100002546,Entreprise 02546 SAS,G,"Commerce, réparation auto",25,20,49,False,False,,,False,True,False,sourced
100002547,Entreprise 02547 SAS,M,Activités spé. scientifiques/techniques,446,250,499,False,False,,,False,False,True,sourced
100002548,Entreprise 02548 SAS,F,Construction,615,500,999,True,True,True,True,False,False,False,sourced
100002549,Entreprise 02549 SAS,H,Transports et entreposage,16,10,19,False,False,,,False,False,False,sourced
100002550,Entreprise 02550 SAS,G,"Commerce, réparation auto",358,250,499,False,False,,,False,False,True,sourced
100002551,Entreprise 02551 SAS,N,Services administratifs et soutien,722,500,999,True,True,True,False,False,False,False,qualified
100002552,Entreprise 02552 SAS,H,Transports et entreposage,1,1,2,False,False,,,False,False,True,qualified
100002553,Entreprise 02553 SAS,F,Construction,225,200,249,False,False,,,False,True,True,sourced
100002554,Entreprise 02554 SAS,Q,Santé humaine et action sociale,10,10,19,False,False,,,True,True,True,sourced
100002555,Entreprise 02555 SAS,F,Construction,8,6,9,False,False,,,False,True,True,qualified
100002556,Entreprise 02556 SAS,G,"Commerce, réparation auto",1384,1000,1999,True,False,,,False,True,True,sourced
100002557,Entreprise 02557 SAS,F,Construction,5,3,5,False,False,,,True,False,True,sourced
100002558,Entreprise 02558 SAS,I,Hébergement et restauration,1003,1000,1999,True,True,True,True,False,False,True,qualified
100002559,Entreprise 02559 SAS,G,"Commerce, réparation auto",131,100,199,False,False,,,True,True,True,sourced
100002560,Entreprise 02560 SAS,S,Autres services,8,6,9,False,False,,,False,True,False,sourced
100002561,Entreprise 02561 SAS,H,Transports et entreposage,659,500,999,True,True,True,True,False,True,True,sourced
100002562,Entreprise 02562 SAS,N,Services administratifs et soutien,127,100,199,False,False,,,True,True,True,sourced
100002563,Entreprise 02563 SAS,C,Industrie manufacturière,58,50,99,False,False,,,False,True,False,rejected
100002564,Entreprise 02564 SAS,F,Construction,858,500,999,True,True,True,True,False,True,True,sourced
100002565,Entreprise 02565 SAS,M,Activités spé. scientifiques/techniques,1,1,2,False,False,,,False,True,False,qualified
100002566,Entreprise 02566 SAS,J,Information et communication,30,20,49,False,False,,,False,False,True,sourced
100002567,Entreprise 02567 SAS,C,Industrie manufacturière,11,10,19,False,False,,,False,True,True,sourced
100002568,Entreprise 02568 SAS,K,Activités financières et assurance,1,1,2,False,False,,,True,True,True,sourced
100002569,Entreprise 02569 SAS,N,Services administratifs et soutien,19,10,19,False,False,,,True,False,True,sourced
100002570,Entreprise 02570 SAS,N,Services administratifs et soutien,81,50,99,False,False,,,True,True,False,sourced
100002571,Entreprise 02571 SAS,F,Construction,761,500,999,True,False,,,False,True,False,sourced
100002572,Entreprise 02572 SAS,C,Industrie manufacturière,8,6,9,False,False,,,False,True,False,sourced
100002573,Entreprise 02573 SAS,G,"Commerce, réparation auto",8,6,9,False,False,,,True,False,True,qualified
100002574,Entreprise 02574 SAS,S,Autres services,134,100,199,False,False,,,False,False,True,sourced
100002575,Entreprise 02575 SAS,J,Information et communication,232,200,249,False,False,,,True,True,True,sourced
100002576,Entreprise 02576 SAS,M,Activités spé. scientifiques/techniques,42,20,49,False,False,,,False,False,True,sourced
100002577,Entreprise 02577 SAS,F,Construction,11,10,19,False,False,,,False,True,True,contacted
100002578,Entreprise 02578 SAS,G,"Commerce, réparation auto",6,6,9,False,False,,,False,True,True,sourced
100002579,Entreprise 02579 SAS,I,Hébergement et restauration,193,100,199,False,False,,,False,False,True,sourced
100002580,Entreprise 02580 SAS,J,Information et communication,431,250,499,False,False,,,False,True,False,qualified
100002581,Entreprise 02581 SAS,F,Construction,692,500,999,True,False,,,False,False,True,sourced
100002582,Entreprise 02582 SAS,F,Construction,559,500,999,True,False,,,False,True,True,sourced
100002583,Entreprise 02583 SAS,I,Hébergement et restauration,990,500,999,True,False,,,False,False,True,sourced
100002584,Entreprise 02584 SAS,S,Autres services,6,6,9,False,False,,,False,False,True,sourced
100002585,Entreprise 02585 SAS,C,Industrie manufacturière,5,3,5,False,False,,,False,True,True,sourced
100002586,Entreprise 02586 SAS,M,Activités spé. scientifiques/techniques,513,500,999,True,False,,,False,False,False,sourced
100002587,Entreprise 02587 SAS,G,"Commerce, réparation auto",25,20,49,False,False,,,True,False,True,sourced
100002588,Entreprise 02588 SAS,M,Activités spé. scientifiques/techniques,12,10,19,False,False,,,True,True,True,sourced
100002589,Entreprise 02589 SAS,I,Hébergement et restauration,12,10,19,False,False,,,False,True,True,sourced
100002590,Entreprise 02590 SAS,F,Construction,86,50,99,False,False,,,False,True,True,sourced
100002591,Entreprise 02591 SAS,M,Activités spé. scientifiques/techniques,8,6,9,False,False,,,False,False,False,sourced
100002592,Entreprise 02592 SAS,I,Hébergement et restauration,70,50,99,False,False,,,False,True,False,sourced
100002593,Entreprise 02593 SAS,F,Construction,291,250,499,False,False,,,True,True,False,sourced
100002594,Entreprise 02594 SAS,G,"Commerce, réparation auto",8,6,9,False,False,,,False,False,False,sourced
100002595,Entreprise 02595 SAS,S,Autres services,23,20,49,False,False,,,False,False,False,qualified
100002596,Entreprise 02596 SAS,S,Autres services,6,6,9,False,False,,,False,True,False,qualified
100002597,Entreprise 02597 SAS,M,Activités spé. scientifiques/techniques,5,3,5,False,False,,,False,False,True,sourced
100002598,Entreprise 02598 SAS,F,Construction,16,10,19,False,False,,,False,True,True,sourced
100002599,Entreprise 02599 SAS,M,Activités spé. scientifiques/techniques,357,250,499,False,False,,,False,False,False,sourced
100002600,Entreprise 02600 SAS,M,Activités spé. scientifiques/techniques,25,20,49,False,False,,,True,True,False,contacted
100002601,Entreprise 02601 SAS,N,Services administratifs et soutien,5,3,5,False,False,,,True,False,False,sourced
100002602,Entreprise 02602 SAS,G,"Commerce, réparation auto",2243,2000,4999,True,False,,,False,True,True,sourced
100002603,Entreprise 02603 SAS,G,"Commerce, réparation auto",213,200,249,False,False,,,False,True,True,sourced
100002604,Entreprise 02604 SAS,F,Construction,428,250,499,False,False,,,False,False,True,sourced
100002605,Entreprise 02605 SAS,G,"Commerce, réparation auto",40,20,49,False,False,,,True,False,False,sourced
100002606,Entreprise 02606 SAS,M,Activités spé. scientifiques/techniques,29,20,49,False,False,,,False,False,False,sourced
100002607,Entreprise 02607 SAS,G,"Commerce, réparation auto",7,6,9,False,False,,,False,True,False,sourced
100002608,Entreprise 02608 SAS,J,Information et communication,216,200,249,False,False,,,False,True,True,sourced
100002609,Entreprise 02609 SAS,G,"Commerce, réparation auto",19,10,19,False,False,,,False,True,False,sourced
100002610,Entreprise 02610 SAS,G,"Commerce, réparation auto",181,100,199,False,False,,,False,False,True,sourced
100002611,Entreprise 02611 SAS,Q,Santé humaine et action sociale,32,20,49,False,False,,,True,True,True,sourced
100002612,Entreprise 02612 SAS,H,Transports et entreposage,4151,2000,4999,True,True,True,True,False,True,True,sourced
100002613,Entreprise 02613 SAS,S,Autres services,1,1,2,False,False,,,False,True,True,sourced
100002614,Entreprise 02614 SAS,N,Services administratifs et soutien,278,250,499,False,False,,,False,True,True,contacted
100002615,Entreprise 02615 SAS,C,Industrie manufacturière,3,3,5,False,False,,,False,True,True,qualified
100002616,Entreprise 02616 SAS,F,Construction,304,250,499,False,False,,,False,True,False,sourced
100002617,Entreprise 02617 SAS,M,Activités spé. scientifiques/techniques,24,20,49,False,False,,,True,True,True,sourced
100002618,Entreprise 02618 SAS,G,"Commerce, réparation auto",192,100,199,False,False,,,False,True,False,sourced
100002619,Entreprise 02619 SAS,C,Industrie manufacturière,1,1,2,False,False,,,False,True,True,sourced
100002620,Entreprise 02620 SAS,S,Autres services,5,3,5,False,False,,,False,False,True,qualified
100002621,Entreprise 02621 SAS,G,"Commerce, réparation auto",21,20,49,False,False,,,True,True,True,rejected
100002622,Entreprise 02622 SAS,F,Construction,232,200,249,False,False,,,False,True,True,sourced
100002623,Entreprise 02623 SAS,F,Construction,3,3,5,False,False,,,False,False,True,contacted
100002624,Entreprise 02624 SAS,C,Industrie manufacturière,1849,1000,1999,True,True,False,,False,False,False,sourced
100002625,Entreprise 02625 SAS,M,Activités spé. scientifiques/techniques,69,50,99,False,False,,,False,True,True,sourced
100002626,Entreprise 02626 SAS,M,Activités spé. scientifiques/techniques,20,20,49,False,False,,,False,True,False,contacted
100002627,Entreprise 02627 SAS,G,"Commerce, réparation auto",18,10,19,False,False,,,False,False,True,sourced
100002628,Entreprise 02628 SAS,G,"Commerce, réparation auto",4,3,5,False,False,,,True,False,False,sourced
100002629,Entreprise 02629 SAS,S,Autres services,966,500,999,True,True,False,,False,True,True,sourced
100002630,Entreprise 02630 SAS,C,Industrie manufacturière,149,100,199,False,False,,,False,False,False,sourced
100002631,Entreprise 02631 SAS,M,Activités spé. scientifiques/techniques,1862,1000,1999,True,True,True,True,False,True,True,sourced
100002632,Entreprise 02632 SAS,H,Transports et entreposage,126,100,199,False,False,,,False,True,True,sourced
100002633,Entreprise 02633 SAS,H,Transports et entreposage,258,250,499,False,False,,,False,False,False,sourced
100002634,Entreprise 02634 SAS,C,Industrie manufacturière,26,20,49,False,False,,,False,True,False,sourced
100002635,Entreprise 02635 SAS,Q,Santé humaine et action sociale,6,6,9,False,False,,,False,False,True,qualified
100002636,Entreprise 02636 SAS,G,"Commerce, réparation auto",4,3,5,False,False,,,False,False,True,rejected
100002637,Entreprise 02637 SAS,M,Activités spé. scientifiques/techniques,175,100,199,False,False,,,False,True,False,sourced
100002638,Entreprise 02638 SAS,I,Hébergement et restauration,2374,2000,4999,True,False,,,False,True,True,sourced
100002639,Entreprise 02639 SAS,C,Industrie manufacturière,419,250,499,False,False,,,False,True,True,sourced
100002640,Entreprise 02640 SAS,G,"Commerce, réparation auto",2,1,2,False,False,,,False,True,True,sourced
100002641,Entreprise 02641 SAS,M,Activités spé. scientifiques/techniques,567,500,999,True,False,,,True,True,False,sourced
100002642,Entreprise 02642 SAS,M,Activités spé. scientifiques/techniques,161,100,199,False,False,,,False,True,True,sourced
100002643,Entreprise 02643 SAS,N,Services administratifs et soutien,498,250,499,False,False,,,False,True,False,sourced
100002644,Entreprise 02644 SAS,G,"Commerce, réparation auto",92,50,99,False,False,,,False,True,True,contacted
100002645,Entreprise 02645 SAS,S,Autres services,162,100,199,False,False,,,True,False,True,sourced
100002646,Entreprise 02646 SAS,S,Autres services,173,100,199,False,False,,,True,False,True,sourced
100002647,Entreprise 02647 SAS,S,Autres services,296,250,499,False,False,,,False,False,True,sourced
100002648,Entreprise 02648 SAS,G,"Commerce, réparation auto",2,1,2,False,False,,,False,True,False,sourced
100002649,Entreprise 02649 SAS,N,Services administratifs et soutien,12,10,19,False,False,,,True,True,True,sourced
100002650,Entreprise 02650 SAS,H,Transports et entreposage,433,250,499,False,False,,,False,False,True,qualified
100002651,Entreprise 02651 SAS,S,Autres services,137,100,199,False,False,,,False,False,False,sourced
100002652,Entreprise 02652 SAS,Q,Santé humaine et action sociale,23,20,49,False,False,,,False,True,True,sourced
100002653,Entreprise 02653 SAS,F,Construction,12,10,19,False,False,,,True,True,True,sourced
100002654,Entreprise 02654 SAS,M,Activités spé. scientifiques/techniques,40,20,49,False,False,,,False,True,True,sourced
100002655,Entreprise 02655 SAS,C,Industrie manufacturière,959,500,999,True,False,,,False,True,False,sourced
100002656,Entreprise 02656 SAS,Q,Santé humaine et action sociale,240,200,249,False,False,,,False,True,True,sourced
100002657,Entreprise 02657 SAS,M,Activités spé. scientifiques/techniques,929,500,999,True,True,True,True,False,True,True,sourced
100002658,Entreprise 02658 SAS,M,Activités spé. scientifiques/techniques,1067,1000,1999,True,True,False,,False,True,False,sourced
100002659,Entreprise 02659 SAS,H,Transports et entreposage,57,50,99,False,False,,,False,True,False,sourced
100002660,Entreprise 02660 SAS,J,Information et communication,4,3,5,False,False,,,True,True,True,qualified
100002661,Entreprise 02661 SAS,F,Construction,7,6,9,False,False,,,False,False,False,sourced
100002662,Entreprise 02662 SAS,M,Activités spé. scientifiques/techniques,19,10,19,False,False,,,False,False,True,sourced
100002663,Entreprise 02663 SAS,I,Hébergement et restauration,307,250,499,False,False,,,False,False,True,sourced
100002664,Entreprise 02664 SAS,F,Construction,4,3,5,False,False,,,False,False,True,sourced
100002665,Entreprise 02665 SAS,J,Information et communication,150,100,199,False,False,,,False,False,True,qualified
100002666,Entreprise 02666 SAS,G,"Commerce, réparation auto",4,3,5,False,False,,,True,True,True,contacted
100002667,Entreprise 02667 SAS,F,Construction,29,20,49,False,False,,,False,True,True,sourced
100002668,Entreprise 02668 SAS,Q,Santé humaine et action sociale,414,250,499,False,False,,,True,False,False,sourced
100002669,Entreprise 02669 SAS,M,Activités spé. scientifiques/techniques,1,1,2,False,False,,,False,False,True,rejected
100002670,Entreprise 02670 SAS,G,"Commerce, réparation auto",639,500,999,True,True,True,True,False,True,True,qualified
100002671,Entreprise 02671 SAS,I,Hébergement et restauration,12,10,19,False,False,,,False,False,False,sourced
100002672,Entreprise 02672 SAS,G,"Commerce, réparation auto",1,1,2,False,False,,,False,True,True,sourced
100002673,Entreprise 02673 SAS,M,Activités spé. scientifiques/techniques,149,100,199,False,False,,,False,False,True,sourced
100002674,Entreprise 02674 SAS,S,Autres services,77,50,99,False,False,,,False,False,False,sourced
100002675,Entreprise 02675 SAS,G,"Commerce, réparation auto",5,3,5,False,False,,,False,True,True,sourced
100002676,Entreprise 02676 SAS,I,Hébergement et restauration,78,50,99,False,False,,,False,False,False,sourced
100002677,Entreprise 02677 SAS,M,Activités spé. scientifiques/techniques,66,50,99,False,False,,,False,True,True,sourced
100002678,Entreprise 02678 SAS,C,Industrie manufacturière,9,6,9,False,False,,,False,False,True,sourced
100002679,Entreprise 02679 SAS,I,Hébergement et restauration,7,6,9,False,False,,,True,False,False,sourced
100002680,Entreprise 02680 SAS,G,"Commerce, réparation auto",18,10,19,False,False,,,False,True,True,sourced
100002681,Entreprise 02681 SAS,G,"Commerce, réparation auto",571,500,999,True,False,,,False,False,True,contacted
100002682,Entreprise 02682 SAS,G,"Commerce, réparation auto",259,250,499,False,False,,,False,True,True,contacted
100002683,Entreprise 02683 SAS,N,Services administratifs et soutien,494,250,499,False,False,,,False,True,False,sourced
100002684,Entreprise 02684 SAS,I,Hébergement et restauration,1005,1000,1999,True,False,,,False,True,True,sourced
100002685,Entreprise 02685 SAS,F,Construction,357,250,499,False,False,,,False,False,True,sourced
100002686,Entreprise 02686 SAS,N,Services administratifs et soutien,2,1,2,False,False,,,True,True,True,sourced
100002687,Entreprise 02687 SAS,C,Industrie manufacturière,886,500,999,True,True,True,True,True,True,False,sourced
100002688,Entreprise 02688 SAS,H,Transports et entreposage,15,10,19,False,False,,,True,False,True,sourced
100002689,Entreprise 02689 SAS,F,Construction,34,20,49,False,False,,,False,True,True,sourced
100002690,Entreprise 02690 SAS,C,Industrie manufacturière,414,250,499,False,False,,,True,True,True,sourced
100002691,Entreprise 02691 SAS,G,"Commerce, réparation auto",266,250,499,False,False,,,True,True,False,sourced
100002692,Entreprise 02692 SAS,S,Autres services,404,250,499,False,False,,,False,False,False,sourced
100002693,Entreprise 02693 SAS,Q,Santé humaine et action sociale,22,20,49,False,False,,,False,True,True,qualified
100002694,Entreprise 02694 SAS,H,Transports et entreposage,17,10,19,False,False,,,False,True,True,sourced
100002695,Entreprise 02695 SAS,S,Autres services,11,10,19,False,False,,,True,True,False,contacted
100002696,Entreprise 02696 SAS,M,Activités spé. scientifiques/techniques,79,50,99,False,False,,,False,True,True,sourced
100002697,Entreprise 02697 SAS,I,Hébergement et restauration,359,250,499,False,False,,,True,True,True,sourced
100002698,Entreprise 02698 SAS,S,Autres services,1,1,2,False,False,,,False,False,True,qualified
100002699,Entreprise 02699 SAS,J,Information et communication,1,1,2,False,False,,,False,True,False,qualified
100002700,Entreprise 02700 SAS,F,Construction,1,1,2,False,False,,,False,False,True,sourced
100002701,Entreprise 02701 SAS,K,Activités financières et assurance,44,20,49,False,False,,,False,True,False,sourced
100002702,Entreprise 02702 SAS,I,Hébergement et restauration,50,50,99,False,False,,,True,False,True,sourced
100002703,Entreprise 02703 SAS,Q,Santé humaine et action sociale,15,10,19,False,False,,,True,True,True,sourced
100002704,Entreprise 02704 SAS,M,Activités spé. scientifiques/techniques,10,10,19,False,False,,,True,False,False,sourced
100002705,Entreprise 02705 SAS,C,Industrie manufacturière,2866,2000,4999,True,False,,,False,False,False,contacted
100002706,Entreprise 02706 SAS,Q,Santé humaine et action sociale,2614,2000,4999,True,False,,,False,False,True,sourced
100002707,Entreprise 02707 SAS,C,Industrie manufacturière,511,500,999,True,True,True,True,False,False,True,sourced
100002708,Entreprise 02708 SAS,C,Industrie manufacturière,826,500,999,True,True,True,True,False,True,False,sourced
100002709,Entreprise 02709 SAS,S,Autres services,172,100,199,False,False,,,False,True,True,sourced
100002710,Entreprise 02710 SAS,H,Transports et entreposage,497,250,499,False,False,,,False,False,True,qualified
100002711,Entreprise 02711 SAS,H,Transports et entreposage,5,3,5,False,False,,,False,True,True,sourced
100002712,Entreprise 02712 SAS,N,Services administratifs et soutien,530,500,999,True,True,False,,False,True,True,sourced
100002713,Entreprise 02713 SAS,F,Construction,9,6,9,False,False,,,True,True,True,sourced
100002714,Entreprise 02714 SAS,F,Construction,23,20,49,False,False,,,False,False,False,sourced
100002715,Entreprise 02715 SAS,M,Activités spé. scientifiques/techniques,73,50,99,False,False,,,False,True,True,contacted
100002716,Entreprise 02716 SAS,G,"Commerce, réparation auto",6,6,9,False,False,,,False,False,True,sourced
100002717,Entreprise 02717 SAS,J,Information et communication,34,20,49,False,False,,,False,True,True,sourced
100002718,Entreprise 02718 SAS,S,Autres services,2,1,2,False,False,,,True,False,True,qualified
100002719,Entreprise 02719 SAS,S,Autres services,1472,1000,1999,True,True,False,,False,True,True,sourced
100002720,Entreprise 02720 SAS,M,Activités spé. scientifiques/techniques,1,1,2,False,False,,,True,False,True,rejected
100002721,Entreprise 02721 SAS,G,"Commerce, réparation auto",40,20,49,False,False,,,True,True,False,contacted
100002722,Entreprise 02722 SAS,F,Construction,1,1,2,False,False,,,False,True,True,qualified
100002723,Entreprise 02723 SAS,N,Services administratifs et soutien,17,10,19,False,False,,,True,False,False,sourced
100002724,Entreprise 02724 SAS,Q,Santé humaine et action sociale,8,6,9,False,False,,,False,False,True,sourced
100002725,Entreprise 02725 SAS,F,Construction,864,500,999,True,True,False,,True,False,True,sourced
100002726,Entreprise 02726 SAS,F,Construction,1315,1000,1999,True,True,False,,False,False,True,sourced
100002727,Entreprise 02727 SAS,M,Activités spé. scientifiques/techniques,640,500,999,True,True,True,True,False,False,False,contacted
100002728,Entreprise 02728 SAS,M,Activités spé. scientifiques/techniques,37,20,49,False,False,,,True,True,True,sourced
100002729,Entreprise 02729 SAS,F,Construction,91,50,99,False,False,,,False,True,False,sourced
100002730,Entreprise 02730 SAS,F,Construction,2,1,2,False,False,,,False,False,False,sourced
100002731,Entreprise 02731 SAS,F,Construction,1,1,2,False,False,,,False,True,False,sourced
100002732,Entreprise 02732 SAS,S,Autres services,1154,1000,1999,True,True,True,False,False,True,True,sourced
100002733,Entreprise 02733 SAS,F,Construction,1,1,2,False,False,,,False,True,True,qualified
100002734,Entreprise 02734 SAS,M,Activités spé. scientifiques/techniques,2,1,2,False,False,,,True,False,True,sourced
100002735,Entreprise 02735 SAS,H,Transports et entreposage,207,200,249,False,False,,,False,False,False,sourced
100002736,Entreprise 02736 SAS,G,"Commerce, réparation auto",331,250,499,False,False,,,False,True,False,sourced
100002737,Entreprise 02737 SAS,G,"Commerce, réparation auto",34,20,49,False,False,,,False,True,False,sourced
100002738,Entreprise 02738 SAS,F,Construction,9,6,9,False,False,,,False,True,False,sourced
100002739,Entreprise 02739 SAS,I,Hébergement et restauration,6,6,9,False,False,,,True,True,True,sourced
100002740,Entreprise 02740 SAS,G,"Commerce, réparation auto",11,10,19,False,False,,,False,True,False,sourced
100002741,Entreprise 02741 SAS,F,Construction,8,6,9,False,False,,,False,True,True,sourced
100002742,Entreprise 02742 SAS,F,Construction,6,6,9,False,False,,,False,True,True,sourced
100002743,Entreprise 02743 SAS,N,Services administratifs et soutien,6,6,9,False,False,,,False,False,True,sourced
100002744,Entreprise 02744 SAS,F,Construction,72,50,99,False,False,,,True,False,True,sourced
100002745,Entreprise 02745 SAS,F,Construction,9,6,9,False,False,,,False,True,False,rejected
100002746,Entreprise 02746 SAS,H,Transports et entreposage,9,6,9,False,False,,,True,False,True,sourced
100002747,Entreprise 02747 SAS,Q,Santé humaine et action sociale,1392,1000,1999,True,True,True,True,True,True,False,sourced
100002748,Entreprise 02748 SAS,F,Construction,459,250,499,False,False,,,True,True,True,qualified
100002749,Entreprise 02749 SAS,F,Construction,13,10,19,False,False,,,True,False,False,sourced
100002750,Entreprise 02750 SAS,S,Autres services,29,20,49,False,False,,,False,True,False,sourced
100002751,Entreprise 02751 SAS,K,Activités financières et assurance,81,50,99,False,False,,,False,True,True,sourced
100002752,Entreprise 02752 SAS,M,Activités spé. scientifiques/techniques,21,20,49,False,False,,,True,True,True,sourced
100002753,Entreprise 02753 SAS,Q,Santé humaine et action sociale,554,500,999,True,False,,,False,True,True,sourced
100002754,Entreprise 02754 SAS,H,Transports et entreposage,7,6,9,False,False,,,False,True,True,qualified
100002755,Entreprise 02755 SAS,G,"Commerce, réparation auto",16,10,19,False,False,,,False,True,True,sourced
100002756,Entreprise 02756 SAS,C,Industrie manufacturière,227,200,249,False,False,,,False,True,True,sourced
100002757,Entreprise 02757 SAS,H,Transports et entreposage,859,500,999,True,True,False,,False,False,True,sourced
100002758,Entreprise 02758 SAS,Q,Santé humaine et action sociale,3,3,5,False,False,,,False,True,False,sourced
100002759,Entreprise 02759 SAS,G,"Commerce, réparation auto",5,3,5,False,False,,,False,False,False,sourced
100002760,Entreprise 02760 SAS,F,Construction,7,6,9,False,False,,,False,False,False,qualified
100002761,Entreprise 02761 SAS,F,Construction,896,500,999,True,True,True,True,True,False,True,sourced
100002762,Entreprise 02762 SAS,C,Industrie manufacturière,14,10,19,False,False,,,False,True,True,rejected
100002763,Entreprise 02763 SAS,F,Construction,8,6,9,False,False,,,False,True,True,sourced
100002764,Entreprise 02764 SAS,H,Transports et entreposage,388,250,499,False,False,,,False,True,True,sourced
100002765,Entreprise 02765 SAS,G,"Commerce, réparation auto",7,6,9,False,False,,,True,True,True,rejected
100002766,Entreprise 02766 SAS,G,"Commerce, réparation auto",64,50,99,False,False,,,False,False,False,qualified
100002767,Entreprise 02767 SAS,S,Autres services,15,10,19,False,False,,,False,True,True,sourced
100002768,Entreprise 02768 SAS,G,"Commerce, réparation auto",27,20,49,False,False,,,True,True,True,sourced
100002769,Entreprise 02769 SAS,M,Activités spé. scientifiques/techniques,1,1,2,False,False,,,True,False,True,sourced
100002770,Entreprise 02770 SAS,I,Hébergement et restauration,1,1,2,False,False,,,False,True,True,sourced
100002771,Entreprise 02771 SAS,M,Activités spé. scientifiques/techniques,18,10,19,False,False,,,False,True,False,contacted
100002772,Entreprise 02772 SAS,C,Industrie manufacturière,21,20,49,False,False,,,False,False,True,sourced
100002773,Entreprise 02773 SAS,I,Hébergement et restauration,6,6,9,False,False,,,False,True,False,contacted
100002774,Entreprise 02774 SAS,H,Transports et entreposage,14,10,19,False,False,,,True,False,False,sourced
100002775,Entreprise 02775 SAS,N,Services administratifs et soutien,40,20,49,False,False,,,True,False,True,sourced
100002776,Entreprise 02776 SAS,M,Activités spé. scientifiques/techniques,25,20,49,False,False,,,True,True,True,qualified
100002777,Entreprise 02777 SAS,G,"Commerce, réparation auto",19,10,19,False,False,,,True,True,True,sourced
100002778,Entreprise 02778 SAS,C,Industrie manufacturière,1541,1000,1999,True,True,True,False,True,False,True,sourced
100002779,Entreprise 02779 SAS,J,Information et communication,5,3,5,False,False,,,False,True,False,sourced
100002780,Entreprise 02780 SAS,K,Activités financières et assurance,8,6,9,False,False,,,False,True,True,sourced
100002781,Entreprise 02781 SAS,H,Transports et entreposage,262,250,499,False,False,,,True,True,True,sourced
100002782,Entreprise 02782 SAS,M,Activités spé. scientifiques/techniques,17,10,19,False,False,,,False,True,False,sourced
100002783,Entreprise 02783 SAS,N,Services administratifs et soutien,1,1,2,False,False,,,False,False,False,sourced
100002784,Entreprise 02784 SAS,N,Services administratifs et soutien,21,20,49,False,False,,,True,True,False,sourced
100002785,Entreprise 02785 SAS,N,Services administratifs et soutien,6,6,9,False,False,,,False,True,True,rejected
100002786,Entreprise 02786 SAS,G,"Commerce, réparation auto",173,100,199,False,False,,,False,False,False,sourced
100002787,Entreprise 02787 SAS,F,Construction,520,500,999,True,False,,,False,True,True,sourced
100002788,Entreprise 02788 SAS,Q,Santé humaine et action sociale,12,10,19,False,False,,,True,False,True,sourced
100002789,Entreprise 02789 SAS,C,Industrie manufacturière,1110,1000,1999,True,False,,,False,False,True,sourced
100002790,Entreprise 02790 SAS,M,Activités spé. scientifiques/techniques,18,10,19,False,False,,,False,False,False,sourced
100002791,Entreprise 02791 SAS,G,"Commerce, réparation auto",26,20,49,False,False,,,True,False,True,qualified
100002792,Entreprise 02792 SAS,N,Services administratifs et soutien,12,10,19,False,False,,,True,True,False,sourced
100002793,Entreprise 02793 SAS,F,Construction,47,20,49,False,False,,,False,False,False,sourced
100002794,Entreprise 02794 SAS,S,Autres services,554,500,999,True,False,,,False,True,True,contacted
100002795,Entreprise 02795 SAS,G,"Commerce, réparation auto",202,200,249,False,False,,,False,True,False,sourced
100002796,Entreprise 02796 SAS,F,Construction,6,6,9,False,False,,,True,True,True,sourced
100002797,Entreprise 02797 SAS,N,Services administratifs et soutien,39,20,49,False,False,,,False,True,True,contacted
100002798,Entreprise 02798 SAS,H,Transports et entreposage,345,250,499,False,False,,,False,True,True,qualified
100002799,Entreprise 02799 SAS,C,Industrie manufacturière,40,20,49,False,False,,,False,True,True,sourced
100002800,Entreprise 02800 SAS,K,Activités financières et assurance,2,1,2,False,False,,,True,True,False,sourced
100002801,Entreprise 02801 SAS,H,Transports et entreposage,1,1,2,False,False,,,False,True,False,sourced
100002802,Entreprise 02802 SAS,S,Autres services,24,20,49,False,False,,,True,True,False,sourced
100002803,Entreprise 02803 SAS,I,Hébergement et restauration,1,1,2,False,False,,,False,True,True,sourced
100002804,Entreprise 02804 SAS,G,"Commerce, réparation auto",5,3,5,False,False,,,True,True,False,sourced
100002805,Entreprise 02805 SAS,G,"Commerce, réparation auto",315,250,499,False,False,,,False,True,True,sourced
100002806,Entreprise 02806 SAS,F,Construction,526,500,999,True,True,False,,False,False,True,rejected
100002807,Entreprise 02807 SAS,J,Information et communication,28,20,49,False,False,,,False,False,True,sourced
100002808,Entreprise 02808 SAS,S,Autres services,470,250,499,False,False,,,True,False,True,sourced
100002809,Entreprise 02809 SAS,S,Autres services,147,100,199,False,False,,,False,False,True,sourced
100002810,Entreprise 02810 SAS,C,Industrie manufacturière,4,3,5,False,False,,,True,False,True,sourced
100002811,Entreprise 02811 SAS,M,Activités spé. scientifiques/techniques,2,1,2,False,False,,,False,True,False,sourced
100002812,Entreprise 02812 SAS,G,"Commerce, réparation auto",12,10,19,False,False,,,False,True,False,sourced
100002813,Entreprise 02813 SAS,I,Hébergement et restauration,586,500,999,True,True,False,,False,True,True,sourced
100002814,Entreprise 02814 SAS,Q,Santé humaine et action sociale,25,20,49,False,False,,,False,True,True,sourced
100002815,Entreprise 02815 SAS,G,"Commerce, réparation auto",36,20,49,False,False,,,False,True,True,sourced
100002816,Entreprise 02816 SAS,S,Autres services,1,1,2,False,False,,,False,True,True,sourced
100002817,Entreprise 02817 SAS,N,Services administratifs et soutien,801,500,999,True,False,,,False,False,True,sourced
100002818,Entreprise 02818 SAS,C,Industrie manufacturière,4,3,5,False,False,,,False,False,True,sourced
100002819,Entreprise 02819 SAS,G,"Commerce, réparation auto",86,50,99,False,False,,,True,True,True,sourced
100002820,Entreprise 02820 SAS,M,Activités spé. scientifiques/techniques,1,1,2,False,False,,,False,True,True,sourced
100002821,Entreprise 02821 SAS,G,"Commerce, réparation auto",83,50,99,False,False,,,False,False,False,sourced
100002822,Entreprise 02822 SAS,N,Services administratifs et soutien,492,250,499,False,False,,,False,False,False,sourced
100002823,Entreprise 02823 SAS,S,Autres services,89,50,99,False,False,,,True,True,True,sourced
100002824,Entreprise 02824 SAS,H,Transports et entreposage,4,3,5,False,False,,,False,True,True,qualified
100002825,Entreprise 02825 SAS,F,Construction,259,250,499,False,False,,,False,False,False,sourced
100002826,Entreprise 02826 SAS,M,Activités spé. scientifiques/techniques,3,3,5,False,False,,,True,True,False,sourced
100002827,Entreprise 02827 SAS,S,Autres services,33,20,49,False,False,,,False,False,True,sourced
100002828,Entreprise 02828 SAS,F,Construction,966,500,999,True,True,True,True,False,False,False,sourced
100002829,Entreprise 02829 SAS,Q,Santé humaine et action sociale,352,250,499,False,False,,,True,True,True,contacted
100002830,Entreprise 02830 SAS,M,Activités spé. scientifiques/techniques,29,20,49,False,False,,,True,False,False,qualified
100002831,Entreprise 02831 SAS,M,Activités spé. scientifiques/techniques,125,100,199,False,False,,,False,False,False,sourced
100002832,Entreprise 02832 SAS,F,Construction,33,20,49,False,False,,,False,True,True,sourced
100002833,Entreprise 02833 SAS,F,Construction,596,500,999,True,False,,,False,True,True,sourced
100002834,Entreprise 02834 SAS,M,Activités spé. scientifiques/techniques,30,20,49,False,False,,,False,False,False,qualified
100002835,Entreprise 02835 SAS,M,Activités spé. scientifiques/techniques,10,10,19,False,False,,,False,False,False,sourced
100002836,Entreprise 02836 SAS,F,Construction,13,10,19,False,False,,,False,True,False,sourced
100002837,Entreprise 02837 SAS,S,Autres services,5,3,5,False,False,,,False,True,True,sourced
100002838,Entreprise 02838 SAS,G,"Commerce, réparation auto",1181,1000,1999,True,False,,,False,True,True,sourced
100002839,Entreprise 02839 SAS,M,Activités spé. scientifiques/techniques,1521,1000,1999,True,False,,,False,True,True,sourced
100002840,Entreprise 02840 SAS,I,Hébergement et restauration,1253,1000,1999,True,True,False,,True,True,True,sourced
100002841,Entreprise 02841 SAS,C,Industrie manufacturière,5,3,5,False,False,,,False,True,True,sourced
100002842,Entreprise 02842 SAS,S,Autres services,10,10,19,False,False,,,False,True,True,qualified
100002843,Entreprise 02843 SAS,G,"Commerce, réparation auto",30,20,49,False,False,,,True,False,True,qualified
100002844,Entreprise 02844 SAS,J,Information et communication,9,6,9,False,False,,,True,False,True,qualified
100002845,Entreprise 02845 SAS,C,Industrie manufacturière,1,1,2,False,False,,,False,False,True,sourced
100002846,Entreprise 02846 SAS,S,Autres services,356,250,499,False,False,,,False,False,False,contacted
100002847,Entreprise 02847 SAS,F,Construction,288,250,499,False,False,,,True,True,False,sourced
100002848,Entreprise 02848 SAS,G,"Commerce, réparation auto",121,100,199,False,False,,,False,True,True,sourced
100002849,Entreprise 02849 SAS,F,Construction,340,250,499,False,False,,,False,True,False,qualified
100002850,Entreprise 02850 SAS,G,"Commerce, réparation auto",1,1,2,False,False,,,False,True,False,sourced
100002851,Entreprise 02851 SAS,F,Construction,156,100,199,False,False,,,False,False,True,sourced
100002852,Entreprise 02852 SAS,F,Construction,383,250,499,False,False,,,False,True,True,sourced
100002853,Entreprise 02853 SAS,M,Activités spé. scientifiques/techniques,21,20,49,False,False,,,False,True,True,sourced
100002854,Entreprise 02854 SAS,G,"Commerce, réparation auto",4408,2000,4999,True,True,True,True,False,True,True,qualified
100002855,Entreprise 02855 SAS,F,Construction,2,1,2,False,False,,,False,True,True,sourced
100002856,Entreprise 02856 SAS,G,"Commerce, réparation auto",555,500,999,True,False,,,False,True,False,sourced
100002857,Entreprise 02857 SAS,M,Activités spé. scientifiques/techniques,8,6,9,False,False,,,True,True,False,sourced
100002858,Entreprise 02858 SAS,G,"Commerce, réparation auto",2,1,2,False,False,,,False,True,True,sourced
100002859,Entreprise 02859 SAS,F,Construction,68,50,99,False,False,,,False,True,False,sourced
100002860,Entreprise 02860 SAS,G,"Commerce, réparation auto",188,100,199,False,False,,,False,False,True,sourced
100002861,Entreprise 02861 SAS,G,"Commerce, réparation auto",1,1,2,False,False,,,False,False,True,sourced
100002862,Entreprise 02862 SAS,F,Construction,7,6,9,False,False,,,True,False,False,sourced
100002863,Entreprise 02863 SAS,S,Autres services,43,20,49,False,False,,,False,False,False,sourced
100002864,Entreprise 02864 SAS,F,Construction,598,500,999,True,False,,,False,True,False,sourced
100002865,Entreprise 02865 SAS,S,Autres services,152,100,199,False,False,,,True,False,False,sourced
100002866,Entreprise 02866 SAS,F,Construction,621,500,999,True,True,True,False,False,False,True,sourced
100002867,Entreprise 02867 SAS,G,"Commerce, réparation auto",2,1,2,False,False,,,False,False,True,sourced
100002868,Entreprise 02868 SAS,G,"Commerce, réparation auto",13,10,19,False,False,,,False,True,True,qualified
100002869,Entreprise 02869 SAS,G,"Commerce, réparation auto",11,10,19,False,False,,,True,True,False,sourced
100002870,Entreprise 02870 SAS,G,"Commerce, réparation auto",72,50,99,False,False,,,False,False,True,sourced
100002871,Entreprise 02871 SAS,G,"Commerce, réparation auto",9,6,9,False,False,,,False,False,True,sourced
100002872,Entreprise 02872 SAS,G,"Commerce, réparation auto",106,100,199,False,False,,,True,True,False,qualified
100002873,Entreprise 02873 SAS,I,Hébergement et restauration,1042,1000,1999,True,False,,,False,True,True,sourced
100002874,Entreprise 02874 SAS,C,Industrie manufacturière,3360,2000,4999,True,True,True,True,False,True,True,sourced
100002875,Entreprise 02875 SAS,F,Construction,313,250,499,False,False,,,False,True,False,sourced
100002876,Entreprise 02876 SAS,G,"Commerce, réparation auto",4,3,5,False,False,,,False,False,True,sourced
100002877,Entreprise 02877 SAS,F,Construction,344,250,499,False,False,,,True,False,False,sourced
100002878,Entreprise 02878 SAS,G,"Commerce, réparation auto",3,3,5,False,False,,,True,True,True,contacted
100002879,Entreprise 02879 SAS,M,Activités spé. scientifiques/techniques,1,1,2,False,False,,,False,True,True,sourced
100002880,Entreprise 02880 SAS,G,"Commerce, réparation auto",5,3,5,False,False,,,False,True,True,sourced
100002881,Entreprise 02881 SAS,K,Activités financières et assurance,48,20,49,False,False,,,False,False,False,sourced
100002882,Entreprise 02882 SAS,G,"Commerce, réparation auto",22,20,49,False,False,,,True,False,True,contacted
100002883,Entreprise 02883 SAS,I,Hébergement et restauration,10,10,19,False,False,,,False,False,True,sourced
100002884,Entreprise 02884 SAS,C,Industrie manufacturière,4,3,5,False,False,,,False,False,True,qualified
100002885,Entreprise 02885 SAS,Q,Santé humaine et action sociale,209,200,249,False,False,,,False,True,True,sourced
100002886,Entreprise 02886 SAS,I,Hébergement et restauration,777,500,999,True,True,False,,True,False,True,sourced
100002887,Entreprise 02887 SAS,F,Construction,22,20,49,False,False,,,True,False,False,sourced
100002888,Entreprise 02888 SAS,S,Autres services,304,250,499,False,False,,,False,True,True,sourced
100002889,Entreprise 02889 SAS,I,Hébergement et restauration,2,1,2,False,False,,,False,True,False,qualified
100002890,Entreprise 02890 SAS,G,"Commerce, réparation auto",2169,2000,4999,True,True,True,False,False,True,False,sourced
100002891,Entreprise 02891 SAS,M,Activités spé. scientifiques/techniques,9,6,9,False,False,,,False,False,True,sourced
100002892,Entreprise 02892 SAS,H,Transports et entreposage,7,6,9,False,False,,,False,False,True,sourced
100002893,Entreprise 02893 SAS,C,Industrie manufacturière,253,250,499,False,False,,,True,True,True,sourced
100002894,Entreprise 02894 SAS,S,Autres services,2,1,2,False,False,,,False,False,True,sourced
100002895,Entreprise 02895 SAS,S,Autres services,441,250,499,False,False,,,False,True,True,sourced
100002896,Entreprise 02896 SAS,N,Services administratifs et soutien,17,10,19,False,False,,,False,True,True,qualified
100002897,Entreprise 02897 SAS,M,Activités spé. scientifiques/techniques,12,10,19,False,False,,,False,True,False,sourced
100002898,Entreprise 02898 SAS,J,Information et communication,5,3,5,False,False,,,False,True,True,sourced
100002899,Entreprise 02899 SAS,N,Services administratifs et soutien,55,50,99,False,False,,,True,True,True,contacted
100002900,Entreprise 02900 SAS,G,"Commerce, réparation auto",265,250,499,False,False,,,False,False,True,sourced
100002901,Entreprise 02901 SAS,M,Activités spé. scientifiques/techniques,34,20,49,False,False,,,False,True,True,sourced
100002902,Entreprise 02902 SAS,S,Autres services,406,250,499,False,False,,,False,False,True,sourced
100002903,Entreprise 02903 SAS,S,Autres services,15,10,19,False,False,,,True,True,True,sourced
100002904,Entreprise 02904 SAS,C,Industrie manufacturière,7,6,9,False,False,,,False,True,False,sourced
100002905,Entreprise 02905 SAS,F,Construction,1136,1000,1999,True,False,,,True,True,True,contacted
100002906,Entreprise 02906 SAS,K,Activités financières et assurance,32,20,49,False,False,,,False,False,False,sourced
100002907,Entreprise 02907 SAS,F,Construction,988,500,999,True,True,True,True,False,True,False,sourced
100002908,Entreprise 02908 SAS,H,Transports et entreposage,4167,2000,4999,True,True,True,False,False,False,True,sourced
100002909,Entreprise 02909 SAS,Q,Santé humaine et action sociale,14,10,19,False,False,,,False,True,False,sourced
100002910,Entreprise 02910 SAS,Q,Santé humaine et action sociale,1221,1000,1999,True,True,True,False,False,False,True,sourced
100002911,Entreprise 02911 SAS,M,Activités spé. scientifiques/techniques,63,50,99,False,False,,,False,False,True,sourced
100002912,Entreprise 02912 SAS,C,Industrie manufacturière,1680,1000,1999,True,True,False,,False,False,True,sourced
100002913,Entreprise 02913 SAS,S,Autres services,3,3,5,False,False,,,False,True,False,contacted
100002914,Entreprise 02914 SAS,I,Hébergement et restauration,14,10,19,False,False,,,True,False,False,sourced
100002915,Entreprise 02915 SAS,N,Services administratifs et soutien,24,20,49,False,False,,,False,True,True,contacted
100002916,Entreprise 02916 SAS,M,Activités spé. scientifiques/techniques,1,1,2,False,False,,,False,True,True,sourced
100002917,Entreprise 02917 SAS,M,Activités spé. scientifiques/techniques,1100,1000,1999,True,True,False,,True,False,True,sourced
100002918,Entreprise 02918 SAS,C,Industrie manufacturière,4,3,5,False,False,,,True,False,True,sourced
100002919,Entreprise 02919 SAS,G,"Commerce, réparation auto",84,50,99,False,False,,,False,False,True,sourced
100002920,Entreprise 02920 SAS,S,Autres services,912,500,999,True,False,,,True,False,True,sourced
100002921,Entreprise 02921 SAS,K,Activités financières et assurance,15,10,19,False,False,,,True,False,False,sourced
100002922,Entreprise 02922 SAS,F,Construction,1232,1000,1999,True,False,,,False,True,True,sourced
100002923,Entreprise 02923 SAS,M,Activités spé. scientifiques/techniques,350,250,499,False,False,,,False,False,True,sourced
100002924,Entreprise 02924 SAS,J,Information et communication,74,50,99,False,False,,,False,False,True,sourced
100002925,Entreprise 02925 SAS,J,Information et communication,25,20,49,False,False,,,False,False,False,sourced
100002926,Entreprise 02926 SAS,Q,Santé humaine et action sociale,1473,1000,1999,True,True,False,,False,True,True,qualified
100002927,Entreprise 02927 SAS,G,"Commerce, réparation auto",10,10,19,False,False,,,False,True,True,sourced
100002928,Entreprise 02928 SAS,N,Services administratifs et soutien,22,20,49,False,False,,,False,True,True,sourced
100002929,Entreprise 02929 SAS,N,Services administratifs et soutien,798,500,999,True,False,,,True,True,True,sourced
100002930,Entreprise 02930 SAS,J,Information et communication,35,20,49,False,False,,,False,False,False,contacted
100002931,Entreprise 02931 SAS,N,Services administratifs et soutien,1,1,2,False,False,,,False,True,True,qualified
100002932,Entreprise 02932 SAS,N,Services administratifs et soutien,14,10,19,False,False,,,False,False,False,sourced
100002933,Entreprise 02933 SAS,G,"Commerce, réparation auto",13,10,19,False,False,,,True,True,True,sourced
100002934,Entreprise 02934 SAS,N,Services administratifs et soutien,3,3,5,False,False,,,True,False,True,sourced
100002935,Entreprise 02935 SAS,C,Industrie manufacturière,1,1,2,False,False,,,False,True,True,sourced
100002936,Entreprise 02936 SAS,F,Construction,5,3,5,False,False,,,False,False,False,contacted
100002937,Entreprise 02937 SAS,F,Construction,2,1,2,False,False,,,False,True,True,sourced
100002938,Entreprise 02938 SAS,G,"Commerce, réparation auto",158,100,199,False,False,,,False,False,False,sourced
100002939,Entreprise 02939 SAS,N,Services administratifs et soutien,166,100,199,False,False,,,True,True,True,sourced
100002940,Entreprise 02940 SAS,C,Industrie manufacturière,713,500,999,True,False,,,True,True,True,sourced
100002941,Entreprise 02941 SAS,Q,Santé humaine et action sociale,5,3,5,False,False,,,False,False,True,sourced
100002942,Entreprise 02942 SAS,N,Services administratifs et soutien,9,6,9,False,False,,,True,False,True,sourced
100002943,Entreprise 02943 SAS,I,Hébergement et restauration,1767,1000,1999,True,True,True,True,False,False,False,qualified
100002944,Entreprise 02944 SAS,Q,Santé humaine et action sociale,1,1,2,False,False,,,True,True,False,sourced
100002945,Entreprise 02945 SAS,M,Activités spé. scientifiques/techniques,325,250,499,False,False,,,False,True,True,qualified
100002946,Entreprise 02946 SAS,S,Autres services,760,500,999,True,True,True,True,False,False,True,sourced
100002947,Entreprise 02947 SAS,S,Autres services,9,6,9,False,False,,,False,False,True,sourced
100002948,Entreprise 02948 SAS,G,"Commerce, réparation auto",20,20,49,False,False,,,False,False,False,sourced
100002949,Entreprise 02949 SAS,G,"Commerce, réparation auto",220,200,249,False,False,,,False,False,True,contacted
100002950,Entreprise 02950 SAS,G,"Commerce, réparation auto",2,1,2,False,False,,,True,False,False,sourced
100002951,Entreprise 02951 SAS,F,Construction,46,20,49,False,False,,,False,True,True,sourced
100002952,Entreprise 02952 SAS,C,Industrie manufacturière,19,10,19,False,False,,,False,False,True,sourced
100002953,Entreprise 02953 SAS,J,Information et communication,1318,1000,1999,True,False,,,False,False,True,sourced
100002954,Entreprise 02954 SAS,F,Construction,410,250,499,False,False,,,True,True,True,sourced
100002955,Entreprise 02955 SAS,K,Activités financières et assurance,552,500,999,True,True,True,False,False,False,True,sourced
100002956,Entreprise 02956 SAS,S,Autres services,283,250,499,False,False,,,True,True,True,sourced
100002957,Entreprise 02957 SAS,C,Industrie manufacturière,6,6,9,False,False,,,False,False,False,sourced
100002958,Entreprise 02958 SAS,M,Activités spé. scientifiques/techniques,677,500,999,True,True,True,True,False,True,True,sourced
100002959,Entreprise 02959 SAS,M,Activités spé. scientifiques/techniques,2,1,2,False,False,,,True,False,True,sourced
100002960,Entreprise 02960 SAS,K,Activités financières et assurance,1163,1000,1999,True,False,,,False,True,True,sourced
100002961,Entreprise 02961 SAS,M,Activités spé. scientifiques/techniques,58,50,99,False,False,,,False,False,True,sourced
100002962,Entreprise 02962 SAS,G,"Commerce, réparation auto",452,250,499,False,False,,,True,True,True,sourced
100002963,Entreprise 02963 SAS,G,"Commerce, réparation auto",14,10,19,False,False,,,False,True,True,sourced
100002964,Entreprise 02964 SAS,M,Activités spé. scientifiques/techniques,1079,1000,1999,True,True,True,True,False,True,True,qualified
100002965,Entreprise 02965 SAS,F,Construction,363,250,499,False,False,,,False,True,False,sourced
100002966,Entreprise 02966 SAS,N,Services administratifs et soutien,13,10,19,False,False,,,False,False,True,sourced
100002967,Entreprise 02967 SAS,G,"Commerce, réparation auto",53,50,99,False,False,,,False,False,False,sourced
100002968,Entreprise 02968 SAS,I,Hébergement et restauration,11,10,19,False,False,,,False,False,False,sourced
100002969,Entreprise 02969 SAS,G,"Commerce, réparation auto",520,500,999,True,False,,,False,False,True,sourced
100002970,Entreprise 02970 SAS,S,Autres services,29,20,49,False,False,,,True,True,True,sourced
100002971,Entreprise 02971 SAS,J,Information et communication,4,3,5,False,False,,,False,False,False,sourced
100002972,Entreprise 02972 SAS,G,"Commerce, réparation auto",2,1,2,False,False,,,True,True,False,contacted
100002973,Entreprise 02973 SAS,N,Services administratifs et soutien,74,50,99,False,False,,,False,False,True,sourced
100002974,Entreprise 02974 SAS,Q,Santé humaine et action sociale,6,6,9,False,False,,,False,False,True,sourced
100002975,Entreprise 02975 SAS,G,"Commerce, réparation auto",9,6,9,False,False,,,False,True,True,sourced
100002976,Entreprise 02976 SAS,N,Services administratifs et soutien,570,500,999,True,False,,,False,False,True,sourced
100002977,Entreprise 02977 SAS,Q,Santé humaine et action sociale,4,3,5,False,False,,,False,True,False,sourced
100002978,Entreprise 02978 SAS,G,"Commerce, réparation auto",241,200,249,False,False,,,True,True,True,qualified
100002979,Entreprise 02979 SAS,C,Industrie manufacturière,25,20,49,False,False,,,False,True,False,sourced
100002980,Entreprise 02980 SAS,F,Construction,600,500,999,True,True,True,True,True,False,True,sourced
100002981,Entreprise 02981 SAS,H,Transports et entreposage,189,100,199,False,False,,,False,True,True,sourced
100002982,Entreprise 02982 SAS,G,"Commerce, réparation auto",466,250,499,False,False,,,False,False,False,sourced
100002983,Entreprise 02983 SAS,G,"Commerce, réparation auto",248,200,249,False,False,,,False,True,False,sourced
100002984,Entreprise 02984 SAS,I,Hébergement et restauration,3,3,5,False,False,,,True,True,True,sourced
100002985,Entreprise 02985 SAS,S,Autres services,669,500,999,True,False,,,False,True,True,sourced
100002986,Entreprise 02986 SAS,N,Services administratifs et soutien,389,250,499,False,False,,,True,True,False,sourced
100002987,Entreprise 02987 SAS,F,Construction,14,10,19,False,False,,,True,False,True,sourced
100002988,Entreprise 02988 SAS,H,Transports et entreposage,294,250,499,False,False,,,True,False,True,sourced
100002989,Entreprise 02989 SAS,S,Autres services,30,20,49,False,False,,,True,True,False,sourced
100002990,Entreprise 02990 SAS,G,"Commerce, réparation auto",159,100,199,False,False,,,False,True,True,qualified
100002991,Entreprise 02991 SAS,C,Industrie manufacturière,26,20,49,False,False,,,True,True,False,sourced
100002992,Entreprise 02992 SAS,F,Construction,4,3,5,False,False,,,False,True,True,sourced
100002993,Entreprise 02993 SAS,F,Construction,351,250,499,False,False,,,False,True,True,sourced
100002994,Entreprise 02994 SAS,I,Hébergement et restauration,184,100,199,False,False,,,False,False,False,contacted
100002995,Entreprise 02995 SAS,F,Construction,823,500,999,True,True,False,,False,True,True,sourced
100002996,Entreprise 02996 SAS,Q,Santé humaine et action sociale,9,6,9,False,False,,,False,True,True,sourced
100002997,Entreprise 02997 SAS,Q,Santé humaine et action sociale,93,50,99,False,False,,,True,True,True,sourced
100002998,Entreprise 02998 SAS,G,"Commerce, réparation auto",34,20,49,False,False,,,False,True,False,sourced
100002999,Entreprise 02999 SAS,N,Services administratifs et soutien,11,10,19,False,False,,,False,True,False,sourced
100003000,Entreprise 03000 SAS,M,Activités spé. scientifiques/techniques,62,50,99,False,False,,,False,True,False,sourced
100003001,Entreprise 03001 SAS,F,Construction,2,1,2,False,False,,,True,True,False,sourced
100003002,Entreprise 03002 SAS,C,Industrie manufacturière,8,6,9,False,False,,,False,True,True,sourced
100003003,Entreprise 03003 SAS,M,Activités spé. scientifiques/techniques,179,100,199,False,False,,,False,False,True,sourced
100003004,Entreprise 03004 SAS,Q,Santé humaine et action sociale,503,500,999,True,True,True,True,False,False,True,sourced
100003005,Entreprise 03005 SAS,F,Construction,23,20,49,False,False,,,False,True,True,contacted
100003006,Entreprise 03006 SAS,S,Autres services,1,1,2,False,False,,,False,False,True,sourced
100003007,Entreprise 03007 SAS,N,Services administratifs et soutien,124,100,199,False,False,,,False,True,False,sourced
100003008,Entreprise 03008 SAS,F,Construction,249,200,249,False,False,,,False,True,True,sourced
100003009,Entreprise 03009 SAS,M,Activités spé. scientifiques/techniques,21,20,49,False,False,,,True,False,False,rejected
100003010,Entreprise 03010 SAS,Q,Santé humaine et action sociale,1,1,2,False,False,,,False,True,True,sourced
100003011,Entreprise 03011 SAS,H,Transports et entreposage,18,10,19,False,False,,,False,False,False,qualified
100003012,Entreprise 03012 SAS,F,Construction,192,100,199,False,False,,,True,False,False,sourced
100003013,Entreprise 03013 SAS,Q,Santé humaine et action sociale,4,3,5,False,False,,,True,False,False,sourced
100003014,Entreprise 03014 SAS,S,Autres services,56,50,99,False,False,,,False,True,False,sourced
100003015,Entreprise 03015 SAS,I,Hébergement et restauration,74,50,99,False,False,,,True,True,True,sourced
100003016,Entreprise 03016 SAS,F,Construction,117,100,199,False,False,,,False,True,True,sourced
100003017,Entreprise 03017 SAS,C,Industrie manufacturière,576,500,999,True,True,True,True,False,True,True,sourced
100003018,Entreprise 03018 SAS,G,"Commerce, réparation auto",11,10,19,False,False,,,False,True,True,sourced
100003019,Entreprise 03019 SAS,G,"Commerce, réparation auto",1,1,2,False,False,,,True,False,False,sourced
100003020,Entreprise 03020 SAS,M,Activités spé. scientifiques/techniques,248,200,249,False,False,,,True,True,False,sourced
100003021,Entreprise 03021 SAS,S,Autres services,569,500,999,True,True,True,True,False,False,False,qualified
100003022,Entreprise 03022 SAS,F,Construction,68,50,99,False,False,,,False,True,True,sourced
100003023,Entreprise 03023 SAS,F,Construction,606,500,999,True,False,,,False,False,True,qualified
100003024,Entreprise 03024 SAS,C,Industrie manufacturière,12,10,19,False,False,,,False,False,True,sourced
100003025,Entreprise 03025 SAS,G,"Commerce, réparation auto",4,3,5,False,False,,,False,False,True,sourced
100003026,Entreprise 03026 SAS,N,Services administratifs et soutien,1,1,2,False,False,,,False,True,False,sourced
100003027,Entreprise 03027 SAS,M,Activités spé. scientifiques/techniques,412,250,499,False,False,,,False,False,True,sourced
100003028,Entreprise 03028 SAS,Q,Santé humaine et action sociale,207,200,249,False,False,,,False,True,True,sourced
100003029,Entreprise 03029 SAS,F,Construction,422,250,499,False,False,,,True,False,False,sourced
100003030,Entreprise 03030 SAS,S,Autres services,4,3,5,False,False,,,False,True,False,sourced
100003031,Entreprise 03031 SAS,K,Activités financières et assurance,1,1,2,False,False,,,False,True,True,sourced
100003032,Entreprise 03032 SAS,G,"Commerce, réparation auto",1,1,2,False,False,,,False,True,True,sourced
100003033,Entreprise 03033 SAS,H,Transports et entreposage,1259,1000,1999,True,True,False,,False,False,False,sourced
100003034,Entreprise 03034 SAS,H,Transports et entreposage,6,6,9,False,False,,,False,True,True,sourced
100003035,Entreprise 03035 SAS,H,Transports et entreposage,397,250,499,False,False,,,False,True,True,sourced
100003036,Entreprise 03036 SAS,G,"Commerce, réparation auto",15,10,19,False,False,,,True,False,False,sourced
100003037,Entreprise 03037 SAS,I,Hébergement et restauration,352,250,499,False,False,,,False,False,True,sourced
100003038,Entreprise 03038 SAS,I,Hébergement et restauration,191,100,199,False,False,,,False,False,False,sourced
100003039,Entreprise 03039 SAS,C,Industrie manufacturière,11,10,19,False,False,,,True,False,True,sourced
100003040,Entreprise 03040 SAS,H,Transports et entreposage,454,250,499,False,False,,,True,False,True,sourced
100003041,Entreprise 03041 SAS,C,Industrie manufacturière,4,3,5,False,False,,,True,True,True,sourced
100003042,Entreprise 03042 SAS,H,Transports et entreposage,1769,1000,1999,True,False,,,False,True,True,sourced
100003043,Entreprise 03043 SAS,G,"Commerce, réparation auto",42,20,49,False,False,,,False,False,True,sourced
100003044,Entreprise 03044 SAS,G,"Commerce, réparation auto",41,20,49,False,False,,,False,True,False,sourced
100003045,Entreprise 03045 SAS,M,Activités spé. scientifiques/techniques,763,500,999,True,True,True,False,True,False,True,sourced
100003046,Entreprise 03046 SAS,F,Construction,14,10,19,False,False,,,False,True,True,sourced
100003047,Entreprise 03047 SAS,M,Activités spé. scientifiques/techniques,9,6,9,False,False,,,False,True,True,sourced
100003048,Entreprise 03048 SAS,C,Industrie manufacturière,674,500,999,True,True,True,False,True,False,False,qualified
100003049,Entreprise 03049 SAS,F,Construction,3,3,5,False,False,,,True,False,True,sourced
100003050,Entreprise 03050 SAS,N,Services administratifs et soutien,6,6,9,False,False,,,True,True,True,sourced
100003051,Entreprise 03051 SAS,I,Hébergement et restauration,37,20,49,False,False,,,False,True,True,sourced
100003052,Entreprise 03052 SAS,M,Activités spé. scientifiques/techniques,5,3,5,False,False,,,False,True,True,sourced
100003053,Entreprise 03053 SAS,S,Autres services,576,500,999,True,True,True,True,False,False,True,sourced
100003054,Entreprise 03054 SAS,S,Autres services,5,3,5,False,False,,,True,True,True,sourced
100003055,Entreprise 03055 SAS,Q,Santé humaine et action sociale,1,1,2,False,False,,,True,True,False,contacted
100003056,Entreprise 03056 SAS,S,Autres services,4,3,5,False,False,,,False,True,True,sourced
100003057,Entreprise 03057 SAS,F,Construction,3,3,5,False,False,,,False,True,False,sourced
100003058,Entreprise 03058 SAS,N,Services administratifs et soutien,6,6,9,False,False,,,False,True,False,qualified
100003059,Entreprise 03059 SAS,I,Hébergement et restauration,3,3,5,False,False,,,False,True,True,sourced
100003060,Entreprise 03060 SAS,M,Activités spé. scientifiques/techniques,133,100,199,False,False,,,False,True,True,contacted
100003061,Entreprise 03061 SAS,M,Activités spé. scientifiques/techniques,16,10,19,False,False,,,True,True,True,sourced
100003062,Entreprise 03062 SAS,G,"Commerce, réparation auto",3,3,5,False,False,,,False,True,True,sourced
100003063,Entreprise 03063 SAS,H,Transports et entreposage,5,3,5,False,False,,,False,False,False,sourced
100003064,Entreprise 03064 SAS,C,Industrie manufacturière,29,20,49,False,False,,,False,True,False,sourced
100003065,Entreprise 03065 SAS,S,Autres services,13,10,19,False,False,,,True,True,True,rejected
100003066,Entreprise 03066 SAS,G,"Commerce, réparation auto",4,3,5,False,False,,,True,False,True,sourced
100003067,Entreprise 03067 SAS,G,"Commerce, réparation auto",31,20,49,False,False,,,False,True,True,sourced
100003068,Entreprise 03068 SAS,C,Industrie manufacturière,333,250,499,False,False,,,False,False,True,contacted
100003069,Entreprise 03069 SAS,G,"Commerce, réparation auto",469,250,499,False,False,,,True,True,True,qualified
100003070,Entreprise 03070 SAS,G,"Commerce, réparation auto",3271,2000,4999,True,True,True,False,False,True,True,qualified
100003071,Entreprise 03071 SAS,G,"Commerce, réparation auto",30,20,49,False,False,,,False,False,False,sourced
100003072,Entreprise 03072 SAS,G,"Commerce, réparation auto",28,20,49,False,False,,,False,False,True,rejected
100003073,Entreprise 03073 SAS,G,"Commerce, réparation auto",159,100,199,False,False,,,False,True,True,sourced
100003074,Entreprise 03074 SAS,S,Autres services,16,10,19,False,False,,,False,True,True,sourced
100003075,Entreprise 03075 SAS,K,Activités financières et assurance,1,1,2,False,False,,,False,True,False,sourced
100003076,Entreprise 03076 SAS,Q,Santé humaine et action sociale,17,10,19,False,False,,,False,False,True,sourced
100003077,Entreprise 03077 SAS,I,Hébergement et restauration,14,10,19,False,False,,,False,True,True,sourced
100003078,Entreprise 03078 SAS,C,Industrie manufacturière,1886,1000,1999,True,False,,,False,False,False,sourced
100003079,Entreprise 03079 SAS,I,Hébergement et restauration,4,3,5,False,False,,,False,True,False,contacted
100003080,Entreprise 03080 SAS,H,Transports et entreposage,838,500,999,True,False,,,False,False,False,sourced
100003081,Entreprise 03081 SAS,G,"Commerce, réparation auto",2,1,2,False,False,,,False,True,True,sourced
100003082,Entreprise 03082 SAS,C,Industrie manufacturière,44,20,49,False,False,,,False,True,True,contacted
100003083,Entreprise 03083 SAS,N,Services administratifs et soutien,696,500,999,True,False,,,False,False,False,sourced
100003084,Entreprise 03084 SAS,M,Activités spé. scientifiques/techniques,10,10,19,False,False,,,False,True,False,sourced
100003085,Entreprise 03085 SAS,Q,Santé humaine et action sociale,13,10,19,False,False,,,False,False,False,sourced
100003086,Entreprise 03086 SAS,C,Industrie manufacturière,923,500,999,True,True,True,False,True,True,True,qualified
100003087,Entreprise 03087 SAS,J,Information et communication,4,3,5,False,False,,,True,False,True,sourced
100003088,Entreprise 03088 SAS,G,"Commerce, réparation auto",181,100,199,False,False,,,False,False,True,sourced
100003089,Entreprise 03089 SAS,S,Autres services,315,250,499,False,False,,,True,True,True,sourced
100003090,Entreprise 03090 SAS,I,Hébergement et restauration,201,200,249,False,False,,,True,True,False,sourced
100003091,Entreprise 03091 SAS,C,Industrie manufacturière,11,10,19,False,False,,,False,False,False,sourced
100003092,Entreprise 03092 SAS,G,"Commerce, réparation auto",88,50,99,False,False,,,True,False,True,sourced
100003093,Entreprise 03093 SAS,Q,Santé humaine et action sociale,8,6,9,False,False,,,False,True,False,sourced
100003094,Entreprise 03094 SAS,C,Industrie manufacturière,1568,1000,1999,True,False,,,False,False,True,sourced
100003095,Entreprise 03095 SAS,J,Information et communication,1,1,2,False,False,,,False,False,True,sourced
100003096,Entreprise 03096 SAS,Q,Santé humaine et action sociale,26,20,49,False,False,,,False,False,True,contacted
100003097,Entreprise 03097 SAS,F,Construction,533,500,999,True,False,,,False,True,True,sourced
100003098,Entreprise 03098 SAS,S,Autres services,261,250,499,False,False,,,True,True,False,qualified
100003099,Entreprise 03099 SAS,M,Activités spé. scientifiques/techniques,948,500,999,True,False,,,True,False,True,rejected
100003100,Entreprise 03100 SAS,G,"Commerce, réparation auto",1,1,2,False,False,,,False,True,True,sourced
100003101,Entreprise 03101 SAS,Q,Santé humaine et action sociale,1728,1000,1999,True,True,False,,False,True,True,sourced
100003102,Entreprise 03102 SAS,G,"Commerce, réparation auto",1,1,2,False,False,,,False,False,False,sourced
100003103,Entreprise 03103 SAS,F,Construction,35,20,49,False,False,,,True,True,True,rejected
100003104,Entreprise 03104 SAS,S,Autres services,6,6,9,False,False,,,False,True,False,sourced
100003105,Entreprise 03105 SAS,C,Industrie manufacturière,2,1,2,False,False,,,True,False,True,qualified
100003106,Entreprise 03106 SAS,C,Industrie manufacturière,12,10,19,False,False,,,False,False,False,sourced
100003107,Entreprise 03107 SAS,M,Activités spé. scientifiques/techniques,9,6,9,False,False,,,False,True,True,sourced
100003108,Entreprise 03108 SAS,F,Construction,588,500,999,True,False,,,False,True,False,sourced
100003109,Entreprise 03109 SAS,Q,Santé humaine et action sociale,136,100,199,False,False,,,False,True,False,sourced
100003110,Entreprise 03110 SAS,H,Transports et entreposage,36,20,49,False,False,,,False,True,False,sourced
100003111,Entreprise 03111 SAS,S,Autres services,1,1,2,False,False,,,False,False,True,sourced
100003112,Entreprise 03112 SAS,S,Autres services,81,50,99,False,False,,,False,True,False,sourced
100003113,Entreprise 03113 SAS,G,"Commerce, réparation auto",2856,2000,4999,True,False,,,True,False,True,sourced
100003114,Entreprise 03114 SAS,N,Services administratifs et soutien,22,20,49,False,False,,,False,True,True,sourced
100003115,Entreprise 03115 SAS,G,"Commerce, réparation auto",13,10,19,False,False,,,False,True,True,sourced
100003116,Entreprise 03116 SAS,F,Construction,10,10,19,False,False,,,True,True,True,sourced
100003117,Entreprise 03117 SAS,F,Construction,23,20,49,False,False,,,False,False,True,sourced
100003118,Entreprise 03118 SAS,G,"Commerce, réparation auto",1,1,2,False,False,,,True,True,True,sourced
100003119,Entreprise 03119 SAS,N,Services administratifs et soutien,895,500,999,True,True,True,False,False,False,True,sourced
100003120,Entreprise 03120 SAS,K,Activités financières et assurance,15,10,19,False,False,,,False,True,True,sourced
100003121,Entreprise 03121 SAS,M,Activités spé. scientifiques/techniques,5,3,5,False,False,,,True,False,False,sourced
100003122,Entreprise 03122 SAS,F,Construction,425,250,499,False,False,,,True,False,True,sourced
100003123,Entreprise 03123 SAS,G,"Commerce, réparation auto",10,10,19,False,False,,,True,True,True,sourced
100003124,Entreprise 03124 SAS,N,Services administratifs et soutien,2,1,2,False,False,,,True,True,True,sourced
100003125,Entreprise 03125 SAS,K,Activités financières et assurance,636,500,999,True,False,,,False,False,False,sourced
100003126,Entreprise 03126 SAS,K,Activités financières et assurance,203,200,249,False,False,,,True,True,True,sourced
100003127,Entreprise 03127 SAS,M,Activités spé. scientifiques/techniques,56,50,99,False,False,,,False,False,False,qualified
100003128,Entreprise 03128 SAS,Q,Santé humaine et action sociale,2,1,2,False,False,,,False,True,True,qualified
100003129,Entreprise 03129 SAS,N,Services administratifs et soutien,29,20,49,False,False,,,False,False,True,sourced
100003130,Entreprise 03130 SAS,F,Construction,4181,2000,4999,True,False,,,False,False,False,sourced
100003131,Entreprise 03131 SAS,S,Autres services,5,3,5,False,False,,,True,False,True,sourced
100003132,Entreprise 03132 SAS,G,"Commerce, réparation auto",10,10,19,False,False,,,True,False,True,sourced
100003133,Entreprise 03133 SAS,N,Services administratifs et soutien,152,100,199,False,False,,,True,True,True,sourced
100003134,Entreprise 03134 SAS,M,Activités spé. scientifiques/techniques,12,10,19,False,False,,,False,True,True,qualified
100003135,Entreprise 03135 SAS,G,"Commerce, réparation auto",119,100,199,False,False,,,True,False,True,sourced
100003136,Entreprise 03136 SAS,G,"Commerce, réparation auto",7,6,9,False,False,,,False,True,False,sourced
100003137,Entreprise 03137 SAS,F,Construction,615,500,999,True,False,,,True,False,True,sourced
100003138,Entreprise 03138 SAS,G,"Commerce, réparation auto",11,10,19,False,False,,,False,False,True,sourced
100003139,Entreprise 03139 SAS,M,Activités spé. scientifiques/techniques,33,20,49,False,False,,,True,True,True,sourced
100003140,Entreprise 03140 SAS,F,Construction,33,20,49,False,False,,,True,True,True,qualified
100003141,Entreprise 03141 SAS,M,Activités spé. scientifiques/techniques,6,6,9,False,False,,,True,True,False,sourced
100003142,Entreprise 03142 SAS,M,Activités spé. scientifiques/techniques,1139,1000,1999,True,True,True,True,False,False,True,sourced
100003143,Entreprise 03143 SAS,H,Transports et entreposage,7,6,9,False,False,,,False,False,True,sourced
100003144,Entreprise 03144 SAS,M,Activités spé. scientifiques/techniques,31,20,49,False,False,,,True,False,True,sourced
100003145,Entreprise 03145 SAS,Q,Santé humaine et action sociale,94,50,99,False,False,,,True,True,False,sourced
100003146,Entreprise 03146 SAS,M,Activités spé. scientifiques/techniques,1748,1000,1999,True,True,True,False,False,False,True,sourced
100003147,Entreprise 03147 SAS,C,Industrie manufacturière,569,500,999,True,True,True,True,False,True,False,contacted
100003148,Entreprise 03148 SAS,N,Services administratifs et soutien,3,3,5,False,False,,,False,True,False,sourced
100003149,Entreprise 03149 SAS,F,Construction,6,6,9,False,False,,,True,False,True,sourced
100003150,Entreprise 03150 SAS,G,"Commerce, réparation auto",1,1,2,False,False,,,True,True,False,sourced
100003151,Entreprise 03151 SAS,I,Hébergement et restauration,479,250,499,False,False,,,True,False,True,sourced
100003152,Entreprise 03152 SAS,G,"Commerce, réparation auto",22,20,49,False,False,,,False,True,True,sourced
100003153,Entreprise 03153 SAS,S,Autres services,166,100,199,False,False,,,False,False,True,sourced
100003154,Entreprise 03154 SAS,I,Hébergement et restauration,1126,1000,1999,True,True,True,False,False,True,False,sourced
100003155,Entreprise 03155 SAS,G,"Commerce, réparation auto",245,200,249,False,False,,,True,False,False,sourced
100003156,Entreprise 03156 SAS,C,Industrie manufacturière,862,500,999,True,False,,,False,True,False,qualified
100003157,Entreprise 03157 SAS,N,Services administratifs et soutien,12,10,19,False,False,,,False,True,False,qualified
100003158,Entreprise 03158 SAS,G,"Commerce, réparation auto",42,20,49,False,False,,,False,True,False,contacted
100003159,Entreprise 03159 SAS,C,Industrie manufacturière,44,20,49,False,False,,,True,True,False,sourced
100003160,Entreprise 03160 SAS,S,Autres services,77,50,99,False,False,,,False,True,True,sourced
100003161,Entreprise 03161 SAS,M,Activités spé. scientifiques/techniques,669,500,999,True,False,,,False,False,False,rejected
100003162,Entreprise 03162 SAS,F,Construction,974,500,999,True,True,False,,False,False,True,contacted
100003163,Entreprise 03163 SAS,N,Services administratifs et soutien,323,250,499,False,False,,,False,False,False,sourced
100003164,Entreprise 03164 SAS,K,Activités financières et assurance,33,20,49,False,False,,,False,True,True,sourced
100003165,Entreprise 03165 SAS,K,Activités financières et assurance,438,250,499,False,False,,,True,True,False,sourced
100003166,Entreprise 03166 SAS,F,Construction,46,20,49,False,False,,,False,False,True,sourced
100003167,Entreprise 03167 SAS,F,Construction,20,20,49,False,False,,,False,True,False,qualified
100003168,Entreprise 03168 SAS,G,"Commerce, réparation auto",1,1,2,False,False,,,False,False,False,sourced
100003169,Entreprise 03169 SAS,M,Activités spé. scientifiques/techniques,14,10,19,False,False,,,False,False,False,qualified
100003170,Entreprise 03170 SAS,Q,Santé humaine et action sociale,206,200,249,False,False,,,True,True,True,sourced
100003171,Entreprise 03171 SAS,G,"Commerce, réparation auto",14,10,19,False,False,,,False,False,True,sourced
100003172,Entreprise 03172 SAS,I,Hébergement et restauration,41,20,49,False,False,,,True,True,True,qualified
100003173,Entreprise 03173 SAS,C,Industrie manufacturière,562,500,999,True,True,False,,False,True,True,sourced
100003174,Entreprise 03174 SAS,J,Information et communication,464,250,499,False,False,,,False,False,True,sourced
100003175,Entreprise 03175 SAS,M,Activités spé. scientifiques/techniques,126,100,199,False,False,,,False,False,True,sourced
100003176,Entreprise 03176 SAS,F,Construction,11,10,19,False,False,,,False,True,False,rejected
100003177,Entreprise 03177 SAS,G,"Commerce, réparation auto",344,250,499,False,False,,,True,False,False,sourced
100003178,Entreprise 03178 SAS,F,Construction,6,6,9,False,False,,,False,False,False,qualified
100003179,Entreprise 03179 SAS,G,"Commerce, réparation auto",459,250,499,False,False,,,False,False,True,rejected
100003180,Entreprise 03180 SAS,G,"Commerce, réparation auto",72,50,99,False,False,,,False,False,False,sourced
100003181,Entreprise 03181 SAS,M,Activités spé. scientifiques/techniques,117,100,199,False,False,,,False,False,False,sourced
100003182,Entreprise 03182 SAS,K,Activités financières et assurance,117,100,199,False,False,,,False,False,True,sourced
100003183,Entreprise 03183 SAS,H,Transports et entreposage,41,20,49,False,False,,,False,False,False,qualified
100003184,Entreprise 03184 SAS,S,Autres services,1,1,2,False,False,,,False,True,False,sourced
100003185,Entreprise 03185 SAS,C,Industrie manufacturière,30,20,49,False,False,,,False,True,True,qualified
100003186,Entreprise 03186 SAS,I,Hébergement et restauration,36,20,49,False,False,,,False,True,True,sourced
100003187,Entreprise 03187 SAS,C,Industrie manufacturière,7,6,9,False,False,,,False,False,True,qualified
100003188,Entreprise 03188 SAS,N,Services administratifs et soutien,3,3,5,False,False,,,True,True,True,contacted
100003189,Entreprise 03189 SAS,F,Construction,15,10,19,False,False,,,False,False,False,sourced
100003190,Entreprise 03190 SAS,S,Autres services,30,20,49,False,False,,,False,False,True,sourced
100003191,Entreprise 03191 SAS,I,Hébergement et restauration,11,10,19,False,False,,,False,False,False,sourced
100003192,Entreprise 03192 SAS,I,Hébergement et restauration,2,1,2,False,False,,,False,True,True,contacted
100003193,Entreprise 03193 SAS,N,Services administratifs et soutien,27,20,49,False,False,,,False,True,True,qualified
100003194,Entreprise 03194 SAS,G,"Commerce, réparation auto",498,250,499,False,False,,,False,True,True,sourced
100003195,Entreprise 03195 SAS,C,Industrie manufacturière,190,100,199,False,False,,,False,True,False,sourced
100003196,Entreprise 03196 SAS,Q,Santé humaine et action sociale,31,20,49,False,False,,,False,False,True,sourced
100003197,Entreprise 03197 SAS,F,Construction,15,10,19,False,False,,,False,False,True,contacted
100003198,Entreprise 03198 SAS,G,"Commerce, réparation auto",496,250,499,False,False,,,False,True,False,sourced
100003199,Entreprise 03199 SAS,G,"Commerce, réparation auto",190,100,199,False,False,,,False,False,True,qualified
100003200,Entreprise 03200 SAS,S,Autres services,33,20,49,False,False,,,False,True,True,sourced
100003201,Entreprise 03201 SAS,Q,Santé humaine et action sociale,282,250,499,False,False,,,False,False,True,qualified
100003202,Entreprise 03202 SAS,Q,Santé humaine et action sociale,2,1,2,False,False,,,False,False,True,sourced
100003203,Entreprise 03203 SAS,N,Services administratifs et soutien,19,10,19,False,False,,,False,False,True,sourced
100003204,Entreprise 03204 SAS,G,"Commerce, réparation auto",22,20,49,False,False,,,False,False,True,sourced
100003205,Entreprise 03205 SAS,G,"Commerce, réparation auto",553,500,999,True,True,True,True,False,False,True,sourced
100003206,Entreprise 03206 SAS,M,Activités spé. scientifiques/techniques,648,500,999,True,False,,,False,True,True,sourced
100003207,Entreprise 03207 SAS,C,Industrie manufacturière,2038,2000,4999,True,True,True,False,False,True,True,sourced
100003208,Entreprise 03208 SAS,Q,Santé humaine et action sociale,30,20,49,False,False,,,True,True,True,sourced
100003209,Entreprise 03209 SAS,F,Construction,20,20,49,False,False,,,False,False,False,sourced
100003210,Entreprise 03210 SAS,N,Services administratifs et soutien,308,250,499,False,False,,,False,True,True,sourced
100003211,Entreprise 03211 SAS,M,Activités spé. scientifiques/techniques,1235,1000,1999,True,False,,,False,True,True,qualified
100003212,Entreprise 03212 SAS,K,Activités financières et assurance,64,50,99,False,False,,,False,True,True,sourced
100003213,Entreprise 03213 SAS,F,Construction,51,50,99,False,False,,,False,True,True,qualified
100003214,Entreprise 03214 SAS,H,Transports et entreposage,7,6,9,False,False,,,False,True,False,qualified
100003215,Entreprise 03215 SAS,F,Construction,2,1,2,False,False,,,False,True,False,sourced
100003216,Entreprise 03216 SAS,Q,Santé humaine et action sociale,991,500,999,True,False,,,False,True,True,sourced
100003217,Entreprise 03217 SAS,C,Industrie manufacturière,86,50,99,False,False,,,False,False,False,qualified
100003218,Entreprise 03218 SAS,S,Autres services,107,100,199,False,False,,,False,True,False,contacted
100003219,Entreprise 03219 SAS,M,Activités spé. scientifiques/techniques,1220,1000,1999,True,False,,,False,False,True,qualified
100003220,Entreprise 03220 SAS,G,"Commerce, réparation auto",12,10,19,False,False,,,False,True,False,sourced
100003221,Entreprise 03221 SAS,G,"Commerce, réparation auto",3,3,5,False,False,,,True,True,False,sourced
100003222,Entreprise 03222 SAS,G,"Commerce, réparation auto",153,100,199,False,False,,,False,True,False,sourced
100003223,Entreprise 03223 SAS,H,Transports et entreposage,29,20,49,False,False,,,False,False,True,contacted
100003224,Entreprise 03224 SAS,F,Construction,69,50,99,False,False,,,False,False,True,sourced
100003225,Entreprise 03225 SAS,G,"Commerce, réparation auto",8,6,9,False,False,,,True,False,True,sourced
100003226,Entreprise 03226 SAS,G,"Commerce, réparation auto",1,1,2,False,False,,,True,False,True,sourced
100003227,Entreprise 03227 SAS,N,Services administratifs et soutien,22,20,49,False,False,,,True,False,True,sourced
100003228,Entreprise 03228 SAS,F,Construction,6,6,9,False,False,,,False,True,True,sourced
100003229,Entreprise 03229 SAS,H,Transports et entreposage,35,20,49,False,False,,,False,True,True,contacted
100003230,Entreprise 03230 SAS,I,Hébergement et restauration,17,10,19,False,False,,,False,True,True,sourced
100003231,Entreprise 03231 SAS,N,Services administratifs et soutien,34,20,49,False,False,,,False,True,True,sourced
100003232,Entreprise 03232 SAS,G,"Commerce, réparation auto",3,3,5,False,False,,,False,True,False,contacted
100003233,Entreprise 03233 SAS,S,Autres services,4,3,5,False,False,,,False,True,True,sourced
100003234,Entreprise 03234 SAS,I,Hébergement et restauration,7,6,9,False,False,,,False,True,True,sourced
100003235,Entreprise 03235 SAS,G,"Commerce, réparation auto",26,20,49,False,False,,,False,False,False,sourced
100003236,Entreprise 03236 SAS,F,Construction,48,20,49,False,False,,,False,True,True,sourced
100003237,Entreprise 03237 SAS,F,Construction,2198,2000,4999,True,False,,,True,False,True,contacted
100003238,Entreprise 03238 SAS,S,Autres services,688,500,999,True,False,,,True,True,True,sourced
100003239,Entreprise 03239 SAS,I,Hébergement et restauration,11,10,19,False,False,,,False,False,True,sourced
100003240,Entreprise 03240 SAS,G,"Commerce, réparation auto",39,20,49,False,False,,,False,True,True,sourced
100003241,Entreprise 03241 SAS,F,Construction,658,500,999,True,True,False,,False,True,False,sourced
100003242,Entreprise 03242 SAS,C,Industrie manufacturière,1,1,2,False,False,,,False,True,True,contacted
100003243,Entreprise 03243 SAS,N,Services administratifs et soutien,777,500,999,True,True,False,,False,False,True,sourced
100003244,Entreprise 03244 SAS,M,Activités spé. scientifiques/techniques,10,10,19,False,False,,,False,True,False,sourced
100003245,Entreprise 03245 SAS,G,"Commerce, réparation auto",23,20,49,False,False,,,True,True,True,sourced
100003246,Entreprise 03246 SAS,M,Activités spé. scientifiques/techniques,967,500,999,True,False,,,False,False,False,sourced
100003247,Entreprise 03247 SAS,I,Hébergement et restauration,83,50,99,False,False,,,False,True,True,sourced
100003248,Entreprise 03248 SAS,G,"Commerce, réparation auto",37,20,49,False,False,,,True,True,True,sourced
100003249,Entreprise 03249 SAS,K,Activités financières et assurance,1,1,2,False,False,,,True,True,False,sourced
100003250,Entreprise 03250 SAS,S,Autres services,90,50,99,False,False,,,True,True,False,sourced
100003251,Entreprise 03251 SAS,G,"Commerce, réparation auto",4,3,5,False,False,,,False,False,True,sourced
100003252,Entreprise 03252 SAS,C,Industrie manufacturière,9,6,9,False,False,,,False,True,False,contacted
100003253,Entreprise 03253 SAS,N,Services administratifs et soutien,1,1,2,False,False,,,False,True,False,sourced
100003254,Entreprise 03254 SAS,N,Services administratifs et soutien,457,250,499,False,False,,,False,False,False,sourced
100003255,Entreprise 03255 SAS,C,Industrie manufacturière,1124,1000,1999,True,True,True,True,False,True,True,sourced
100003256,Entreprise 03256 SAS,F,Construction,1062,1000,1999,True,False,,,True,False,True,qualified
100003257,Entreprise 03257 SAS,G,"Commerce, réparation auto",30,20,49,False,False,,,False,False,True,sourced
100003258,Entreprise 03258 SAS,I,Hébergement et restauration,28,20,49,False,False,,,False,False,True,sourced
100003259,Entreprise 03259 SAS,G,"Commerce, réparation auto",8,6,9,False,False,,,False,True,True,qualified
100003260,Entreprise 03260 SAS,M,Activités spé. scientifiques/techniques,6,6,9,False,False,,,True,True,False,sourced
100003261,Entreprise 03261 SAS,M,Activités spé. scientifiques/techniques,77,50,99,False,False,,,False,True,False,sourced
100003262,Entreprise 03262 SAS,Q,Santé humaine et action sociale,1563,1000,1999,True,False,,,False,False,False,sourced
100003263,Entreprise 03263 SAS,N,Services administratifs et soutien,9,6,9,False,False,,,True,True,True,sourced
100003264,Entreprise 03264 SAS,H,Transports et entreposage,120,100,199,False,False,,,False,True,True,sourced
100003265,Entreprise 03265 SAS,M,Activités spé. scientifiques/techniques,582,500,999,True,False,,,False,False,True,sourced
100003266,Entreprise 03266 SAS,M,Activités spé. scientifiques/techniques,40,20,49,False,False,,,False,True,True,contacted
100003267,Entreprise 03267 SAS,F,Construction,6,6,9,False,False,,,False,False,True,sourced
100003268,Entreprise 03268 SAS,M,Activités spé. scientifiques/techniques,43,20,49,False,False,,,False,True,True,sourced
100003269,Entreprise 03269 SAS,I,Hébergement et restauration,4247,2000,4999,True,False,,,False,False,True,sourced
100003270,Entreprise 03270 SAS,F,Construction,635,500,999,True,True,True,True,False,True,True,rejected
100003271,Entreprise 03271 SAS,F,Construction,643,500,999,True,True,True,True,True,True,True,contacted
100003272,Entreprise 03272 SAS,M,Activités spé. scientifiques/techniques,25,20,49,False,False,,,False,False,True,sourced
100003273,Entreprise 03273 SAS,I,Hébergement et restauration,173,100,199,False,False,,,True,False,True,sourced
100003274,Entreprise 03274 SAS,F,Construction,5,3,5,False,False,,,True,True,True,qualified
100003275,Entreprise 03275 SAS,G,"Commerce, réparation auto",1,1,2,False,False,,,True,True,True,sourced
100003276,Entreprise 03276 SAS,S,Autres services,805,500,999,True,True,True,True,False,True,True,sourced
100003277,Entreprise 03277 SAS,S,Autres services,24,20,49,False,False,,,True,False,True,sourced
100003278,Entreprise 03278 SAS,M,Activités spé. scientifiques/techniques,1,1,2,False,False,,,False,True,False,sourced
100003279,Entreprise 03279 SAS,N,Services administratifs et soutien,7,6,9,False,False,,,False,True,True,qualified
100003280,Entreprise 03280 SAS,K,Activités financières et assurance,17,10,19,False,False,,,True,True,True,sourced
100003281,Entreprise 03281 SAS,M,Activités spé. scientifiques/techniques,347,250,499,False,False,,,False,True,False,sourced
100003282,Entreprise 03282 SAS,J,Information et communication,199,100,199,False,False,,,False,False,True,qualified
100003283,Entreprise 03283 SAS,M,Activités spé. scientifiques/techniques,21,20,49,False,False,,,False,False,False,sourced
100003284,Entreprise 03284 SAS,I,Hébergement et restauration,5,3,5,False,False,,,False,True,True,contacted
100003285,Entreprise 03285 SAS,Q,Santé humaine et action sociale,18,10,19,False,False,,,False,False,True,sourced
100003286,Entreprise 03286 SAS,F,Construction,731,500,999,True,False,,,True,True,True,sourced
100003287,Entreprise 03287 SAS,N,Services administratifs et soutien,8,6,9,False,False,,,False,True,True,sourced
100003288,Entreprise 03288 SAS,M,Activités spé. scientifiques/techniques,1,1,2,False,False,,,False,False,True,sourced
100003289,Entreprise 03289 SAS,M,Activités spé. scientifiques/techniques,2,1,2,False,False,,,False,False,True,sourced
100003290,Entreprise 03290 SAS,G,"Commerce, réparation auto",2,1,2,False,False,,,True,True,True,sourced
100003291,Entreprise 03291 SAS,M,Activités spé. scientifiques/techniques,14,10,19,False,False,,,False,False,True,sourced
100003292,Entreprise 03292 SAS,F,Construction,228,200,249,False,False,,,False,False,True,sourced
100003293,Entreprise 03293 SAS,N,Services administratifs et soutien,272,250,499,False,False,,,False,False,False,contacted
100003294,Entreprise 03294 SAS,H,Transports et entreposage,117,100,199,False,False,,,False,False,False,contacted
100003295,Entreprise 03295 SAS,I,Hébergement et restauration,2,1,2,False,False,,,False,False,True,sourced
100003296,Entreprise 03296 SAS,H,Transports et entreposage,4,3,5,False,False,,,False,True,False,sourced
100003297,Entreprise 03297 SAS,M,Activités spé. scientifiques/techniques,443,250,499,False,False,,,False,False,False,sourced
100003298,Entreprise 03298 SAS,F,Construction,18,10,19,False,False,,,False,False,True,qualified
100003299,Entreprise 03299 SAS,M,Activités spé. scientifiques/techniques,16,10,19,False,False,,,False,True,False,sourced
100003300,Entreprise 03300 SAS,F,Construction,748,500,999,True,True,False,,True,False,True,sourced
100003301,Entreprise 03301 SAS,Q,Santé humaine et action sociale,567,500,999,True,True,True,False,False,True,True,sourced
100003302,Entreprise 03302 SAS,G,"Commerce, réparation auto",95,50,99,False,False,,,False,False,True,sourced
100003303,Entreprise 03303 SAS,G,"Commerce, réparation auto",694,500,999,True,True,False,,True,False,False,sourced
100003304,Entreprise 03304 SAS,H,Transports et entreposage,651,500,999,True,False,,,False,False,True,sourced
100003305,Entreprise 03305 SAS,M,Activités spé. scientifiques/techniques,12,10,19,False,False,,,False,True,True,sourced
100003306,Entreprise 03306 SAS,I,Hébergement et restauration,45,20,49,False,False,,,False,True,True,sourced
100003307,Entreprise 03307 SAS,C,Industrie manufacturière,6,6,9,False,False,,,False,True,False,qualified
100003308,Entreprise 03308 SAS,F,Construction,5844,5000,9999,True,True,True,False,False,True,False,sourced
100003309,Entreprise 03309 SAS,I,Hébergement et restauration,4,3,5,False,False,,,False,True,False,sourced
100003310,Entreprise 03310 SAS,H,Transports et entreposage,4,3,5,False,False,,,False,True,True,sourced
100003311,Entreprise 03311 SAS,N,Services administratifs et soutien,444,250,499,False,False,,,True,True,False,sourced
100003312,Entreprise 03312 SAS,G,"Commerce, réparation auto",11,10,19,False,False,,,True,True,True,qualified
100003313,Entreprise 03313 SAS,K,Activités financières et assurance,419,250,499,False,False,,,False,False,False,sourced
100003314,Entreprise 03314 SAS,M,Activités spé. scientifiques/techniques,17,10,19,False,False,,,False,False,True,sourced
100003315,Entreprise 03315 SAS,M,Activités spé. scientifiques/techniques,1,1,2,False,False,,,False,False,False,sourced
100003316,Entreprise 03316 SAS,M,Activités spé. scientifiques/techniques,7,6,9,False,False,,,False,False,True,sourced
100003317,Entreprise 03317 SAS,G,"Commerce, réparation auto",411,250,499,False,False,,,False,True,False,rejected
100003318,Entreprise 03318 SAS,I,Hébergement et restauration,1187,1000,1999,True,False,,,False,False,False,sourced
100003319,Entreprise 03319 SAS,N,Services administratifs et soutien,7,6,9,False,False,,,True,True,False,sourced
100003320,Entreprise 03320 SAS,M,Activités spé. scientifiques/techniques,74,50,99,False,False,,,False,True,True,sourced
100003321,Entreprise 03321 SAS,S,Autres services,3,3,5,False,False,,,True,False,False,sourced
100003322,Entreprise 03322 SAS,F,Construction,19,10,19,False,False,,,False,False,True,sourced
100003323,Entreprise 03323 SAS,I,Hébergement et restauration,742,500,999,True,False,,,False,False,True,sourced
100003324,Entreprise 03324 SAS,G,"Commerce, réparation auto",140,100,199,False,False,,,False,False,True,sourced
100003325,Entreprise 03325 SAS,N,Services administratifs et soutien,1,1,2,False,False,,,False,False,False,rejected
100003326,Entreprise 03326 SAS,C,Industrie manufacturière,451,250,499,False,False,,,True,True,True,sourced
100003327,Entreprise 03327 SAS,F,Construction,291,250,499,False,False,,,True,False,True,sourced
100003328,Entreprise 03328 SAS,F,Construction,16,10,19,False,False,,,True,True,True,qualified
100003329,Entreprise 03329 SAS,I,Hébergement et restauration,261,250,499,False,False,,,False,False,False,contacted
100003330,Entreprise 03330 SAS,G,"Commerce, réparation auto",61,50,99,False,False,,,False,True,True,qualified
100003331,Entreprise 03331 SAS,Q,Santé humaine et action sociale,2,1,2,False,False,,,False,True,True,sourced
100003332,Entreprise 03332 SAS,M,Activités spé. scientifiques/techniques,1005,1000,1999,True,False,,,False,False,True,sourced
100003333,Entreprise 03333 SAS,C,Industrie manufacturière,26,20,49,False,False,,,False,False,False,sourced
100003334,Entreprise 03334 SAS,I,Hébergement et restauration,13,10,19,False,False,,,False,True,True,sourced
100003335,Entreprise 03335 SAS,F,Construction,45,20,49,False,False,,,False,True,True,sourced
100003336,Entreprise 03336 SAS,C,Industrie manufacturière,1885,1000,1999,True,False,,,True,True,True,rejected
100003337,Entreprise 03337 SAS,F,Construction,547,500,999,True,True,True,False,False,False,False,sourced
100003338,Entreprise 03338 SAS,Q,Santé humaine et action sociale,1,1,2,False,False,,,True,True,True,sourced
100003339,Entreprise 03339 SAS,F,Construction,763,500,999,True,False,,,False,False,True,qualified
100003340,Entreprise 03340 SAS,M,Activités spé. scientifiques/techniques,766,500,999,True,True,True,True,False,False,True,qualified
100003341,Entreprise 03341 SAS,C,Industrie manufacturière,304,250,499,False,False,,,False,True,False,sourced
100003342,Entreprise 03342 SAS,G,"Commerce, réparation auto",24,20,49,False,False,,,False,True,False,qualified
100003343,Entreprise 03343 SAS,J,Information et communication,38,20,49,False,False,,,False,False,False,qualified
100003344,Entreprise 03344 SAS,F,Construction,520,500,999,True,False,,,True,True,False,sourced
100003345,Entreprise 03345 SAS,F,Construction,25,20,49,False,False,,,True,False,True,sourced
100003346,Entreprise 03346 SAS,I,Hébergement et restauration,424,250,499,False,False,,,False,False,False,sourced
100003347,Entreprise 03347 SAS,H,Transports et entreposage,294,250,499,False,False,,,True,False,True,contacted
100003348,Entreprise 03348 SAS,M,Activités spé. scientifiques/techniques,593,500,999,True,False,,,False,True,True,sourced
100003349,Entreprise 03349 SAS,F,Construction,1,1,2,False,False,,,False,True,False,sourced
100003350,Entreprise 03350 SAS,J,Information et communication,3,3,5,False,False,,,False,False,False,sourced
100003351,Entreprise 03351 SAS,G,"Commerce, réparation auto",14,10,19,False,False,,,False,True,False,sourced
100003352,Entreprise 03352 SAS,K,Activités financières et assurance,17,10,19,False,False,,,False,True,False,sourced
100003353,Entreprise 03353 SAS,G,"Commerce, réparation auto",1,1,2,False,False,,,False,False,False,qualified
100003354,Entreprise 03354 SAS,F,Construction,32,20,49,False,False,,,False,False,True,qualified
100003355,Entreprise 03355 SAS,K,Activités financières et assurance,231,200,249,False,False,,,True,False,False,sourced
100003356,Entreprise 03356 SAS,C,Industrie manufacturière,2296,2000,4999,True,False,,,True,True,True,sourced
100003357,Entreprise 03357 SAS,N,Services administratifs et soutien,1,1,2,False,False,,,False,True,True,sourced
100003358,Entreprise 03358 SAS,C,Industrie manufacturière,11,10,19,False,False,,,False,False,False,qualified
100003359,Entreprise 03359 SAS,I,Hébergement et restauration,24,20,49,False,False,,,False,True,True,sourced
100003360,Entreprise 03360 SAS,M,Activités spé. scientifiques/techniques,3,3,5,False,False,,,False,False,True,qualified
100003361,Entreprise 03361 SAS,I,Hébergement et restauration,117,100,199,False,False,,,True,True,False,sourced
100003362,Entreprise 03362 SAS,F,Construction,18,10,19,False,False,,,False,True,False,contacted
100003363,Entreprise 03363 SAS,Q,Santé humaine et action sociale,13,10,19,False,False,,,False,True,True,qualified
100003364,Entreprise 03364 SAS,C,Industrie manufacturière,2,1,2,False,False,,,False,True,False,sourced
100003365,Entreprise 03365 SAS,F,Construction,235,200,249,False,False,,,True,False,True,sourced
100003366,Entreprise 03366 SAS,S,Autres services,20,20,49,False,False,,,True,True,True,sourced
100003367,Entreprise 03367 SAS,M,Activités spé. scientifiques/techniques,415,250,499,False,False,,,True,True,True,sourced
100003368,Entreprise 03368 SAS,G,"Commerce, réparation auto",295,250,499,False,False,,,False,True,False,sourced
100003369,Entreprise 03369 SAS,I,Hébergement et restauration,64,50,99,False,False,,,True,True,True,sourced
100003370,Entreprise 03370 SAS,G,"Commerce, réparation auto",42,20,49,False,False,,,False,True,False,sourced
100003371,Entreprise 03371 SAS,G,"Commerce, réparation auto",2294,2000,4999,True,False,,,False,False,True,sourced
100003372,Entreprise 03372 SAS,M,Activités spé. scientifiques/techniques,1,1,2,False,False,,,False,True,True,sourced
100003373,Entreprise 03373 SAS,G,"Commerce, réparation auto",1,1,2,False,False,,,False,False,True,sourced
100003374,Entreprise 03374 SAS,G,"Commerce, réparation auto",67,50,99,False,False,,,False,True,True,sourced
100003375,Entreprise 03375 SAS,M,Activités spé. scientifiques/techniques,9,6,9,False,False,,,False,True,False,qualified
100003376,Entreprise 03376 SAS,C,Industrie manufacturière,1850,1000,1999,True,True,False,,False,False,True,sourced
100003377,Entreprise 03377 SAS,F,Construction,2,1,2,False,False,,,False,True,True,sourced
100003378,Entreprise 03378 SAS,M,Activités spé. scientifiques/techniques,11,10,19,False,False,,,False,False,True,sourced
100003379,Entreprise 03379 SAS,M,Activités spé. scientifiques/techniques,6,6,9,False,False,,,False,False,False,sourced
100003380,Entreprise 03380 SAS,F,Construction,2,1,2,False,False,,,True,False,True,sourced
100003381,Entreprise 03381 SAS,G,"Commerce, réparation auto",27,20,49,False,False,,,True,True,False,sourced
100003382,Entreprise 03382 SAS,Q,Santé humaine et action sociale,713,500,999,True,False,,,True,False,False,qualified
100003383,Entreprise 03383 SAS,N,Services administratifs et soutien,2,1,2,False,False,,,False,False,True,sourced
100003384,Entreprise 03384 SAS,G,"Commerce, réparation auto",1,1,2,False,False,,,False,True,False,sourced
100003385,Entreprise 03385 SAS,N,Services administratifs et soutien,335,250,499,False,False,,,False,True,True,sourced
100003386,Entreprise 03386 SAS,G,"Commerce, réparation auto",34,20,49,False,False,,,False,True,True,sourced
100003387,Entreprise 03387 SAS,H,Transports et entreposage,57,50,99,False,False,,,False,False,True,sourced
100003388,Entreprise 03388 SAS,F,Construction,8,6,9,False,False,,,False,True,False,sourced
100003389,Entreprise 03389 SAS,N,Services administratifs et soutien,2514,2000,4999,True,False,,,False,False,True,sourced
100003390,Entreprise 03390 SAS,S,Autres services,11,10,19,False,False,,,False,False,True,sourced
100003391,Entreprise 03391 SAS,I,Hébergement et restauration,111,100,199,False,False,,,True,True,False,sourced
100003392,Entreprise 03392 SAS,K,Activités financières et assurance,72,50,99,False,False,,,False,False,True,qualified
100003393,Entreprise 03393 SAS,F,Construction,1672,1000,1999,True,False,,,False,True,True,sourced
100003394,Entreprise 03394 SAS,F,Construction,269,250,499,False,False,,,False,True,True,qualified
100003395,Entreprise 03395 SAS,Q,Santé humaine et action sociale,1094,1000,1999,True,False,,,False,False,True,rejected
100003396,Entreprise 03396 SAS,G,"Commerce, réparation auto",10,10,19,False,False,,,False,False,False,sourced
100003397,Entreprise 03397 SAS,S,Autres services,43,20,49,False,False,,,False,False,False,sourced
100003398,Entreprise 03398 SAS,M,Activités spé. scientifiques/techniques,306,250,499,False,False,,,True,True,True,sourced
100003399,Entreprise 03399 SAS,F,Construction,16,10,19,False,False,,,False,True,True,sourced
100003400,Entreprise 03400 SAS,G,"Commerce, réparation auto",2,1,2,False,False,,,False,True,False,sourced
100003401,Entreprise 03401 SAS,H,Transports et entreposage,2,1,2,False,False,,,False,False,True,qualified
100003402,Entreprise 03402 SAS,M,Activités spé. scientifiques/techniques,875,500,999,True,True,False,,False,False,False,sourced
100003403,Entreprise 03403 SAS,H,Transports et entreposage,1,1,2,False,False,,,True,True,True,sourced
100003404,Entreprise 03404 SAS,M,Activités spé. scientifiques/techniques,1770,1000,1999,True,True,True,False,False,False,True,sourced
100003405,Entreprise 03405 SAS,M,Activités spé. scientifiques/techniques,14,10,19,False,False,,,True,True,True,qualified
100003406,Entreprise 03406 SAS,S,Autres services,1037,1000,1999,True,False,,,True,False,False,sourced
100003407,Entreprise 03407 SAS,G,"Commerce, réparation auto",491,250,499,False,False,,,False,False,False,contacted
100003408,Entreprise 03408 SAS,Q,Santé humaine et action sociale,10,10,19,False,False,,,False,False,True,sourced
100003409,Entreprise 03409 SAS,G,"Commerce, réparation auto",120,100,199,False,False,,,False,True,True,sourced
100003410,Entreprise 03410 SAS,N,Services administratifs et soutien,53,50,99,False,False,,,True,True,False,sourced
100003411,Entreprise 03411 SAS,N,Services administratifs et soutien,87,50,99,False,False,,,True,True,False,sourced
100003412,Entreprise 03412 SAS,C,Industrie manufacturière,44,20,49,False,False,,,False,False,False,sourced
100003413,Entreprise 03413 SAS,Q,Santé humaine et action sociale,153,100,199,False,False,,,False,False,False,contacted
100003414,Entreprise 03414 SAS,C,Industrie manufacturière,48,20,49,False,False,,,False,True,True,sourced
100003415,Entreprise 03415 SAS,M,Activités spé. scientifiques/techniques,90,50,99,False,False,,,False,True,False,sourced
100003416,Entreprise 03416 SAS,C,Industrie manufacturière,41,20,49,False,False,,,False,True,True,contacted
100003417,Entreprise 03417 SAS,M,Activités spé. scientifiques/techniques,1222,1000,1999,True,False,,,False,True,False,sourced
100003418,Entreprise 03418 SAS,S,Autres services,6,6,9,False,False,,,False,False,True,qualified
100003419,Entreprise 03419 SAS,G,"Commerce, réparation auto",130,100,199,False,False,,,True,False,True,sourced
100003420,Entreprise 03420 SAS,N,Services administratifs et soutien,1126,1000,1999,True,False,,,False,False,False,sourced
100003421,Entreprise 03421 SAS,I,Hébergement et restauration,280,250,499,False,False,,,False,False,True,qualified
100003422,Entreprise 03422 SAS,K,Activités financières et assurance,12,10,19,False,False,,,False,True,True,sourced
100003423,Entreprise 03423 SAS,J,Information et communication,6,6,9,False,False,,,False,False,True,sourced
100003424,Entreprise 03424 SAS,G,"Commerce, réparation auto",2092,2000,4999,True,True,False,,False,True,True,sourced
100003425,Entreprise 03425 SAS,G,"Commerce, réparation auto",100,100,199,False,False,,,False,False,True,sourced
100003426,Entreprise 03426 SAS,F,Construction,77,50,99,False,False,,,False,False,False,sourced
100003427,Entreprise 03427 SAS,J,Information et communication,357,250,499,False,False,,,False,False,True,sourced
100003428,Entreprise 03428 SAS,H,Transports et entreposage,25,20,49,False,False,,,True,True,False,sourced
100003429,Entreprise 03429 SAS,H,Transports et entreposage,23,20,49,False,False,,,False,False,True,sourced
100003430,Entreprise 03430 SAS,N,Services administratifs et soutien,40,20,49,False,False,,,False,False,True,sourced
100003431,Entreprise 03431 SAS,C,Industrie manufacturière,47,20,49,False,False,,,False,True,False,sourced
100003432,Entreprise 03432 SAS,F,Construction,7,6,9,False,False,,,False,False,False,sourced
100003433,Entreprise 03433 SAS,F,Construction,5635,5000,9999,True,False,,,False,True,False,qualified
100003434,Entreprise 03434 SAS,C,Industrie manufacturière,335,250,499,False,False,,,True,False,True,rejected
100003435,Entreprise 03435 SAS,S,Autres services,100,100,199,False,False,,,True,True,True,qualified
100003436,Entreprise 03436 SAS,J,Information et communication,4,3,5,False,False,,,True,False,True,sourced
100003437,Entreprise 03437 SAS,C,Industrie manufacturière,23,20,49,False,False,,,False,False,False,sourced
100003438,Entreprise 03438 SAS,M,Activités spé. scientifiques/techniques,483,250,499,False,False,,,False,True,True,qualified
100003439,Entreprise 03439 SAS,M,Activités spé. scientifiques/techniques,4,3,5,False,False,,,False,True,False,sourced
100003440,Entreprise 03440 SAS,F,Construction,177,100,199,False,False,,,True,True,False,sourced
100003441,Entreprise 03441 SAS,M,Activités spé. scientifiques/techniques,34,20,49,False,False,,,False,False,True,sourced
100003442,Entreprise 03442 SAS,G,"Commerce, réparation auto",23,20,49,False,False,,,True,False,True,sourced
100003443,Entreprise 03443 SAS,M,Activités spé. scientifiques/techniques,61,50,99,False,False,,,True,True,False,sourced
100003444,Entreprise 03444 SAS,G,"Commerce, réparation auto",59,50,99,False,False,,,False,False,False,qualified
100003445,Entreprise 03445 SAS,C,Industrie manufacturière,940,500,999,True,True,True,False,False,True,False,sourced
100003446,Entreprise 03446 SAS,S,Autres services,10,10,19,False,False,,,True,False,True,contacted
100003447,Entreprise 03447 SAS,F,Construction,9,6,9,False,False,,,True,False,False,sourced
100003448,Entreprise 03448 SAS,M,Activités spé. scientifiques/techniques,419,250,499,False,False,,,False,True,True,qualified
100003449,Entreprise 03449 SAS,M,Activités spé. scientifiques/techniques,6,6,9,False,False,,,False,True,True,sourced
100003450,Entreprise 03450 SAS,N,Services administratifs et soutien,38,20,49,False,False,,,False,True,False,sourced
100003451,Entreprise 03451 SAS,F,Construction,908,500,999,True,True,False,,False,False,True,sourced
100003452,Entreprise 03452 SAS,F,Construction,6,6,9,False,False,,,True,True,True,sourced
100003453,Entreprise 03453 SAS,N,Services administratifs et soutien,938,500,999,True,False,,,False,True,True,sourced
100003454,Entreprise 03454 SAS,S,Autres services,4,3,5,False,False,,,True,True,True,sourced
100003455,Entreprise 03455 SAS,N,Services administratifs et soutien,4,3,5,False,False,,,False,True,True,sourced
100003456,Entreprise 03456 SAS,I,Hébergement et restauration,755,500,999,True,False,,,True,False,True,sourced
100003457,Entreprise 03457 SAS,M,Activités spé. scientifiques/techniques,18,10,19,False,False,,,False,True,False,sourced
100003458,Entreprise 03458 SAS,F,Construction,353,250,499,False,False,,,False,False,False,sourced
100003459,Entreprise 03459 SAS,F,Construction,449,250,499,False,False,,,True,False,True,sourced
100003460,Entreprise 03460 SAS,F,Construction,753,500,999,True,True,False,,False,True,True,sourced
100003461,Entreprise 03461 SAS,F,Construction,3,3,5,False,False,,,True,True,True,sourced
100003462,Entreprise 03462 SAS,G,"Commerce, réparation auto",3,3,5,False,False,,,True,False,True,sourced
100003463,Entreprise 03463 SAS,I,Hébergement et restauration,3,3,5,False,False,,,False,True,True,sourced
100003464,Entreprise 03464 SAS,M,Activités spé. scientifiques/techniques,2,1,2,False,False,,,False,True,True,sourced
100003465,Entreprise 03465 SAS,M,Activités spé. scientifiques/techniques,45,20,49,False,False,,,False,False,True,sourced
100003466,Entreprise 03466 SAS,S,Autres services,730,500,999,True,True,True,True,False,True,True,sourced
100003467,Entreprise 03467 SAS,G,"Commerce, réparation auto",1,1,2,False,False,,,True,True,True,qualified
100003468,Entreprise 03468 SAS,S,Autres services,34,20,49,False,False,,,False,False,True,qualified
100003469,Entreprise 03469 SAS,S,Autres services,5,3,5,False,False,,,False,True,False,sourced
100003470,Entreprise 03470 SAS,G,"Commerce, réparation auto",1,1,2,False,False,,,False,False,True,sourced
100003471,Entreprise 03471 SAS,H,Transports et entreposage,851,500,999,True,True,True,True,False,True,False,sourced
100003472,Entreprise 03472 SAS,M,Activités spé. scientifiques/techniques,1851,1000,1999,True,True,True,True,True,False,False,contacted
100003473,Entreprise 03473 SAS,M,Activités spé. scientifiques/techniques,1,1,2,False,False,,,False,False,False,contacted
100003474,Entreprise 03474 SAS,G,"Commerce, réparation auto",52,50,99,False,False,,,False,False,True,sourced
100003475,Entreprise 03475 SAS,I,Hébergement et restauration,73,50,99,False,False,,,False,True,False,sourced
100003476,Entreprise 03476 SAS,H,Transports et entreposage,1703,1000,1999,True,False,,,False,True,False,sourced
100003477,Entreprise 03477 SAS,G,"Commerce, réparation auto",5901,5000,9999,True,True,True,True,False,False,True,sourced
100003478,Entreprise 03478 SAS,M,Activités spé. scientifiques/techniques,9,6,9,False,False,,,False,False,True,sourced
100003479,Entreprise 03479 SAS,H,Transports et entreposage,7,6,9,False,False,,,False,False,True,sourced
100003480,Entreprise 03480 SAS,J,Information et communication,9,6,9,False,False,,,False,False,True,sourced
100003481,Entreprise 03481 SAS,K,Activités financières et assurance,1084,1000,1999,True,True,False,,False,True,True,sourced
100003482,Entreprise 03482 SAS,S,Autres services,160,100,199,False,False,,,True,False,True,rejected
100003483,Entreprise 03483 SAS,N,Services administratifs et soutien,26,20,49,False,False,,,False,True,False,sourced
100003484,Entreprise 03484 SAS,F,Construction,1,1,2,False,False,,,False,True,True,contacted
100003485,Entreprise 03485 SAS,M,Activités spé. scientifiques/techniques,362,250,499,False,False,,,False,True,False,contacted
100003486,Entreprise 03486 SAS,G,"Commerce, réparation auto",5,3,5,False,False,,,False,True,True,sourced
100003487,Entreprise 03487 SAS,I,Hébergement et restauration,20,20,49,False,False,,,True,True,True,sourced
100003488,Entreprise 03488 SAS,I,Hébergement et restauration,197,100,199,False,False,,,False,True,True,sourced
100003489,Entreprise 03489 SAS,Q,Santé humaine et action sociale,14,10,19,False,False,,,False,False,True,sourced
100003490,Entreprise 03490 SAS,S,Autres services,4,3,5,False,False,,,False,True,True,sourced
100003491,Entreprise 03491 SAS,K,Activités financières et assurance,218,200,249,False,False,,,False,False,True,sourced
100003492,Entreprise 03492 SAS,G,"Commerce, réparation auto",231,200,249,False,False,,,False,True,True,sourced
100003493,Entreprise 03493 SAS,G,"Commerce, réparation auto",7,6,9,False,False,,,False,False,True,qualified
100003494,Entreprise 03494 SAS,C,Industrie manufacturière,21,20,49,False,False,,,False,True,False,sourced
100003495,Entreprise 03495 SAS,S,Autres services,833,500,999,True,True,False,,True,False,False,sourced
100003496,Entreprise 03496 SAS,G,"Commerce, réparation auto",22,20,49,False,False,,,True,True,False,sourced
100003497,Entreprise 03497 SAS,N,Services administratifs et soutien,6,6,9,False,False,,,False,True,True,sourced
100003498,Entreprise 03498 SAS,Q,Santé humaine et action sociale,18,10,19,False,False,,,False,True,True,sourced
100003499,Entreprise 03499 SAS,N,Services administratifs et soutien,926,500,999,True,False,,,True,True,False,sourced
100003500,Entreprise 03500 SAS,F,Construction,162,100,199,False,False,,,True,False,False,sourced
100003501,Entreprise 03501 SAS,G,"Commerce, réparation auto",139,100,199,False,False,,,False,False,True,sourced
100003502,Entreprise 03502 SAS,G,"Commerce, réparation auto",12,10,19,False,False,,,False,True,True,sourced
100003503,Entreprise 03503 SAS,N,Services administratifs et soutien,13,10,19,False,False,,,False,False,False,sourced
100003504,Entreprise 03504 SAS,C,Industrie manufacturière,422,250,499,False,False,,,False,True,False,contacted
100003505,Entreprise 03505 SAS,H,Transports et entreposage,2777,2000,4999,True,True,True,False,False,False,False,sourced
100003506,Entreprise 03506 SAS,K,Activités financières et assurance,333,250,499,False,False,,,False,True,True,sourced
100003507,Entreprise 03507 SAS,J,Information et communication,1,1,2,False,False,,,False,False,True,sourced
100003508,Entreprise 03508 SAS,C,Industrie manufacturière,23,20,49,False,False,,,True,False,True,sourced
100003509,Entreprise 03509 SAS,I,Hébergement et restauration,1397,1000,1999,True,False,,,False,True,True,sourced
100003510,Entreprise 03510 SAS,K,Activités financières et assurance,1,1,2,False,False,,,False,False,True,sourced
100003511,Entreprise 03511 SAS,G,"Commerce, réparation auto",13,10,19,False,False,,,True,True,True,sourced
100003512,Entreprise 03512 SAS,M,Activités spé. scientifiques/techniques,3,3,5,False,False,,,False,False,True,sourced
100003513,Entreprise 03513 SAS,F,Construction,2,1,2,False,False,,,True,False,True,sourced
100003514,Entreprise 03514 SAS,C,Industrie manufacturière,7,6,9,False,False,,,False,False,True,sourced
100003515,Entreprise 03515 SAS,I,Hébergement et restauration,24,20,49,False,False,,,True,True,True,sourced
100003516,Entreprise 03516 SAS,I,Hébergement et restauration,131,100,199,False,False,,,False,True,True,sourced
100003517,Entreprise 03517 SAS,K,Activités financières et assurance,342,250,499,False,False,,,True,False,False,sourced
100003518,Entreprise 03518 SAS,M,Activités spé. scientifiques/techniques,1354,1000,1999,True,True,False,,False,False,True,sourced
100003519,Entreprise 03519 SAS,K,Activités financières et assurance,858,500,999,True,False,,,False,False,True,contacted
100003520,Entreprise 03520 SAS,M,Activités spé. scientifiques/techniques,3,3,5,False,False,,,True,True,False,contacted
100003521,Entreprise 03521 SAS,F,Construction,343,250,499,False,False,,,True,False,True,sourced
100003522,Entreprise 03522 SAS,G,"Commerce, réparation auto",28,20,49,False,False,,,True,True,True,sourced
100003523,Entreprise 03523 SAS,G,"Commerce, réparation auto",4,3,5,False,False,,,False,True,True,qualified
100003524,Entreprise 03524 SAS,G,"Commerce, réparation auto",252,250,499,False,False,,,True,False,True,sourced
100003525,Entreprise 03525 SAS,F,Construction,15,10,19,False,False,,,False,True,False,sourced
100003526,Entreprise 03526 SAS,S,Autres services,3,3,5,False,False,,,False,True,False,sourced
100003527,Entreprise 03527 SAS,F,Construction,637,500,999,True,False,,,False,False,False,contacted
100003528,Entreprise 03528 SAS,K,Activités financières et assurance,6,6,9,False,False,,,True,True,True,sourced
100003529,Entreprise 03529 SAS,I,Hébergement et restauration,379,250,499,False,False,,,False,True,False,sourced
100003530,Entreprise 03530 SAS,S,Autres services,7,6,9,False,False,,,False,True,False,sourced
100003531,Entreprise 03531 SAS,N,Services administratifs et soutien,19,10,19,False,False,,,False,False,True,sourced
100003532,Entreprise 03532 SAS,C,Industrie manufacturière,40,20,49,False,False,,,False,True,False,qualified
100003533,Entreprise 03533 SAS,F,Construction,1,1,2,False,False,,,False,False,True,contacted
100003534,Entreprise 03534 SAS,F,Construction,333,250,499,False,False,,,False,False,True,sourced
100003535,Entreprise 03535 SAS,G,"Commerce, réparation auto",9,6,9,False,False,,,False,True,False,sourced
100003536,Entreprise 03536 SAS,G,"Commerce, réparation auto",476,250,499,False,False,,,False,False,True,sourced
100003537,Entreprise 03537 SAS,F,Construction,42,20,49,False,False,,,True,False,True,sourced
100003538,Entreprise 03538 SAS,M,Activités spé. scientifiques/techniques,51,50,99,False,False,,,False,True,False,sourced
100003539,Entreprise 03539 SAS,C,Industrie manufacturière,37,20,49,False,False,,,False,True,False,contacted
100003540,Entreprise 03540 SAS,H,Transports et entreposage,29,20,49,False,False,,,True,True,False,qualified
100003541,Entreprise 03541 SAS,S,Autres services,935,500,999,True,False,,,False,True,True,sourced
100003542,Entreprise 03542 SAS,K,Activités financières et assurance,8,6,9,False,False,,,False,True,False,sourced
100003543,Entreprise 03543 SAS,G,"Commerce, réparation auto",943,500,999,True,True,True,False,False,False,False,sourced
100003544,Entreprise 03544 SAS,J,Information et communication,578,500,999,True,True,True,False,True,False,True,sourced
100003545,Entreprise 03545 SAS,H,Transports et entreposage,12,10,19,False,False,,,False,True,False,sourced
100003546,Entreprise 03546 SAS,C,Industrie manufacturière,3,3,5,False,False,,,False,False,False,sourced
100003547,Entreprise 03547 SAS,H,Transports et entreposage,637,500,999,True,True,True,True,False,True,False,sourced
100003548,Entreprise 03548 SAS,J,Information et communication,104,100,199,False,False,,,False,True,True,sourced
100003549,Entreprise 03549 SAS,N,Services administratifs et soutien,420,250,499,False,False,,,False,True,True,sourced
100003550,Entreprise 03550 SAS,G,"Commerce, réparation auto",620,500,999,True,False,,,False,False,False,sourced
100003551,Entreprise 03551 SAS,S,Autres services,138,100,199,False,False,,,False,False,False,sourced
100003552,Entreprise 03552 SAS,S,Autres services,3,3,5,False,False,,,False,True,True,sourced
100003553,Entreprise 03553 SAS,J,Information et communication,1985,1000,1999,True,False,,,True,True,False,sourced
100003554,Entreprise 03554 SAS,N,Services administratifs et soutien,4,3,5,False,False,,,True,False,True,sourced
100003555,Entreprise 03555 SAS,S,Autres services,6,6,9,False,False,,,False,True,False,sourced
100003556,Entreprise 03556 SAS,M,Activités spé. scientifiques/techniques,14,10,19,False,False,,,False,True,False,sourced
100003557,Entreprise 03557 SAS,H,Transports et entreposage,9,6,9,False,False,,,False,True,False,sourced
100003558,Entreprise 03558 SAS,C,Industrie manufacturière,16,10,19,False,False,,,False,False,True,sourced
100003559,Entreprise 03559 SAS,N,Services administratifs et soutien,26,20,49,False,False,,,False,False,True,sourced
100003560,Entreprise 03560 SAS,F,Construction,301,250,499,False,False,,,False,True,False,sourced
100003561,Entreprise 03561 SAS,S,Autres services,9,6,9,False,False,,,False,True,True,sourced
100003562,Entreprise 03562 SAS,H,Transports et entreposage,2233,2000,4999,True,False,,,False,False,False,rejected
100003563,Entreprise 03563 SAS,F,Construction,16,10,19,False,False,,,False,True,True,sourced
100003564,Entreprise 03564 SAS,G,"Commerce, réparation auto",828,500,999,True,True,True,True,False,False,True,contacted
100003565,Entreprise 03565 SAS,I,Hébergement et restauration,4,3,5,False,False,,,False,True,True,qualified
100003566,Entreprise 03566 SAS,J,Information et communication,365,250,499,False,False,,,False,False,True,sourced
100003567,Entreprise 03567 SAS,F,Construction,12,10,19,False,False,,,False,False,False,qualified
100003568,Entreprise 03568 SAS,S,Autres services,221,200,249,False,False,,,False,True,False,sourced
100003569,Entreprise 03569 SAS,N,Services administratifs et soutien,18,10,19,False,False,,,False,True,True,sourced
100003570,Entreprise 03570 SAS,F,Construction,7,6,9,False,False,,,False,True,True,sourced
100003571,Entreprise 03571 SAS,G,"Commerce, réparation auto",23,20,49,False,False,,,False,False,True,sourced
100003572,Entreprise 03572 SAS,C,Industrie manufacturière,8,6,9,False,False,,,False,True,True,sourced
100003573,Entreprise 03573 SAS,G,"Commerce, réparation auto",1405,1000,1999,True,True,True,False,False,True,True,sourced
100003574,Entreprise 03574 SAS,G,"Commerce, réparation auto",362,250,499,False,False,,,False,True,True,sourced
100003575,Entreprise 03575 SAS,N,Services administratifs et soutien,2,1,2,False,False,,,False,True,True,sourced
100003576,Entreprise 03576 SAS,C,Industrie manufacturière,19,10,19,False,False,,,False,False,True,sourced
100003577,Entreprise 03577 SAS,H,Transports et entreposage,9,6,9,False,False,,,False,True,True,sourced
100003578,Entreprise 03578 SAS,M,Activités spé. scientifiques/techniques,1,1,2,False,False,,,True,False,True,sourced
100003579,Entreprise 03579 SAS,N,Services administratifs et soutien,300,250,499,False,False,,,False,True,False,sourced
100003580,Entreprise 03580 SAS,C,Industrie manufacturière,5,3,5,False,False,,,False,False,True,sourced
100003581,Entreprise 03581 SAS,Q,Santé humaine et action sociale,303,250,499,False,False,,,False,False,False,sourced
100003582,Entreprise 03582 SAS,S,Autres services,566,500,999,True,False,,,True,True,True,sourced
100003583,Entreprise 03583 SAS,N,Services administratifs et soutien,16,10,19,False,False,,,True,True,True,sourced
100003584,Entreprise 03584 SAS,M,Activités spé. scientifiques/techniques,1,1,2,False,False,,,True,True,True,qualified
100003585,Entreprise 03585 SAS,G,"Commerce, réparation auto",18,10,19,False,False,,,False,True,True,contacted
100003586,Entreprise 03586 SAS,I,Hébergement et restauration,1062,1000,1999,True,True,True,True,True,True,True,sourced
100003587,Entreprise 03587 SAS,G,"Commerce, réparation auto",2,1,2,False,False,,,True,False,True,sourced
100003588,Entreprise 03588 SAS,F,Construction,86,50,99,False,False,,,True,True,False,sourced
100003589,Entreprise 03589 SAS,G,"Commerce, réparation auto",4,3,5,False,False,,,True,True,True,sourced
100003590,Entreprise 03590 SAS,J,Information et communication,190,100,199,False,False,,,True,True,True,sourced
100003591,Entreprise 03591 SAS,N,Services administratifs et soutien,91,50,99,False,False,,,False,False,True,sourced
100003592,Entreprise 03592 SAS,C,Industrie manufacturière,102,100,199,False,False,,,False,True,True,contacted
100003593,Entreprise 03593 SAS,N,Services administratifs et soutien,42,20,49,False,False,,,False,False,False,qualified
100003594,Entreprise 03594 SAS,G,"Commerce, réparation auto",233,200,249,False,False,,,False,True,False,contacted
100003595,Entreprise 03595 SAS,F,Construction,18,10,19,False,False,,,False,False,True,sourced
100003596,Entreprise 03596 SAS,N,Services administratifs et soutien,362,250,499,False,False,,,True,False,False,sourced
100003597,Entreprise 03597 SAS,M,Activités spé. scientifiques/techniques,1,1,2,False,False,,,False,False,False,sourced
100003598,Entreprise 03598 SAS,N,Services administratifs et soutien,38,20,49,False,False,,,False,True,True,sourced
100003599,Entreprise 03599 SAS,G,"Commerce, réparation auto",7,6,9,False,False,,,False,False,True,sourced
100003600,Entreprise 03600 SAS,G,"Commerce, réparation auto",20,20,49,False,False,,,False,False,True,sourced
100003601,Entreprise 03601 SAS,S,Autres services,1694,1000,1999,True,False,,,False,True,True,qualified
100003602,Entreprise 03602 SAS,G,"Commerce, réparation auto",1711,1000,1999,True,False,,,True,False,False,sourced
100003603,Entreprise 03603 SAS,N,Services administratifs et soutien,2,1,2,False,False,,,False,True,False,sourced
100003604,Entreprise 03604 SAS,F,Construction,12,10,19,False,False,,,False,False,True,sourced
100003605,Entreprise 03605 SAS,J,Information et communication,264,250,499,False,False,,,False,True,True,sourced
100003606,Entreprise 03606 SAS,N,Services administratifs et soutien,10,10,19,False,False,,,True,True,False,sourced
100003607,Entreprise 03607 SAS,G,"Commerce, réparation auto",1,1,2,False,False,,,True,False,False,sourced
100003608,Entreprise 03608 SAS,Q,Santé humaine et action sociale,73,50,99,False,False,,,False,True,True,qualified
100003609,Entreprise 03609 SAS,J,Information et communication,650,500,999,True,False,,,False,False,False,sourced
100003610,Entreprise 03610 SAS,M,Activités spé. scientifiques/techniques,1,1,2,False,False,,,False,True,True,sourced
100003611,Entreprise 03611 SAS,C,Industrie manufacturière,816,500,999,True,False,,,False,False,True,qualified
100003612,Entreprise 03612 SAS,F,Construction,122,100,199,False,False,,,False,False,True,sourced
100003613,Entreprise 03613 SAS,C,Industrie manufacturière,17,10,19,False,False,,,False,True,False,sourced
100003614,Entreprise 03614 SAS,S,Autres services,1,1,2,False,False,,,False,True,True,sourced
100003615,Entreprise 03615 SAS,N,Services administratifs et soutien,3,3,5,False,False,,,False,False,True,contacted
100003616,Entreprise 03616 SAS,M,Activités spé. scientifiques/techniques,18,10,19,False,False,,,True,True,True,sourced
100003617,Entreprise 03617 SAS,F,Construction,2104,2000,4999,True,True,True,False,False,True,True,sourced
100003618,Entreprise 03618 SAS,C,Industrie manufacturière,1,1,2,False,False,,,True,False,True,qualified
100003619,Entreprise 03619 SAS,N,Services administratifs et soutien,727,500,999,True,True,False,,False,True,False,sourced
100003620,Entreprise 03620 SAS,G,"Commerce, réparation auto",9,6,9,False,False,,,True,False,True,sourced
100003621,Entreprise 03621 SAS,F,Construction,241,200,249,False,False,,,False,False,False,sourced
100003622,Entreprise 03622 SAS,C,Industrie manufacturière,1075,1000,1999,True,False,,,False,True,True,sourced
100003623,Entreprise 03623 SAS,F,Construction,929,500,999,True,False,,,False,True,True,sourced
100003624,Entreprise 03624 SAS,G,"Commerce, réparation auto",359,250,499,False,False,,,False,True,False,sourced
100003625,Entreprise 03625 SAS,M,Activités spé. scientifiques/techniques,16,10,19,False,False,,,False,True,False,sourced
100003626,Entreprise 03626 SAS,J,Information et communication,14,10,19,False,False,,,True,True,False,sourced
100003627,Entreprise 03627 SAS,G,"Commerce, réparation auto",1431,1000,1999,True,False,,,False,True,True,sourced
100003628,Entreprise 03628 SAS,G,"Commerce, réparation auto",3,3,5,False,False,,,False,False,True,sourced
100003629,Entreprise 03629 SAS,F,Construction,1666,1000,1999,True,True,True,False,False,False,True,rejected
100003630,Entreprise 03630 SAS,I,Hébergement et restauration,953,500,999,True,False,,,True,True,True,qualified
100003631,Entreprise 03631 SAS,F,Construction,24,20,49,False,False,,,False,False,False,qualified
100003632,Entreprise 03632 SAS,J,Information et communication,16,10,19,False,False,,,True,True,False,sourced
100003633,Entreprise 03633 SAS,G,"Commerce, réparation auto",7,6,9,False,False,,,False,True,False,sourced
100003634,Entreprise 03634 SAS,K,Activités financières et assurance,81,50,99,False,False,,,False,False,False,qualified
100003635,Entreprise 03635 SAS,F,Construction,23,20,49,False,False,,,True,True,True,sourced
100003636,Entreprise 03636 SAS,M,Activités spé. scientifiques/techniques,304,250,499,False,False,,,False,False,True,sourced
100003637,Entreprise 03637 SAS,S,Autres services,2,1,2,False,False,,,False,True,False,sourced
100003638,Entreprise 03638 SAS,M,Activités spé. scientifiques/techniques,1,1,2,False,False,,,False,False,True,sourced
100003639,Entreprise 03639 SAS,H,Transports et entreposage,13,10,19,False,False,,,False,False,True,qualified
100003640,Entreprise 03640 SAS,J,Information et communication,13,10,19,False,False,,,True,False,False,sourced
100003641,Entreprise 03641 SAS,C,Industrie manufacturière,35,20,49,False,False,,,True,True,True,sourced
100003642,Entreprise 03642 SAS,Q,Santé humaine et action sociale,31,20,49,False,False,,,False,False,True,sourced
100003643,Entreprise 03643 SAS,F,Construction,6,6,9,False,False,,,True,False,True,rejected
100003644,Entreprise 03644 SAS,F,Construction,15,10,19,False,False,,,False,False,True,sourced
100003645,Entreprise 03645 SAS,N,Services administratifs et soutien,10,10,19,False,False,,,True,False,True,sourced
100003646,Entreprise 03646 SAS,C,Industrie manufacturière,1039,1000,1999,True,True,False,,True,True,False,sourced
100003647,Entreprise 03647 SAS,M,Activités spé. scientifiques/techniques,118,100,199,False,False,,,True,False,False,sourced
100003648,Entreprise 03648 SAS,F,Construction,1069,1000,1999,True,True,True,True,False,True,True,sourced
100003649,Entreprise 03649 SAS,C,Industrie manufacturière,29,20,49,False,False,,,False,False,True,rejected
100003650,Entreprise 03650 SAS,S,Autres services,27,20,49,False,False,,,True,True,False,sourced
100003651,Entreprise 03651 SAS,C,Industrie manufacturière,1941,1000,1999,True,True,False,,False,False,True,sourced
100003652,Entreprise 03652 SAS,J,Information et communication,2642,2000,4999,True,False,,,True,False,True,sourced
100003653,Entreprise 03653 SAS,N,Services administratifs et soutien,1,1,2,False,False,,,True,False,True,sourced
100003654,Entreprise 03654 SAS,S,Autres services,15,10,19,False,False,,,False,False,True,sourced
100003655,Entreprise 03655 SAS,F,Construction,10,10,19,False,False,,,True,True,False,sourced
100003656,Entreprise 03656 SAS,J,Information et communication,264,250,499,False,False,,,False,False,True,qualified
100003657,Entreprise 03657 SAS,G,"Commerce, réparation auto",27,20,49,False,False,,,False,True,True,contacted
100003658,Entreprise 03658 SAS,M,Activités spé. scientifiques/techniques,21,20,49,False,False,,,False,False,True,sourced
100003659,Entreprise 03659 SAS,N,Services administratifs et soutien,5,3,5,False,False,,,True,True,False,sourced
100003660,Entreprise 03660 SAS,F,Construction,702,500,999,True,True,False,,True,True,True,sourced
100003661,Entreprise 03661 SAS,N,Services administratifs et soutien,1,1,2,False,False,,,False,True,True,sourced
100003662,Entreprise 03662 SAS,C,Industrie manufacturière,50,50,99,False,False,,,False,True,True,qualified
100003663,Entreprise 03663 SAS,G,"Commerce, réparation auto",85,50,99,False,False,,,False,True,True,qualified
100003664,Entreprise 03664 SAS,S,Autres services,73,50,99,False,False,,,False,False,False,sourced
100003665,Entreprise 03665 SAS,C,Industrie manufacturière,4,3,5,False,False,,,False,False,True,sourced
100003666,Entreprise 03666 SAS,F,Construction,8,6,9,False,False,,,False,False,True,sourced
100003667,Entreprise 03667 SAS,G,"Commerce, réparation auto",1513,1000,1999,True,True,True,True,False,True,True,sourced
100003668,Entreprise 03668 SAS,M,Activités spé. scientifiques/techniques,277,250,499,False,False,,,False,True,False,sourced
100003669,Entreprise 03669 SAS,G,"Commerce, réparation auto",1,1,2,False,False,,,False,False,True,contacted
100003670,Entreprise 03670 SAS,I,Hébergement et restauration,524,500,999,True,True,True,True,True,False,True,sourced
100003671,Entreprise 03671 SAS,I,Hébergement et restauration,357,250,499,False,False,,,False,False,False,sourced
100003672,Entreprise 03672 SAS,S,Autres services,61,50,99,False,False,,,False,True,True,sourced
100003673,Entreprise 03673 SAS,M,Activités spé. scientifiques/techniques,10,10,19,False,False,,,False,True,True,qualified
100003674,Entreprise 03674 SAS,M,Activités spé. scientifiques/techniques,2,1,2,False,False,,,True,True,True,sourced
100003675,Entreprise 03675 SAS,G,"Commerce, réparation auto",7,6,9,False,False,,,False,False,False,sourced
100003676,Entreprise 03676 SAS,G,"Commerce, réparation auto",925,500,999,True,True,True,True,True,True,False,rejected
100003677,Entreprise 03677 SAS,H,Transports et entreposage,14,10,19,False,False,,,False,False,True,contacted
100003678,Entreprise 03678 SAS,F,Construction,8,6,9,False,False,,,True,False,True,sourced
100003679,Entreprise 03679 SAS,F,Construction,633,500,999,True,True,True,False,True,True,True,qualified
100003680,Entreprise 03680 SAS,G,"Commerce, réparation auto",2272,2000,4999,True,False,,,False,True,True,sourced
100003681,Entreprise 03681 SAS,M,Activités spé. scientifiques/techniques,7,6,9,False,False,,,False,True,True,sourced
100003682,Entreprise 03682 SAS,S,Autres services,443,250,499,False,False,,,False,True,True,rejected
100003683,Entreprise 03683 SAS,J,Information et communication,68,50,99,False,False,,,True,True,True,sourced
100003684,Entreprise 03684 SAS,I,Hébergement et restauration,156,100,199,False,False,,,False,False,True,sourced
100003685,Entreprise 03685 SAS,N,Services administratifs et soutien,1202,1000,1999,True,False,,,True,True,True,sourced
100003686,Entreprise 03686 SAS,G,"Commerce, réparation auto",11,10,19,False,False,,,False,True,True,qualified
100003687,Entreprise 03687 SAS,I,Hébergement et restauration,39,20,49,False,False,,,True,True,False,sourced
100003688,Entreprise 03688 SAS,N,Services administratifs et soutien,3,3,5,False,False,,,False,True,False,sourced
100003689,Entreprise 03689 SAS,S,Autres services,410,250,499,False,False,,,True,False,True,rejected
100003690,Entreprise 03690 SAS,S,Autres services,10,10,19,False,False,,,True,False,True,sourced
100003691,Entreprise 03691 SAS,I,Hébergement et restauration,55,50,99,False,False,,,False,False,False,contacted
100003692,Entreprise 03692 SAS,G,"Commerce, réparation auto",5,3,5,False,False,,,True,False,True,sourced
100003693,Entreprise 03693 SAS,S,Autres services,10,10,19,False,False,,,True,False,True,sourced
100003694,Entreprise 03694 SAS,F,Construction,1,1,2,False,False,,,True,False,True,sourced
100003695,Entreprise 03695 SAS,K,Activités financières et assurance,20,20,49,False,False,,,False,True,True,sourced
100003696,Entreprise 03696 SAS,J,Information et communication,640,500,999,True,False,,,True,True,False,sourced
100003697,Entreprise 03697 SAS,C,Industrie manufacturière,16,10,19,False,False,,,False,False,True,contacted
100003698,Entreprise 03698 SAS,F,Construction,975,500,999,True,False,,,True,False,False,sourced
100003699,Entreprise 03699 SAS,H,Transports et entreposage,10,10,19,False,False,,,False,True,False,sourced
100003700,Entreprise 03700 SAS,M,Activités spé. scientifiques/techniques,33,20,49,False,False,,,False,False,True,sourced
100003701,Entreprise 03701 SAS,H,Transports et entreposage,151,100,199,False,False,,,False,False,True,sourced
100003702,Entreprise 03702 SAS,C,Industrie manufacturière,1131,1000,1999,True,False,,,False,False,True,sourced
100003703,Entreprise 03703 SAS,M,Activités spé. scientifiques/techniques,1472,1000,1999,True,True,True,True,False,True,True,sourced
100003704,Entreprise 03704 SAS,S,Autres services,200,200,249,False,False,,,False,False,True,qualified
100003705,Entreprise 03705 SAS,N,Services administratifs et soutien,6,6,9,False,False,,,False,False,False,sourced
100003706,Entreprise 03706 SAS,N,Services administratifs et soutien,625,500,999,True,True,True,False,False,True,True,sourced
100003707,Entreprise 03707 SAS,S,Autres services,33,20,49,False,False,,,True,True,True,sourced
100003708,Entreprise 03708 SAS,C,Industrie manufacturière,19,10,19,False,False,,,False,False,True,sourced
100003709,Entreprise 03709 SAS,G,"Commerce, réparation auto",30,20,49,False,False,,,False,False,False,sourced
100003710,Entreprise 03710 SAS,F,Construction,168,100,199,False,False,,,False,True,False,sourced
100003711,Entreprise 03711 SAS,M,Activités spé. scientifiques/techniques,1,1,2,False,False,,,True,True,True,contacted
100003712,Entreprise 03712 SAS,C,Industrie manufacturière,4,3,5,False,False,,,True,False,True,sourced
100003713,Entreprise 03713 SAS,Q,Santé humaine et action sociale,1,1,2,False,False,,,False,False,False,sourced
100003714,Entreprise 03714 SAS,G,"Commerce, réparation auto",4,3,5,False,False,,,True,True,False,qualified
100003715,Entreprise 03715 SAS,S,Autres services,15,10,19,False,False,,,False,True,True,sourced
100003716,Entreprise 03716 SAS,N,Services administratifs et soutien,3,3,5,False,False,,,False,True,False,sourced
100003717,Entreprise 03717 SAS,Q,Santé humaine et action sociale,2,1,2,False,False,,,True,False,True,sourced
100003718,Entreprise 03718 SAS,N,Services administratifs et soutien,1,1,2,False,False,,,False,False,False,sourced
100003719,Entreprise 03719 SAS,M,Activités spé. scientifiques/techniques,2,1,2,False,False,,,True,False,True,sourced
100003720,Entreprise 03720 SAS,M,Activités spé. scientifiques/techniques,71,50,99,False,False,,,True,True,True,sourced
100003721,Entreprise 03721 SAS,J,Information et communication,5,3,5,False,False,,,False,True,False,sourced
100003722,Entreprise 03722 SAS,F,Construction,1613,1000,1999,True,True,False,,False,True,True,sourced
100003723,Entreprise 03723 SAS,G,"Commerce, réparation auto",197,100,199,False,False,,,True,True,False,sourced
100003724,Entreprise 03724 SAS,G,"Commerce, réparation auto",8,6,9,False,False,,,False,True,True,contacted
100003725,Entreprise 03725 SAS,G,"Commerce, réparation auto",363,250,499,False,False,,,False,True,False,sourced
100003726,Entreprise 03726 SAS,C,Industrie manufacturière,32,20,49,False,False,,,True,False,True,sourced
100003727,Entreprise 03727 SAS,G,"Commerce, réparation auto",559,500,999,True,True,True,True,True,False,True,sourced
100003728,Entreprise 03728 SAS,M,Activités spé. scientifiques/techniques,681,500,999,True,True,True,False,True,False,False,sourced
100003729,Entreprise 03729 SAS,S,Autres services,585,500,999,True,False,,,False,False,True,sourced
100003730,Entreprise 03730 SAS,G,"Commerce, réparation auto",3,3,5,False,False,,,False,False,True,sourced
100003731,Entreprise 03731 SAS,F,Construction,11,10,19,False,False,,,True,True,False,sourced
100003732,Entreprise 03732 SAS,F,Construction,647,500,999,True,True,True,False,False,True,True,sourced
100003733,Entreprise 03733 SAS,H,Transports et entreposage,7,6,9,False,False,,,True,False,True,sourced
100003734,Entreprise 03734 SAS,S,Autres services,8,6,9,False,False,,,False,False,True,qualified
100003735,Entreprise 03735 SAS,C,Industrie manufacturière,45,20,49,False,False,,,False,False,True,sourced
100003736,Entreprise 03736 SAS,G,"Commerce, réparation auto",962,500,999,True,True,True,True,False,True,True,sourced
100003737,Entreprise 03737 SAS,Q,Santé humaine et action sociale,3,3,5,False,False,,,False,True,True,contacted
100003738,Entreprise 03738 SAS,M,Activités spé. scientifiques/techniques,2,1,2,False,False,,,False,True,True,sourced
100003739,Entreprise 03739 SAS,F,Construction,97,50,99,False,False,,,True,False,True,sourced
100003740,Entreprise 03740 SAS,G,"Commerce, réparation auto",7,6,9,False,False,,,False,True,True,sourced
100003741,Entreprise 03741 SAS,I,Hébergement et restauration,21,20,49,False,False,,,False,True,False,sourced
100003742,Entreprise 03742 SAS,S,Autres services,7,6,9,False,False,,,False,True,True,sourced
100003743,Entreprise 03743 SAS,G,"Commerce, réparation auto",362,250,499,False,False,,,False,False,True,sourced
100003744,Entreprise 03744 SAS,G,"Commerce, réparation auto",16,10,19,False,False,,,False,True,False,sourced
100003745,Entreprise 03745 SAS,G,"Commerce, réparation auto",28,20,49,False,False,,,True,True,True,sourced
100003746,Entreprise 03746 SAS,F,Construction,149,100,199,False,False,,,True,False,True,sourced
100003747,Entreprise 03747 SAS,M,Activités spé. scientifiques/techniques,7,6,9,False,False,,,False,False,True,rejected
100003748,Entreprise 03748 SAS,F,Construction,580,500,999,True,True,True,True,False,False,True,rejected
100003749,Entreprise 03749 SAS,C,Industrie manufacturière,2167,2000,4999,True,True,False,,True,False,True,sourced
100003750,Entreprise 03750 SAS,S,Autres services,5,3,5,False,False,,,True,False,False,sourced
100003751,Entreprise 03751 SAS,M,Activités spé. scientifiques/techniques,47,20,49,False,False,,,True,True,False,contacted
100003752,Entreprise 03752 SAS,K,Activités financières et assurance,53,50,99,False,False,,,False,True,True,sourced
100003753,Entreprise 03753 SAS,M,Activités spé. scientifiques/techniques,18,10,19,False,False,,,False,True,True,sourced
100003754,Entreprise 03754 SAS,S,Autres services,3,3,5,False,False,,,False,False,True,sourced
100003755,Entreprise 03755 SAS,J,Information et communication,153,100,199,False,False,,,False,False,True,sourced
100003756,Entreprise 03756 SAS,M,Activités spé. scientifiques/techniques,1,1,2,False,False,,,True,True,False,qualified
100003757,Entreprise 03757 SAS,H,Transports et entreposage,830,500,999,True,True,False,,False,False,True,sourced
100003758,Entreprise 03758 SAS,H,Transports et entreposage,4,3,5,False,False,,,False,False,True,sourced
100003759,Entreprise 03759 SAS,C,Industrie manufacturière,287,250,499,False,False,,,False,True,True,sourced
100003760,Entreprise 03760 SAS,G,"Commerce, réparation auto",470,250,499,False,False,,,False,True,True,sourced
100003761,Entreprise 03761 SAS,F,Construction,1,1,2,False,False,,,False,True,True,sourced
100003762,Entreprise 03762 SAS,M,Activités spé. scientifiques/techniques,7,6,9,False,False,,,False,False,True,sourced
100003763,Entreprise 03763 SAS,F,Construction,18,10,19,False,False,,,False,True,False,sourced
100003764,Entreprise 03764 SAS,G,"Commerce, réparation auto",5,3,5,False,False,,,True,True,True,sourced
100003765,Entreprise 03765 SAS,I,Hébergement et restauration,484,250,499,False,False,,,True,True,True,sourced
100003766,Entreprise 03766 SAS,F,Construction,997,500,999,True,False,,,False,True,True,sourced
100003767,Entreprise 03767 SAS,C,Industrie manufacturière,686,500,999,True,True,True,True,True,True,False,sourced
100003768,Entreprise 03768 SAS,N,Services administratifs et soutien,196,100,199,False,False,,,False,True,True,sourced
100003769,Entreprise 03769 SAS,G,"Commerce, réparation auto",8,6,9,False,False,,,False,True,True,sourced
100003770,Entreprise 03770 SAS,M,Activités spé. scientifiques/techniques,13,10,19,False,False,,,False,True,True,qualified
100003771,Entreprise 03771 SAS,M,Activités spé. scientifiques/techniques,13,10,19,False,False,,,False,False,True,sourced
100003772,Entreprise 03772 SAS,G,"Commerce, réparation auto",552,500,999,True,False,,,True,False,True,sourced
100003773,Entreprise 03773 SAS,I,Hébergement et restauration,29,20,49,False,False,,,True,True,False,sourced
100003774,Entreprise 03774 SAS,I,Hébergement et restauration,523,500,999,True,True,False,,False,False,True,contacted
100003775,Entreprise 03775 SAS,C,Industrie manufacturière,3,3,5,False,False,,,False,True,True,qualified
100003776,Entreprise 03776 SAS,M,Activités spé. scientifiques/techniques,29,20,49,False,False,,,True,True,True,sourced
100003777,Entreprise 03777 SAS,S,Autres services,14,10,19,False,False,,,False,True,True,sourced
100003778,Entreprise 03778 SAS,M,Activités spé. scientifiques/techniques,26,20,49,False,False,,,True,True,False,sourced
100003779,Entreprise 03779 SAS,S,Autres services,1,1,2,False,False,,,False,False,True,sourced
100003780,Entreprise 03780 SAS,N,Services administratifs et soutien,364,250,499,False,False,,,False,False,False,qualified
100003781,Entreprise 03781 SAS,Q,Santé humaine et action sociale,1,1,2,False,False,,,False,True,False,qualified
100003782,Entreprise 03782 SAS,I,Hébergement et restauration,1,1,2,False,False,,,False,False,True,sourced
100003783,Entreprise 03783 SAS,M,Activités spé. scientifiques/techniques,6,6,9,False,False,,,False,False,True,sourced
100003784,Entreprise 03784 SAS,C,Industrie manufacturière,3,3,5,False,False,,,False,True,True,qualified
100003785,Entreprise 03785 SAS,M,Activités spé. scientifiques/techniques,3,3,5,False,False,,,False,False,True,qualified
100003786,Entreprise 03786 SAS,M,Activités spé. scientifiques/techniques,153,100,199,False,False,,,False,True,True,sourced
100003787,Entreprise 03787 SAS,M,Activités spé. scientifiques/techniques,329,250,499,False,False,,,False,True,True,qualified
100003788,Entreprise 03788 SAS,K,Activités financières et assurance,14,10,19,False,False,,,True,True,True,sourced
100003789,Entreprise 03789 SAS,I,Hébergement et restauration,847,500,999,True,True,True,False,False,True,False,sourced
100003790,Entreprise 03790 SAS,J,Information et communication,445,250,499,False,False,,,True,True,True,qualified
100003791,Entreprise 03791 SAS,G,"Commerce, réparation auto",1657,1000,1999,True,False,,,False,True,True,qualified
100003792,Entreprise 03792 SAS,M,Activités spé. scientifiques/techniques,389,250,499,False,False,,,True,True,True,sourced
100003793,Entreprise 03793 SAS,F,Construction,3,3,5,False,False,,,True,False,False,contacted
100003794,Entreprise 03794 SAS,H,Transports et entreposage,26,20,49,False,False,,,False,False,True,sourced
100003795,Entreprise 03795 SAS,I,Hébergement et restauration,35,20,49,False,False,,,True,False,True,sourced
100003796,Entreprise 03796 SAS,G,"Commerce, réparation auto",9,6,9,False,False,,,False,True,False,qualified
100003797,Entreprise 03797 SAS,J,Information et communication,1,1,2,False,False,,,False,True,True,contacted
100003798,Entreprise 03798 SAS,N,Services administratifs et soutien,11,10,19,False,False,,,True,True,True,sourced
100003799,Entreprise 03799 SAS,F,Construction,21,20,49,False,False,,,True,True,False,sourced
100003800,Entreprise 03800 SAS,Q,Santé humaine et action sociale,20,20,49,False,False,,,True,False,True,sourced
100003801,Entreprise 03801 SAS,F,Construction,17,10,19,False,False,,,True,True,True,rejected
100003802,Entreprise 03802 SAS,Q,Santé humaine et action sociale,11,10,19,False,False,,,False,False,True,qualified
100003803,Entreprise 03803 SAS,Q,Santé humaine et action sociale,14,10,19,False,False,,,False,True,False,sourced
100003804,Entreprise 03804 SAS,M,Activités spé. scientifiques/techniques,35,20,49,False,False,,,False,False,True,sourced
100003805,Entreprise 03805 SAS,G,"Commerce, réparation auto",3,3,5,False,False,,,False,False,False,sourced
100003806,Entreprise 03806 SAS,H,Transports et entreposage,650,500,999,True,True,True,True,False,True,True,sourced
100003807,Entreprise 03807 SAS,N,Services administratifs et soutien,28,20,49,False,False,,,False,False,False,sourced
100003808,Entreprise 03808 SAS,G,"Commerce, réparation auto",15,10,19,False,False,,,False,False,True,sourced
100003809,Entreprise 03809 SAS,G,"Commerce, réparation auto",12,10,19,False,False,,,False,False,False,sourced
100003810,Entreprise 03810 SAS,J,Information et communication,29,20,49,False,False,,,False,True,True,contacted
100003811,Entreprise 03811 SAS,N,Services administratifs et soutien,3,3,5,False,False,,,False,True,False,sourced
100003812,Entreprise 03812 SAS,Q,Santé humaine et action sociale,1,1,2,False,False,,,True,True,True,sourced
100003813,Entreprise 03813 SAS,F,Construction,623,500,999,True,True,True,False,False,True,False,sourced
100003814,Entreprise 03814 SAS,G,"Commerce, réparation auto",2,1,2,False,False,,,False,False,True,sourced
100003815,Entreprise 03815 SAS,G,"Commerce, réparation auto",7,6,9,False,False,,,True,False,True,sourced
100003816,Entreprise 03816 SAS,G,"Commerce, réparation auto",549,500,999,True,False,,,True,False,True,sourced
100003817,Entreprise 03817 SAS,S,Autres services,1,1,2,False,False,,,False,False,False,sourced
100003818,Entreprise 03818 SAS,K,Activités financières et assurance,7,6,9,False,False,,,False,False,True,sourced
100003819,Entreprise 03819 SAS,J,Information et communication,9,6,9,False,False,,,False,False,True,sourced
100003820,Entreprise 03820 SAS,N,Services administratifs et soutien,12,10,19,False,False,,,False,False,True,sourced
100003821,Entreprise 03821 SAS,G,"Commerce, réparation auto",519,500,999,True,False,,,True,False,False,qualified
100003822,Entreprise 03822 SAS,G,"Commerce, réparation auto",73,50,99,False,False,,,False,True,False,qualified
100003823,Entreprise 03823 SAS,M,Activités spé. scientifiques/techniques,4,3,5,False,False,,,False,False,True,qualified
100003824,Entreprise 03824 SAS,N,Services administratifs et soutien,169,100,199,False,False,,,False,False,True,sourced
100003825,Entreprise 03825 SAS,M,Activités spé. scientifiques/techniques,1200,1000,1999,True,False,,,True,True,False,sourced
100003826,Entreprise 03826 SAS,G,"Commerce, réparation auto",1,1,2,False,False,,,True,False,True,qualified
100003827,Entreprise 03827 SAS,I,Hébergement et restauration,313,250,499,False,False,,,True,False,True,sourced
100003828,Entreprise 03828 SAS,H,Transports et entreposage,21,20,49,False,False,,,False,True,True,sourced
100003829,Entreprise 03829 SAS,J,Information et communication,349,250,499,False,False,,,False,True,False,sourced
100003830,Entreprise 03830 SAS,C,Industrie manufacturière,3,3,5,False,False,,,True,False,False,sourced
100003831,Entreprise 03831 SAS,H,Transports et entreposage,62,50,99,False,False,,,False,True,False,qualified
100003832,Entreprise 03832 SAS,Q,Santé humaine et action sociale,25,20,49,False,False,,,False,False,True,sourced
100003833,Entreprise 03833 SAS,M,Activités spé. scientifiques/techniques,4,3,5,False,False,,,False,True,True,sourced
100003834,Entreprise 03834 SAS,C,Industrie manufacturière,2,1,2,False,False,,,True,True,True,sourced
100003835,Entreprise 03835 SAS,F,Construction,1,1,2,False,False,,,False,False,False,sourced
100003836,Entreprise 03836 SAS,G,"Commerce, réparation auto",3,3,5,False,False,,,False,True,False,rejected
100003837,Entreprise 03837 SAS,Q,Santé humaine et action sociale,1,1,2,False,False,,,True,False,True,qualified
100003838,Entreprise 03838 SAS,G,"Commerce, réparation auto",1,1,2,False,False,,,True,True,True,sourced
100003839,Entreprise 03839 SAS,S,Autres services,85,50,99,False,False,,,False,False,True,sourced
100003840,Entreprise 03840 SAS,F,Construction,1,1,2,False,False,,,False,True,True,rejected
100003841,Entreprise 03841 SAS,I,Hébergement et restauration,33,20,49,False,False,,,True,False,True,sourced
100003842,Entreprise 03842 SAS,F,Construction,17,10,19,False,False,,,False,False,True,contacted
100003843,Entreprise 03843 SAS,F,Construction,14,10,19,False,False,,,False,False,False,sourced
100003844,Entreprise 03844 SAS,N,Services administratifs et soutien,8,6,9,False,False,,,False,False,True,sourced
100003845,Entreprise 03845 SAS,F,Construction,1069,1000,1999,True,True,False,,False,True,True,contacted
100003846,Entreprise 03846 SAS,N,Services administratifs et soutien,9,6,9,False,False,,,False,True,False,sourced
100003847,Entreprise 03847 SAS,M,Activités spé. scientifiques/techniques,1,1,2,False,False,,,True,True,True,sourced
100003848,Entreprise 03848 SAS,F,Construction,179,100,199,False,False,,,False,False,True,qualified
100003849,Entreprise 03849 SAS,C,Industrie manufacturière,6,6,9,False,False,,,False,False,False,sourced
100003850,Entreprise 03850 SAS,G,"Commerce, réparation auto",79,50,99,False,False,,,False,False,False,sourced
100003851,Entreprise 03851 SAS,M,Activités spé. scientifiques/techniques,1257,1000,1999,True,False,,,False,True,True,sourced
100003852,Entreprise 03852 SAS,M,Activités spé. scientifiques/techniques,15,10,19,False,False,,,False,True,True,sourced
100003853,Entreprise 03853 SAS,Q,Santé humaine et action sociale,9,6,9,False,False,,,False,True,True,sourced
100003854,Entreprise 03854 SAS,M,Activités spé. scientifiques/techniques,3,3,5,False,False,,,False,True,False,sourced
100003855,Entreprise 03855 SAS,K,Activités financières et assurance,7,6,9,False,False,,,False,True,True,contacted
100003856,Entreprise 03856 SAS,J,Information et communication,14,10,19,False,False,,,False,False,False,qualified
100003857,Entreprise 03857 SAS,G,"Commerce, réparation auto",3,3,5,False,False,,,False,True,True,sourced
100003858,Entreprise 03858 SAS,C,Industrie manufacturière,757,500,999,True,True,True,True,False,True,True,sourced
100003859,Entreprise 03859 SAS,H,Transports et entreposage,9511,5000,9999,True,True,True,False,False,False,False,sourced
100003860,Entreprise 03860 SAS,S,Autres services,329,250,499,False,False,,,False,True,True,qualified
100003861,Entreprise 03861 SAS,H,Transports et entreposage,35,20,49,False,False,,,False,True,False,contacted
100003862,Entreprise 03862 SAS,Q,Santé humaine et action sociale,35,20,49,False,False,,,True,True,True,sourced
100003863,Entreprise 03863 SAS,C,Industrie manufacturière,428,250,499,False,False,,,False,False,True,rejected
100003864,Entreprise 03864 SAS,G,"Commerce, réparation auto",1181,1000,1999,True,False,,,True,True,True,sourced
100003865,Entreprise 03865 SAS,S,Autres services,42,20,49,False,False,,,True,True,False,qualified
100003866,Entreprise 03866 SAS,G,"Commerce, réparation auto",9,6,9,False,False,,,False,False,True,sourced
100003867,Entreprise 03867 SAS,F,Construction,114,100,199,False,False,,,True,True,False,sourced
100003868,Entreprise 03868 SAS,G,"Commerce, réparation auto",260,250,499,False,False,,,False,False,False,sourced
100003869,Entreprise 03869 SAS,I,Hébergement et restauration,32,20,49,False,False,,,False,False,False,sourced
100003870,Entreprise 03870 SAS,I,Hébergement et restauration,3,3,5,False,False,,,False,True,True,sourced
100003871,Entreprise 03871 SAS,G,"Commerce, réparation auto",8,6,9,False,False,,,False,True,True,sourced
100003872,Entreprise 03872 SAS,H,Transports et entreposage,35,20,49,False,False,,,True,False,False,qualified
100003873,Entreprise 03873 SAS,M,Activités spé. scientifiques/techniques,470,250,499,False,False,,,False,True,False,sourced
100003874,Entreprise 03874 SAS,F,Construction,943,500,999,True,True,False,,False,False,False,sourced
100003875,Entreprise 03875 SAS,I,Hébergement et restauration,15,10,19,False,False,,,False,True,True,sourced
100003876,Entreprise 03876 SAS,C,Industrie manufacturière,342,250,499,False,False,,,False,True,True,sourced
100003877,Entreprise 03877 SAS,G,"Commerce, réparation auto",62,50,99,False,False,,,False,False,True,sourced
100003878,Entreprise 03878 SAS,H,Transports et entreposage,17,10,19,False,False,,,True,False,True,sourced
100003879,Entreprise 03879 SAS,S,Autres services,3,3,5,False,False,,,True,True,False,sourced
100003880,Entreprise 03880 SAS,C,Industrie manufacturière,227,200,249,False,False,,,False,True,True,qualified
100003881,Entreprise 03881 SAS,G,"Commerce, réparation auto",811,500,999,True,False,,,False,False,False,sourced
100003882,Entreprise 03882 SAS,N,Services administratifs et soutien,132,100,199,False,False,,,True,False,True,sourced
100003883,Entreprise 03883 SAS,F,Construction,11,10,19,False,False,,,True,True,False,qualified
100003884,Entreprise 03884 SAS,C,Industrie manufacturière,67,50,99,False,False,,,False,False,False,sourced
100003885,Entreprise 03885 SAS,G,"Commerce, réparation auto",1,1,2,False,False,,,True,True,False,sourced
100003886,Entreprise 03886 SAS,H,Transports et entreposage,2,1,2,False,False,,,False,False,True,sourced
100003887,Entreprise 03887 SAS,C,Industrie manufacturière,12,10,19,False,False,,,False,False,True,contacted
100003888,Entreprise 03888 SAS,S,Autres services,434,250,499,False,False,,,True,True,False,contacted
100003889,Entreprise 03889 SAS,M,Activités spé. scientifiques/techniques,212,200,249,False,False,,,False,False,True,sourced
100003890,Entreprise 03890 SAS,J,Information et communication,308,250,499,False,False,,,False,False,False,contacted
100003891,Entreprise 03891 SAS,C,Industrie manufacturière,2,1,2,False,False,,,True,True,True,contacted
100003892,Entreprise 03892 SAS,S,Autres services,22,20,49,False,False,,,False,False,True,sourced
100003893,Entreprise 03893 SAS,H,Transports et entreposage,1419,1000,1999,True,True,False,,False,True,False,sourced
100003894,Entreprise 03894 SAS,G,"Commerce, réparation auto",27,20,49,False,False,,,False,False,False,sourced
100003895,Entreprise 03895 SAS,S,Autres services,17,10,19,False,False,,,False,True,True,sourced
100003896,Entreprise 03896 SAS,I,Hébergement et restauration,464,250,499,False,False,,,False,True,True,sourced
100003897,Entreprise 03897 SAS,M,Activités spé. scientifiques/techniques,1,1,2,False,False,,,True,True,True,qualified
100003898,Entreprise 03898 SAS,F,Construction,1134,1000,1999,True,True,False,,True,False,True,sourced
100003899,Entreprise 03899 SAS,G,"Commerce, réparation auto",484,250,499,False,False,,,False,False,True,qualified
100003900,Entreprise 03900 SAS,F,Construction,1,1,2,False,False,,,True,True,False,sourced
100003901,Entreprise 03901 SAS,M,Activités spé. scientifiques/techniques,6,6,9,False,False,,,False,False,True,sourced
100003902,Entreprise 03902 SAS,F,Construction,34,20,49,False,False,,,False,True,True,sourced
100003903,Entreprise 03903 SAS,K,Activités financières et assurance,134,100,199,False,False,,,False,False,True,sourced
100003904,Entreprise 03904 SAS,S,Autres services,37,20,49,False,False,,,False,True,False,qualified
100003905,Entreprise 03905 SAS,C,Industrie manufacturière,61,50,99,False,False,,,False,True,False,sourced
100003906,Entreprise 03906 SAS,F,Construction,1065,1000,1999,True,True,True,True,True,True,True,sourced
100003907,Entreprise 03907 SAS,C,Industrie manufacturière,4,3,5,False,False,,,False,False,False,contacted
100003908,Entreprise 03908 SAS,I,Hébergement et restauration,106,100,199,False,False,,,False,False,False,sourced
100003909,Entreprise 03909 SAS,N,Services administratifs et soutien,193,100,199,False,False,,,False,True,True,sourced
100003910,Entreprise 03910 SAS,G,"Commerce, réparation auto",7,6,9,False,False,,,True,True,True,sourced
100003911,Entreprise 03911 SAS,S,Autres services,3,3,5,False,False,,,True,True,False,qualified
100003912,Entreprise 03912 SAS,G,"Commerce, réparation auto",4,3,5,False,False,,,True,True,True,sourced
100003913,Entreprise 03913 SAS,S,Autres services,19,10,19,False,False,,,False,True,False,sourced
100003914,Entreprise 03914 SAS,S,Autres services,9,6,9,False,False,,,False,True,True,sourced
100003915,Entreprise 03915 SAS,M,Activités spé. scientifiques/techniques,10,10,19,False,False,,,False,False,True,qualified
100003916,Entreprise 03916 SAS,S,Autres services,7,6,9,False,False,,,False,False,False,sourced
100003917,Entreprise 03917 SAS,C,Industrie manufacturière,2494,2000,4999,True,False,,,True,True,True,sourced
100003918,Entreprise 03918 SAS,M,Activités spé. scientifiques/techniques,2,1,2,False,False,,,False,True,True,sourced
100003919,Entreprise 03919 SAS,F,Construction,16,10,19,False,False,,,True,True,False,sourced
100003920,Entreprise 03920 SAS,G,"Commerce, réparation auto",45,20,49,False,False,,,True,True,False,sourced
100003921,Entreprise 03921 SAS,M,Activités spé. scientifiques/techniques,26,20,49,False,False,,,False,True,True,sourced
100003922,Entreprise 03922 SAS,M,Activités spé. scientifiques/techniques,1,1,2,False,False,,,False,False,False,sourced
100003923,Entreprise 03923 SAS,J,Information et communication,152,100,199,False,False,,,False,True,False,contacted
100003924,Entreprise 03924 SAS,F,Construction,2,1,2,False,False,,,True,False,False,sourced
100003925,Entreprise 03925 SAS,K,Activités financières et assurance,1,1,2,False,False,,,True,True,False,sourced
100003926,Entreprise 03926 SAS,N,Services administratifs et soutien,1150,1000,1999,True,False,,,False,True,True,sourced
100003927,Entreprise 03927 SAS,F,Construction,1022,1000,1999,True,True,False,,False,False,True,sourced
100003928,Entreprise 03928 SAS,F,Construction,272,250,499,False,False,,,True,True,False,sourced
100003929,Entreprise 03929 SAS,H,Transports et entreposage,19,10,19,False,False,,,True,False,True,sourced
100003930,Entreprise 03930 SAS,N,Services administratifs et soutien,8,6,9,False,False,,,False,False,False,sourced
100003931,Entreprise 03931 SAS,C,Industrie manufacturière,591,500,999,True,False,,,False,True,True,sourced
100003932,Entreprise 03932 SAS,M,Activités spé. scientifiques/techniques,24,20,49,False,False,,,False,False,True,sourced
100003933,Entreprise 03933 SAS,C,Industrie manufacturière,32,20,49,False,False,,,False,True,True,sourced
100003934,Entreprise 03934 SAS,F,Construction,22,20,49,False,False,,,True,True,True,sourced
100003935,Entreprise 03935 SAS,C,Industrie manufacturière,7,6,9,False,False,,,False,True,False,sourced
100003936,Entreprise 03936 SAS,M,Activités spé. scientifiques/techniques,8215,5000,9999,True,True,True,True,True,False,True,qualified
100003937,Entreprise 03937 SAS,F,Construction,2,1,2,False,False,,,False,False,True,qualified
100003938,Entreprise 03938 SAS,H,Transports et entreposage,1579,1000,1999,True,True,True,False,False,True,True,sourced
100003939,Entreprise 03939 SAS,H,Transports et entreposage,618,500,999,True,True,True,True,True,True,True,contacted
100003940,Entreprise 03940 SAS,F,Construction,5,3,5,False,False,,,False,False,True,sourced
100003941,Entreprise 03941 SAS,F,Construction,1,1,2,False,False,,,True,True,True,qualified
100003942,Entreprise 03942 SAS,M,Activités spé. scientifiques/techniques,33,20,49,False,False,,,True,False,False,sourced
100003943,Entreprise 03943 SAS,C,Industrie manufacturière,1,1,2,False,False,,,False,True,False,sourced
100003944,Entreprise 03944 SAS,G,"Commerce, réparation auto",1,1,2,False,False,,,False,False,True,qualified
100003945,Entreprise 03945 SAS,S,Autres services,5,3,5,False,False,,,False,False,False,sourced
100003946,Entreprise 03946 SAS,N,Services administratifs et soutien,1,1,2,False,False,,,False,False,True,sourced
100003947,Entreprise 03947 SAS,G,"Commerce, réparation auto",799,500,999,True,False,,,False,True,True,sourced
100003948,Entreprise 03948 SAS,N,Services administratifs et soutien,70,50,99,False,False,,,False,True,True,qualified
100003949,Entreprise 03949 SAS,N,Services administratifs et soutien,2,1,2,False,False,,,False,False,False,sourced
100003950,Entreprise 03950 SAS,C,Industrie manufacturière,440,250,499,False,False,,,False,True,False,sourced
100003951,Entreprise 03951 SAS,F,Construction,6,6,9,False,False,,,False,False,True,sourced
100003952,Entreprise 03952 SAS,G,"Commerce, réparation auto",170,100,199,False,False,,,True,False,True,sourced
100003953,Entreprise 03953 SAS,G,"Commerce, réparation auto",22,20,49,False,False,,,True,False,True,sourced
100003954,Entreprise 03954 SAS,M,Activités spé. scientifiques/techniques,763,500,999,True,False,,,False,True,True,sourced
100003955,Entreprise 03955 SAS,I,Hébergement et restauration,8,6,9,False,False,,,False,False,False,sourced
100003956,Entreprise 03956 SAS,H,Transports et entreposage,56,50,99,False,False,,,True,False,True,sourced
100003957,Entreprise 03957 SAS,C,Industrie manufacturière,1869,1000,1999,True,False,,,False,False,True,sourced
100003958,Entreprise 03958 SAS,G,"Commerce, réparation auto",181,100,199,False,False,,,False,False,True,sourced
100003959,Entreprise 03959 SAS,I,Hébergement et restauration,34,20,49,False,False,,,False,True,False,qualified
100003960,Entreprise 03960 SAS,S,Autres services,15,10,19,False,False,,,True,True,False,sourced
100003961,Entreprise 03961 SAS,S,Autres services,316,250,499,False,False,,,True,False,False,sourced
100003962,Entreprise 03962 SAS,F,Construction,11,10,19,False,False,,,False,True,False,sourced
100003963,Entreprise 03963 SAS,N,Services administratifs et soutien,5,3,5,False,False,,,False,True,True,sourced
100003964,Entreprise 03964 SAS,S,Autres services,421,250,499,False,False,,,False,True,True,sourced
100003965,Entreprise 03965 SAS,G,"Commerce, réparation auto",4,3,5,False,False,,,True,False,True,sourced
100003966,Entreprise 03966 SAS,M,Activités spé. scientifiques/techniques,3,3,5,False,False,,,False,True,True,sourced
100003967,Entreprise 03967 SAS,G,"Commerce, réparation auto",1,1,2,False,False,,,True,False,True,sourced
100003968,Entreprise 03968 SAS,F,Construction,92,50,99,False,False,,,False,False,False,contacted
100003969,Entreprise 03969 SAS,N,Services administratifs et soutien,9,6,9,False,False,,,False,True,False,sourced
100003970,Entreprise 03970 SAS,G,"Commerce, réparation auto",1430,1000,1999,True,True,True,False,False,True,False,sourced
100003971,Entreprise 03971 SAS,M,Activités spé. scientifiques/techniques,6,6,9,False,False,,,False,True,False,qualified
100003972,Entreprise 03972 SAS,G,"Commerce, réparation auto",169,100,199,False,False,,,False,True,False,sourced
100003973,Entreprise 03973 SAS,S,Autres services,5,3,5,False,False,,,False,True,True,sourced
100003974,Entreprise 03974 SAS,K,Activités financières et assurance,12,10,19,False,False,,,False,True,True,sourced
100003975,Entreprise 03975 SAS,F,Construction,6,6,9,False,False,,,False,False,True,qualified
100003976,Entreprise 03976 SAS,S,Autres services,5,3,5,False,False,,,False,False,False,sourced
100003977,Entreprise 03977 SAS,M,Activités spé. scientifiques/techniques,225,200,249,False,False,,,False,True,True,sourced
100003978,Entreprise 03978 SAS,F,Construction,22,20,49,False,False,,,False,False,True,sourced
100003979,Entreprise 03979 SAS,G,"Commerce, réparation auto",345,250,499,False,False,,,False,True,False,qualified
100003980,Entreprise 03980 SAS,I,Hébergement et restauration,17,10,19,False,False,,,False,False,True,sourced
100003981,Entreprise 03981 SAS,G,"Commerce, réparation auto",20,20,49,False,False,,,True,False,True,sourced
100003982,Entreprise 03982 SAS,F,Construction,7,6,9,False,False,,,False,False,False,sourced
100003983,Entreprise 03983 SAS,G,"Commerce, réparation auto",17,10,19,False,False,,,True,True,False,sourced
100003984,Entreprise 03984 SAS,G,"Commerce, réparation auto",27,20,49,False,False,,,True,True,True,sourced
100003985,Entreprise 03985 SAS,C,Industrie manufacturière,496,250,499,False,False,,,False,True,False,sourced
100003986,Entreprise 03986 SAS,N,Services administratifs et soutien,51,50,99,False,False,,,True,True,False,sourced
100003987,Entreprise 03987 SAS,S,Autres services,1384,1000,1999,True,False,,,True,False,True,sourced
100003988,Entreprise 03988 SAS,M,Activités spé. scientifiques/techniques,1,1,2,False,False,,,False,True,True,qualified
100003989,Entreprise 03989 SAS,N,Services administratifs et soutien,49,20,49,False,False,,,False,True,True,sourced
100003990,Entreprise 03990 SAS,Q,Santé humaine et action sociale,1074,1000,1999,True,True,True,True,False,True,True,sourced
100003991,Entreprise 03991 SAS,G,"Commerce, réparation auto",33,20,49,False,False,,,False,True,False,sourced
100003992,Entreprise 03992 SAS,G,"Commerce, réparation auto",3,3,5,False,False,,,False,True,True,sourced
100003993,Entreprise 03993 SAS,K,Activités financières et assurance,6,6,9,False,False,,,False,False,False,qualified
100003994,Entreprise 03994 SAS,H,Transports et entreposage,1,1,2,False,False,,,False,True,True,sourced
100003995,Entreprise 03995 SAS,F,Construction,1346,1000,1999,True,True,True,False,True,False,True,sourced
100003996,Entreprise 03996 SAS,M,Activités spé. scientifiques/techniques,46,20,49,False,False,,,False,True,False,contacted
100003997,Entreprise 03997 SAS,Q,Santé humaine et action sociale,11,10,19,False,False,,,False,False,False,sourced
100003998,Entreprise 03998 SAS,G,"Commerce, réparation auto",16,10,19,False,False,,,False,True,True,sourced
100003999,Entreprise 03999 SAS,S,Autres services,6,6,9,False,False,,,True,False,True,sourced
100004000,Entreprise 04000 SAS,F,Construction,4,3,5,False,False,,,True,True,False,contacted
100004001,Entreprise 04001 SAS,F,Construction,40,20,49,False,False,,,True,True,True,sourced
100004002,Entreprise 04002 SAS,G,"Commerce, réparation auto",91,50,99,False,False,,,True,False,False,contacted
100004003,Entreprise 04003 SAS,F,Construction,113,100,199,False,False,,,False,True,True,qualified
100004004,Entreprise 04004 SAS,F,Construction,26,20,49,False,False,,,False,True,True,sourced
100004005,Entreprise 04005 SAS,F,Construction,158,100,199,False,False,,,False,False,True,sourced
100004006,Entreprise 04006 SAS,N,Services administratifs et soutien,3,3,5,False,False,,,False,False,False,sourced
100004007,Entreprise 04007 SAS,J,Information et communication,16,10,19,False,False,,,False,False,True,sourced
100004008,Entreprise 04008 SAS,I,Hébergement et restauration,2,1,2,False,False,,,False,True,True,sourced
100004009,Entreprise 04009 SAS,M,Activités spé. scientifiques/techniques,1824,1000,1999,True,True,False,,False,False,True,sourced
100004010,Entreprise 04010 SAS,C,Industrie manufacturière,676,500,999,True,True,True,False,False,True,False,sourced
100004011,Entreprise 04011 SAS,I,Hébergement et restauration,896,500,999,True,False,,,True,True,True,contacted
100004012,Entreprise 04012 SAS,M,Activités spé. scientifiques/techniques,227,200,249,False,False,,,False,False,True,sourced
100004013,Entreprise 04013 SAS,S,Autres services,27,20,49,False,False,,,False,True,False,sourced
100004014,Entreprise 04014 SAS,K,Activités financières et assurance,3,3,5,False,False,,,False,False,True,rejected
100004015,Entreprise 04015 SAS,G,"Commerce, réparation auto",1,1,2,False,False,,,False,True,True,sourced
100004016,Entreprise 04016 SAS,M,Activités spé. scientifiques/techniques,23,20,49,False,False,,,False,False,True,sourced
100004017,Entreprise 04017 SAS,G,"Commerce, réparation auto",693,500,999,True,False,,,False,False,True,sourced
100004018,Entreprise 04018 SAS,G,"Commerce, réparation auto",150,100,199,False,False,,,True,False,False,sourced
100004019,Entreprise 04019 SAS,K,Activités financières et assurance,346,250,499,False,False,,,False,True,True,sourced
100004020,Entreprise 04020 SAS,C,Industrie manufacturière,2182,2000,4999,True,True,False,,False,False,False,sourced
100004021,Entreprise 04021 SAS,F,Construction,8,6,9,False,False,,,False,True,True,sourced
100004022,Entreprise 04022 SAS,M,Activités spé. scientifiques/techniques,85,50,99,False,False,,,False,True,True,sourced
100004023,Entreprise 04023 SAS,G,"Commerce, réparation auto",8,6,9,False,False,,,False,False,True,sourced
100004024,Entreprise 04024 SAS,G,"Commerce, réparation auto",60,50,99,False,False,,,True,True,True,sourced
100004025,Entreprise 04025 SAS,J,Information et communication,35,20,49,False,False,,,False,False,True,sourced
100004026,Entreprise 04026 SAS,G,"Commerce, réparation auto",6,6,9,False,False,,,False,True,False,contacted
100004027,Entreprise 04027 SAS,M,Activités spé. scientifiques/techniques,4,3,5,False,False,,,False,False,True,sourced
100004028,Entreprise 04028 SAS,G,"Commerce, réparation auto",26,20,49,False,False,,,False,False,True,sourced
100004029,Entreprise 04029 SAS,G,"Commerce, réparation auto",5,3,5,False,False,,,False,True,False,contacted
100004030,Entreprise 04030 SAS,N,Services administratifs et soutien,4,3,5,False,False,,,True,True,False,sourced
100004031,Entreprise 04031 SAS,C,Industrie manufacturière,639,500,999,True,True,False,,True,True,True,sourced
100004032,Entreprise 04032 SAS,G,"Commerce, réparation auto",399,250,499,False,False,,,False,False,True,sourced
100004033,Entreprise 04033 SAS,C,Industrie manufacturière,2503,2000,4999,True,True,True,True,False,False,False,contacted
100004034,Entreprise 04034 SAS,I,Hébergement et restauration,40,20,49,False,False,,,False,True,True,sourced
100004035,Entreprise 04035 SAS,F,Construction,6,6,9,False,False,,,False,False,True,sourced
100004036,Entreprise 04036 SAS,M,Activités spé. scientifiques/techniques,67,50,99,False,False,,,False,False,True,sourced
100004037,Entreprise 04037 SAS,I,Hébergement et restauration,22,20,49,False,False,,,True,True,True,sourced
100004038,Entreprise 04038 SAS,N,Services administratifs et soutien,19,10,19,False,False,,,True,True,False,sourced
100004039,Entreprise 04039 SAS,C,Industrie manufacturière,3,3,5,False,False,,,False,False,False,sourced
100004040,Entreprise 04040 SAS,G,"Commerce, réparation auto",24,20,49,False,False,,,True,True,False,sourced
100004041,Entreprise 04041 SAS,H,Transports et entreposage,14,10,19,False,False,,,False,False,True,sourced
100004042,Entreprise 04042 SAS,Q,Santé humaine et action sociale,451,250,499,False,False,,,False,False,False,contacted
100004043,Entreprise 04043 SAS,G,"Commerce, réparation auto",15,10,19,False,False,,,False,True,True,sourced
100004044,Entreprise 04044 SAS,F,Construction,42,20,49,False,False,,,False,True,False,sourced
100004045,Entreprise 04045 SAS,S,Autres services,17,10,19,False,False,,,True,True,True,sourced
100004046,Entreprise 04046 SAS,N,Services administratifs et soutien,2,1,2,False,False,,,False,True,False,sourced
100004047,Entreprise 04047 SAS,G,"Commerce, réparation auto",106,100,199,False,False,,,True,False,False,sourced
100004048,Entreprise 04048 SAS,N,Services administratifs et soutien,100,100,199,False,False,,,False,True,True,sourced
100004049,Entreprise 04049 SAS,H,Transports et entreposage,2720,2000,4999,True,True,False,,True,True,True,sourced
100004050,Entreprise 04050 SAS,H,Transports et entreposage,62,50,99,False,False,,,True,True,True,sourced
100004051,Entreprise 04051 SAS,C,Industrie manufacturière,2,1,2,False,False,,,False,True,True,sourced
100004052,Entreprise 04052 SAS,K,Activités financières et assurance,65,50,99,False,False,,,False,True,True,sourced
100004053,Entreprise 04053 SAS,Q,Santé humaine et action sociale,1188,1000,1999,True,True,True,True,False,True,False,rejected
100004054,Entreprise 04054 SAS,C,Industrie manufacturière,454,250,499,False,False,,,True,False,True,sourced
100004055,Entreprise 04055 SAS,J,Information et communication,1,1,2,False,False,,,True,False,True,sourced
100004056,Entreprise 04056 SAS,F,Construction,12,10,19,False,False,,,False,True,True,sourced
100004057,Entreprise 04057 SAS,C,Industrie manufacturière,1401,1000,1999,True,True,False,,False,True,True,qualified
100004058,Entreprise 04058 SAS,J,Information et communication,2,1,2,False,False,,,True,True,True,sourced
100004059,Entreprise 04059 SAS,M,Activités spé. scientifiques/techniques,5,3,5,False,False,,,True,False,True,sourced
100004060,Entreprise 04060 SAS,F,Construction,373,250,499,False,False,,,False,False,True,sourced
100004061,Entreprise 04061 SAS,M,Activités spé. scientifiques/techniques,1,1,2,False,False,,,False,True,True,rejected
100004062,Entreprise 04062 SAS,N,Services administratifs et soutien,2,1,2,False,False,,,False,True,True,qualified
100004063,Entreprise 04063 SAS,F,Construction,37,20,49,False,False,,,False,True,True,sourced
100004064,Entreprise 04064 SAS,F,Construction,1814,1000,1999,True,True,True,True,True,False,True,sourced
100004065,Entreprise 04065 SAS,N,Services administratifs et soutien,10,10,19,False,False,,,True,True,False,sourced
100004066,Entreprise 04066 SAS,C,Industrie manufacturière,19,10,19,False,False,,,False,False,False,sourced
100004067,Entreprise 04067 SAS,C,Industrie manufacturière,1403,1000,1999,True,True,True,False,False,True,False,rejected
100004068,Entreprise 04068 SAS,H,Transports et entreposage,74,50,99,False,False,,,True,True,False,qualified
100004069,Entreprise 04069 SAS,J,Information et communication,1,1,2,False,False,,,True,False,False,sourced
100004070,Entreprise 04070 SAS,G,"Commerce, réparation auto",6,6,9,False,False,,,False,True,True,sourced
100004071,Entreprise 04071 SAS,I,Hébergement et restauration,14,10,19,False,False,,,False,False,True,sourced
100004072,Entreprise 04072 SAS,M,Activités spé. scientifiques/techniques,1183,1000,1999,True,True,True,True,False,False,True,sourced
100004073,Entreprise 04073 SAS,C,Industrie manufacturière,60,50,99,False,False,,,False,True,False,sourced
100004074,Entreprise 04074 SAS,F,Construction,3,3,5,False,False,,,False,True,True,sourced
100004075,Entreprise 04075 SAS,M,Activités spé. scientifiques/techniques,53,50,99,False,False,,,False,True,True,qualified
100004076,Entreprise 04076 SAS,Q,Santé humaine et action sociale,7,6,9,False,False,,,False,False,True,qualified
100004077,Entreprise 04077 SAS,N,Services administratifs et soutien,32,20,49,False,False,,,True,True,True,sourced
100004078,Entreprise 04078 SAS,C,Industrie manufacturière,5,3,5,False,False,,,True,True,True,sourced
100004079,Entreprise 04079 SAS,G,"Commerce, réparation auto",47,20,49,False,False,,,True,False,False,sourced
100004080,Entreprise 04080 SAS,J,Information et communication,5,3,5,False,False,,,False,True,False,sourced
100004081,Entreprise 04081 SAS,G,"Commerce, réparation auto",3,3,5,False,False,,,False,True,True,sourced
100004082,Entreprise 04082 SAS,G,"Commerce, réparation auto",39,20,49,False,False,,,True,False,False,sourced
100004083,Entreprise 04083 SAS,C,Industrie manufacturière,3,3,5,False,False,,,False,True,False,sourced
100004084,Entreprise 04084 SAS,M,Activités spé. scientifiques/techniques,13,10,19,False,False,,,False,True,True,sourced
100004085,Entreprise 04085 SAS,Q,Santé humaine et action sociale,1108,1000,1999,True,True,True,False,True,False,True,sourced
100004086,Entreprise 04086 SAS,Q,Santé humaine et action sociale,534,500,999,True,False,,,True,True,True,sourced
100004087,Entreprise 04087 SAS,C,Industrie manufacturière,15,10,19,False,False,,,True,False,True,qualified
100004088,Entreprise 04088 SAS,M,Activités spé. scientifiques/techniques,53,50,99,False,False,,,False,False,True,sourced
100004089,Entreprise 04089 SAS,K,Activités financières et assurance,9,6,9,False,False,,,False,True,True,contacted
100004090,Entreprise 04090 SAS,Q,Santé humaine et action sociale,1196,1000,1999,True,False,,,False,False,True,contacted
100004091,Entreprise 04091 SAS,S,Autres services,9,6,9,False,False,,,False,False,True,sourced
100004092,Entreprise 04092 SAS,H,Transports et entreposage,7,6,9,False,False,,,False,True,True,qualified
100004093,Entreprise 04093 SAS,F,Construction,845,500,999,True,False,,,False,True,True,contacted
100004094,Entreprise 04094 SAS,C,Industrie manufacturière,2702,2000,4999,True,True,True,True,True,True,True,qualified
100004095,Entreprise 04095 SAS,F,Construction,1,1,2,False,False,,,True,False,True,sourced
100004096,Entreprise 04096 SAS,M,Activités spé. scientifiques/techniques,2,1,2,False,False,,,False,False,True,sourced
100004097,Entreprise 04097 SAS,F,Construction,11,10,19,False,False,,,True,False,True,sourced
100004098,Entreprise 04098 SAS,J,Information et communication,18,10,19,False,False,,,True,False,True,sourced
100004099,Entreprise 04099 SAS,F,Construction,1,1,2,False,False,,,False,True,True,sourced
100004100,Entreprise 04100 SAS,S,Autres services,8,6,9,False,False,,,False,False,True,sourced
100004101,Entreprise 04101 SAS,G,"Commerce, réparation auto",50,50,99,False,False,,,False,True,True,contacted
100004102,Entreprise 04102 SAS,F,Construction,2,1,2,False,False,,,False,False,False,sourced
100004103,Entreprise 04103 SAS,G,"Commerce, réparation auto",97,50,99,False,False,,,False,False,True,sourced
100004104,Entreprise 04104 SAS,F,Construction,577,500,999,True,True,True,False,False,True,True,sourced
100004105,Entreprise 04105 SAS,M,Activités spé. scientifiques/techniques,17,10,19,False,False,,,False,True,True,sourced
100004106,Entreprise 04106 SAS,G,"Commerce, réparation auto",5,3,5,False,False,,,False,True,True,sourced
100004107,Entreprise 04107 SAS,C,Industrie manufacturière,14,10,19,False,False,,,True,False,True,sourced
100004108,Entreprise 04108 SAS,I,Hébergement et restauration,12,10,19,False,False,,,False,True,True,sourced
100004109,Entreprise 04109 SAS,Q,Santé humaine et action sociale,234,200,249,False,False,,,True,True,True,rejected
100004110,Entreprise 04110 SAS,S,Autres services,4,3,5,False,False,,,False,True,True,sourced
100004111,Entreprise 04111 SAS,F,Construction,136,100,199,False,False,,,True,True,True,sourced
100004112,Entreprise 04112 SAS,F,Construction,2,1,2,False,False,,,False,True,False,sourced
100004113,Entreprise 04113 SAS,J,Information et communication,1,1,2,False,False,,,False,True,False,sourced
100004114,Entreprise 04114 SAS,G,"Commerce, réparation auto",1,1,2,False,False,,,True,True,False,sourced
100004115,Entreprise 04115 SAS,I,Hébergement et restauration,324,250,499,False,False,,,True,False,True,sourced
100004116,Entreprise 04116 SAS,S,Autres services,3,3,5,False,False,,,True,True,True,qualified
100004117,Entreprise 04117 SAS,H,Transports et entreposage,39,20,49,False,False,,,False,False,True,contacted
100004118,Entreprise 04118 SAS,N,Services administratifs et soutien,56,50,99,False,False,,,False,False,True,sourced
100004119,Entreprise 04119 SAS,J,Information et communication,4,3,5,False,False,,,True,False,False,sourced
100004120,Entreprise 04120 SAS,G,"Commerce, réparation auto",26,20,49,False,False,,,False,False,False,sourced
100004121,Entreprise 04121 SAS,I,Hébergement et restauration,58,50,99,False,False,,,False,False,True,contacted
100004122,Entreprise 04122 SAS,C,Industrie manufacturière,1,1,2,False,False,,,False,False,True,sourced
100004123,Entreprise 04123 SAS,F,Construction,2,1,2,False,False,,,False,False,False,sourced
100004124,Entreprise 04124 SAS,N,Services administratifs et soutien,2,1,2,False,False,,,False,False,False,sourced
100004125,Entreprise 04125 SAS,H,Transports et entreposage,23,20,49,False,False,,,True,False,True,sourced
100004126,Entreprise 04126 SAS,C,Industrie manufacturière,1534,1000,1999,True,True,True,False,False,False,False,sourced
100004127,Entreprise 04127 SAS,I,Hébergement et restauration,16,10,19,False,False,,,True,False,False,sourced
100004128,Entreprise 04128 SAS,G,"Commerce, réparation auto",51,50,99,False,False,,,False,True,False,sourced
100004129,Entreprise 04129 SAS,N,Services administratifs et soutien,143,100,199,False,False,,,True,False,False,sourced
100004130,Entreprise 04130 SAS,I,Hébergement et restauration,7,6,9,False,False,,,False,True,True,sourced
100004131,Entreprise 04131 SAS,G,"Commerce, réparation auto",3,3,5,False,False,,,False,True,False,sourced
100004132,Entreprise 04132 SAS,F,Construction,1,1,2,False,False,,,False,False,True,sourced
100004133,Entreprise 04133 SAS,F,Construction,10,10,19,False,False,,,False,True,False,sourced
100004134,Entreprise 04134 SAS,C,Industrie manufacturière,109,100,199,False,False,,,False,True,False,sourced
100004135,Entreprise 04135 SAS,M,Activités spé. scientifiques/techniques,25,20,49,False,False,,,False,True,True,qualified
100004136,Entreprise 04136 SAS,S,Autres services,7,6,9,False,False,,,True,True,False,contacted
100004137,Entreprise 04137 SAS,I,Hébergement et restauration,22,20,49,False,False,,,True,False,False,sourced
100004138,Entreprise 04138 SAS,G,"Commerce, réparation auto",25,20,49,False,False,,,False,True,False,sourced
100004139,Entreprise 04139 SAS,M,Activités spé. scientifiques/techniques,15,10,19,False,False,,,True,False,True,sourced
100004140,Entreprise 04140 SAS,G,"Commerce, réparation auto",8,6,9,False,False,,,False,False,True,sourced
100004141,Entreprise 04141 SAS,M,Activités spé. scientifiques/techniques,1608,1000,1999,True,False,,,False,True,True,sourced
100004142,Entreprise 04142 SAS,M,Activités spé. scientifiques/techniques,1066,1000,1999,True,False,,,False,False,True,contacted
100004143,Entreprise 04143 SAS,K,Activités financières et assurance,1,1,2,False,False,,,False,True,True,sourced
100004144,Entreprise 04144 SAS,S,Autres services,260,250,499,False,False,,,False,True,False,sourced
100004145,Entreprise 04145 SAS,C,Industrie manufacturière,1,1,2,False,False,,,False,True,True,sourced
100004146,Entreprise 04146 SAS,F,Construction,4,3,5,False,False,,,False,False,True,sourced
100004147,Entreprise 04147 SAS,F,Construction,13,10,19,False,False,,,True,False,True,sourced
100004148,Entreprise 04148 SAS,F,Construction,41,20,49,False,False,,,False,True,True,contacted
100004149,Entreprise 04149 SAS,H,Transports et entreposage,19,10,19,False,False,,,False,False,False,qualified
100004150,Entreprise 04150 SAS,C,Industrie manufacturière,604,500,999,True,False,,,False,False,True,sourced
100004151,Entreprise 04151 SAS,C,Industrie manufacturière,96,50,99,False,False,,,True,True,True,qualified
100004152,Entreprise 04152 SAS,M,Activités spé. scientifiques/techniques,3,3,5,False,False,,,False,True,True,sourced
100004153,Entreprise 04153 SAS,F,Construction,1005,1000,1999,True,True,True,True,False,True,True,sourced
100004154,Entreprise 04154 SAS,N,Services administratifs et soutien,1,1,2,False,False,,,False,True,True,sourced
100004155,Entreprise 04155 SAS,S,Autres services,417,250,499,False,False,,,True,False,True,sourced
100004156,Entreprise 04156 SAS,G,"Commerce, réparation auto",1,1,2,False,False,,,False,False,True,sourced
100004157,Entreprise 04157 SAS,G,"Commerce, réparation auto",4,3,5,False,False,,,False,True,True,sourced
100004158,Entreprise 04158 SAS,C,Industrie manufacturière,1100,1000,1999,True,True,True,True,False,False,True,sourced
100004159,Entreprise 04159 SAS,G,"Commerce, réparation auto",5370,5000,9999,True,True,True,True,False,False,True,sourced
100004160,Entreprise 04160 SAS,M,Activités spé. scientifiques/techniques,148,100,199,False,False,,,False,True,True,sourced
100004161,Entreprise 04161 SAS,I,Hébergement et restauration,6,6,9,False,False,,,True,False,False,sourced
100004162,Entreprise 04162 SAS,M,Activités spé. scientifiques/techniques,8,6,9,False,False,,,True,False,False,sourced
100004163,Entreprise 04163 SAS,Q,Santé humaine et action sociale,5,3,5,False,False,,,False,False,False,contacted
100004164,Entreprise 04164 SAS,G,"Commerce, réparation auto",437,250,499,False,False,,,False,True,True,sourced
100004165,Entreprise 04165 SAS,G,"Commerce, réparation auto",312,250,499,False,False,,,True,True,False,qualified
100004166,Entreprise 04166 SAS,M,Activités spé. scientifiques/techniques,1,1,2,False,False,,,False,True,True,qualified
100004167,Entreprise 04167 SAS,I,Hébergement et restauration,22,20,49,False,False,,,False,True,False,sourced
100004168,Entreprise 04168 SAS,Q,Santé humaine et action sociale,11,10,19,False,False,,,False,True,True,sourced
100004169,Entreprise 04169 SAS,N,Services administratifs et soutien,2,1,2,False,False,,,False,False,True,sourced
100004170,Entreprise 04170 SAS,Q,Santé humaine et action sociale,21,20,49,False,False,,,True,True,False,sourced
100004171,Entreprise 04171 SAS,G,"Commerce, réparation auto",37,20,49,False,False,,,False,False,False,sourced
100004172,Entreprise 04172 SAS,N,Services administratifs et soutien,46,20,49,False,False,,,False,True,True,sourced
100004173,Entreprise 04173 SAS,G,"Commerce, réparation auto",537,500,999,True,False,,,False,True,False,sourced
100004174,Entreprise 04174 SAS,S,Autres services,3,3,5,False,False,,,False,True,False,sourced
100004175,Entreprise 04175 SAS,I,Hébergement et restauration,21,20,49,False,False,,,False,False,False,qualified
100004176,Entreprise 04176 SAS,K,Activités financières et assurance,608,500,999,True,True,False,,False,True,False,sourced
100004177,Entreprise 04177 SAS,M,Activités spé. scientifiques/techniques,123,100,199,False,False,,,True,True,False,qualified
100004178,Entreprise 04178 SAS,I,Hébergement et restauration,4,3,5,False,False,,,True,True,True,sourced
100004179,Entreprise 04179 SAS,M,Activités spé. scientifiques/techniques,113,100,199,False,False,,,False,False,False,sourced
100004180,Entreprise 04180 SAS,K,Activités financières et assurance,1482,1000,1999,True,False,,,False,False,True,sourced
100004181,Entreprise 04181 SAS,F,Construction,13,10,19,False,False,,,True,False,True,rejected
100004182,Entreprise 04182 SAS,G,"Commerce, réparation auto",308,250,499,False,False,,,True,False,True,sourced
100004183,Entreprise 04183 SAS,G,"Commerce, réparation auto",1,1,2,False,False,,,False,True,True,contacted
100004184,Entreprise 04184 SAS,G,"Commerce, réparation auto",21,20,49,False,False,,,True,False,True,sourced
100004185,Entreprise 04185 SAS,I,Hébergement et restauration,266,250,499,False,False,,,True,True,True,sourced
100004186,Entreprise 04186 SAS,G,"Commerce, réparation auto",73,50,99,False,False,,,False,True,True,sourced
100004187,Entreprise 04187 SAS,M,Activités spé. scientifiques/techniques,709,500,999,True,False,,,False,True,True,sourced
100004188,Entreprise 04188 SAS,K,Activités financières et assurance,77,50,99,False,False,,,True,True,True,sourced
100004189,Entreprise 04189 SAS,G,"Commerce, réparation auto",87,50,99,False,False,,,True,False,True,qualified
100004190,Entreprise 04190 SAS,F,Construction,91,50,99,False,False,,,False,False,True,sourced
100004191,Entreprise 04191 SAS,S,Autres services,1557,1000,1999,True,True,True,True,False,False,True,sourced
100004192,Entreprise 04192 SAS,N,Services administratifs et soutien,5,3,5,False,False,,,False,False,False,sourced
100004193,Entreprise 04193 SAS,S,Autres services,98,50,99,False,False,,,False,False,False,sourced
100004194,Entreprise 04194 SAS,M,Activités spé. scientifiques/techniques,795,500,999,True,True,True,False,False,False,True,sourced
100004195,Entreprise 04195 SAS,I,Hébergement et restauration,317,250,499,False,False,,,False,True,False,sourced
100004196,Entreprise 04196 SAS,G,"Commerce, réparation auto",145,100,199,False,False,,,True,True,True,sourced
100004197,Entreprise 04197 SAS,S,Autres services,5,3,5,False,False,,,False,False,False,sourced
100004198,Entreprise 04198 SAS,Q,Santé humaine et action sociale,13,10,19,False,False,,,False,True,False,contacted
100004199,Entreprise 04199 SAS,F,Construction,612,500,999,True,False,,,False,True,True,sourced
100004200,Entreprise 04200 SAS,H,Transports et entreposage,94,50,99,False,False,,,True,True,True,qualified
100004201,Entreprise 04201 SAS,S,Autres services,59,50,99,False,False,,,False,False,False,sourced
100004202,Entreprise 04202 SAS,M,Activités spé. scientifiques/techniques,13,10,19,False,False,,,False,True,True,rejected
100004203,Entreprise 04203 SAS,G,"Commerce, réparation auto",6,6,9,False,False,,,True,True,True,rejected
100004204,Entreprise 04204 SAS,F,Construction,1833,1000,1999,True,True,True,True,False,True,True,sourced
100004205,Entreprise 04205 SAS,N,Services administratifs et soutien,18,10,19,False,False,,,False,True,True,sourced
100004206,Entreprise 04206 SAS,M,Activités spé. scientifiques/techniques,45,20,49,False,False,,,False,True,True,sourced
100004207,Entreprise 04207 SAS,J,Information et communication,246,200,249,False,False,,,False,False,True,sourced
100004208,Entreprise 04208 SAS,J,Information et communication,258,250,499,False,False,,,False,False,True,sourced
100004209,Entreprise 04209 SAS,I,Hébergement et restauration,29,20,49,False,False,,,False,False,True,qualified
100004210,Entreprise 04210 SAS,S,Autres services,17,10,19,False,False,,,True,False,False,sourced
100004211,Entreprise 04211 SAS,M,Activités spé. scientifiques/techniques,1200,1000,1999,True,True,True,False,False,False,False,qualified
100004212,Entreprise 04212 SAS,G,"Commerce, réparation auto",27,20,49,False,False,,,False,True,False,sourced
100004213,Entreprise 04213 SAS,G,"Commerce, réparation auto",3,3,5,False,False,,,False,True,True,sourced
100004214,Entreprise 04214 SAS,C,Industrie manufacturière,840,500,999,True,False,,,False,False,True,sourced
100004215,Entreprise 04215 SAS,I,Hébergement et restauration,314,250,499,False,False,,,True,False,True,sourced
100004216,Entreprise 04216 SAS,I,Hébergement et restauration,122,100,199,False,False,,,False,True,True,sourced
100004217,Entreprise 04217 SAS,I,Hébergement et restauration,2,1,2,False,False,,,False,True,True,sourced
100004218,Entreprise 04218 SAS,N,Services administratifs et soutien,2,1,2,False,False,,,False,True,False,contacted
100004219,Entreprise 04219 SAS,I,Hébergement et restauration,43,20,49,False,False,,,False,True,True,qualified
100004220,Entreprise 04220 SAS,G,"Commerce, réparation auto",9,6,9,False,False,,,False,False,True,sourced
100004221,Entreprise 04221 SAS,S,Autres services,41,20,49,False,False,,,False,False,False,sourced
100004222,Entreprise 04222 SAS,C,Industrie manufacturière,1,1,2,False,False,,,True,True,True,sourced
100004223,Entreprise 04223 SAS,C,Industrie manufacturière,1,1,2,False,False,,,False,True,False,sourced
100004224,Entreprise 04224 SAS,C,Industrie manufacturière,36,20,49,False,False,,,False,False,True,sourced
100004225,Entreprise 04225 SAS,N,Services administratifs et soutien,2,1,2,False,False,,,True,True,True,sourced
100004226,Entreprise 04226 SAS,F,Construction,1638,1000,1999,True,True,True,True,True,True,True,sourced
100004227,Entreprise 04227 SAS,F,Construction,16,10,19,False,False,,,False,False,True,qualified
100004228,Entreprise 04228 SAS,C,Industrie manufacturière,16,10,19,False,False,,,False,False,True,sourced
100004229,Entreprise 04229 SAS,F,Construction,17,10,19,False,False,,,False,True,False,sourced
100004230,Entreprise 04230 SAS,S,Autres services,572,500,999,True,True,True,True,False,False,False,sourced
100004231,Entreprise 04231 SAS,G,"Commerce, réparation auto",36,20,49,False,False,,,False,True,False,sourced
100004232,Entreprise 04232 SAS,M,Activités spé. scientifiques/techniques,1,1,2,False,False,,,False,False,True,sourced
100004233,Entreprise 04233 SAS,F,Construction,2326,2000,4999,True,True,False,,False,True,False,sourced
100004234,Entreprise 04234 SAS,S,Autres services,5,3,5,False,False,,,True,True,True,sourced
100004235,Entreprise 04235 SAS,F,Construction,74,50,99,False,False,,,False,True,True,sourced
100004236,Entreprise 04236 SAS,N,Services administratifs et soutien,311,250,499,False,False,,,False,False,True,sourced
100004237,Entreprise 04237 SAS,N,Services administratifs et soutien,279,250,499,False,False,,,False,True,False,sourced
100004238,Entreprise 04238 SAS,M,Activités spé. scientifiques/techniques,2,1,2,False,False,,,False,False,True,sourced
100004239,Entreprise 04239 SAS,Q,Santé humaine et action sociale,14,10,19,False,False,,,False,True,False,sourced
100004240,Entreprise 04240 SAS,C,Industrie manufacturière,955,500,999,True,True,False,,True,True,True,sourced
100004241,Entreprise 04241 SAS,C,Industrie manufacturière,5,3,5,False,False,,,False,False,True,sourced
100004242,Entreprise 04242 SAS,J,Information et communication,2,1,2,False,False,,,False,False,False,qualified
100004243,Entreprise 04243 SAS,G,"Commerce, réparation auto",1,1,2,False,False,,,True,True,True,sourced
100004244,Entreprise 04244 SAS,M,Activités spé. scientifiques/techniques,59,50,99,False,False,,,True,False,False,contacted
100004245,Entreprise 04245 SAS,G,"Commerce, réparation auto",804,500,999,True,True,True,False,False,True,False,sourced
100004246,Entreprise 04246 SAS,C,Industrie manufacturière,2,1,2,False,False,,,False,False,False,sourced
100004247,Entreprise 04247 SAS,I,Hébergement et restauration,1124,1000,1999,True,False,,,False,True,False,sourced
100004248,Entreprise 04248 SAS,C,Industrie manufacturière,52,50,99,False,False,,,False,False,False,qualified
100004249,Entreprise 04249 SAS,C,Industrie manufacturière,59,50,99,False,False,,,False,True,True,sourced
100004250,Entreprise 04250 SAS,S,Autres services,18,10,19,False,False,,,False,True,False,qualified
100004251,Entreprise 04251 SAS,I,Hébergement et restauration,5,3,5,False,False,,,False,False,True,sourced
100004252,Entreprise 04252 SAS,F,Construction,326,250,499,False,False,,,False,False,True,sourced
100004253,Entreprise 04253 SAS,F,Construction,119,100,199,False,False,,,False,True,True,sourced
100004254,Entreprise 04254 SAS,S,Autres services,768,500,999,True,True,True,True,False,True,False,qualified
100004255,Entreprise 04255 SAS,G,"Commerce, réparation auto",759,500,999,True,True,True,True,True,False,True,sourced
100004256,Entreprise 04256 SAS,Q,Santé humaine et action sociale,12,10,19,False,False,,,False,True,True,sourced
100004257,Entreprise 04257 SAS,S,Autres services,3,3,5,False,False,,,True,True,True,sourced
100004258,Entreprise 04258 SAS,G,"Commerce, réparation auto",1817,1000,1999,True,True,False,,True,True,True,sourced
100004259,Entreprise 04259 SAS,Q,Santé humaine et action sociale,1,1,2,False,False,,,False,True,False,sourced
100004260,Entreprise 04260 SAS,S,Autres services,40,20,49,False,False,,,False,False,True,sourced
100004261,Entreprise 04261 SAS,G,"Commerce, réparation auto",1309,1000,1999,True,True,True,True,False,False,False,sourced
100004262,Entreprise 04262 SAS,G,"Commerce, réparation auto",4,3,5,False,False,,,True,False,True,sourced
100004263,Entreprise 04263 SAS,N,Services administratifs et soutien,1,1,2,False,False,,,False,True,False,sourced
100004264,Entreprise 04264 SAS,M,Activités spé. scientifiques/techniques,43,20,49,False,False,,,False,True,True,sourced
100004265,Entreprise 04265 SAS,M,Activités spé. scientifiques/techniques,635,500,999,True,True,False,,True,False,True,sourced
100004266,Entreprise 04266 SAS,Q,Santé humaine et action sociale,22,20,49,False,False,,,False,True,True,sourced
100004267,Entreprise 04267 SAS,G,"Commerce, réparation auto",16,10,19,False,False,,,False,False,False,contacted
100004268,Entreprise 04268 SAS,G,"Commerce, réparation auto",315,250,499,False,False,,,True,True,False,sourced
100004269,Entreprise 04269 SAS,M,Activités spé. scientifiques/techniques,39,20,49,False,False,,,False,True,True,sourced
100004270,Entreprise 04270 SAS,M,Activités spé. scientifiques/techniques,9,6,9,False,False,,,False,False,True,sourced
100004271,Entreprise 04271 SAS,G,"Commerce, réparation auto",3,3,5,False,False,,,False,True,True,sourced
100004272,Entreprise 04272 SAS,M,Activités spé. scientifiques/techniques,365,250,499,False,False,,,True,True,True,sourced
100004273,Entreprise 04273 SAS,G,"Commerce, réparation auto",128,100,199,False,False,,,False,False,True,qualified
100004274,Entreprise 04274 SAS,M,Activités spé. scientifiques/techniques,63,50,99,False,False,,,False,True,True,sourced
100004275,Entreprise 04275 SAS,S,Autres services,289,250,499,False,False,,,False,True,False,sourced
100004276,Entreprise 04276 SAS,S,Autres services,1130,1000,1999,True,False,,,False,False,True,sourced
100004277,Entreprise 04277 SAS,C,Industrie manufacturière,1574,1000,1999,True,True,True,True,False,True,False,sourced
100004278,Entreprise 04278 SAS,H,Transports et entreposage,2,1,2,False,False,,,False,True,True,sourced
100004279,Entreprise 04279 SAS,F,Construction,524,500,999,True,False,,,True,False,True,sourced
100004280,Entreprise 04280 SAS,H,Transports et entreposage,2608,2000,4999,True,False,,,True,False,False,sourced
100004281,Entreprise 04281 SAS,F,Construction,17,10,19,False,False,,,False,True,True,sourced
100004282,Entreprise 04282 SAS,M,Activités spé. scientifiques/techniques,18,10,19,False,False,,,True,False,True,rejected
100004283,Entreprise 04283 SAS,F,Construction,85,50,99,False,False,,,True,True,True,sourced
100004284,Entreprise 04284 SAS,N,Services administratifs et soutien,17,10,19,False,False,,,False,False,False,sourced
100004285,Entreprise 04285 SAS,J,Information et communication,7,6,9,False,False,,,False,True,True,sourced
100004286,Entreprise 04286 SAS,G,"Commerce, réparation auto",1,1,2,False,False,,,True,False,True,sourced
100004287,Entreprise 04287 SAS,S,Autres services,561,500,999,True,True,False,,True,True,True,sourced
100004288,Entreprise 04288 SAS,M,Activités spé. scientifiques/techniques,272,250,499,False,False,,,True,True,True,qualified
100004289,Entreprise 04289 SAS,C,Industrie manufacturière,18,10,19,False,False,,,True,True,True,sourced
100004290,Entreprise 04290 SAS,M,Activités spé. scientifiques/techniques,4,3,5,False,False,,,False,False,True,contacted
100004291,Entreprise 04291 SAS,F,Construction,2,1,2,False,False,,,True,True,True,sourced
100004292,Entreprise 04292 SAS,Q,Santé humaine et action sociale,6,6,9,False,False,,,True,True,True,sourced
100004293,Entreprise 04293 SAS,M,Activités spé. scientifiques/techniques,4,3,5,False,False,,,False,True,True,sourced
100004294,Entreprise 04294 SAS,K,Activités financières et assurance,1,1,2,False,False,,,False,False,True,sourced
100004295,Entreprise 04295 SAS,M,Activités spé. scientifiques/techniques,26,20,49,False,False,,,False,False,False,sourced
100004296,Entreprise 04296 SAS,F,Construction,8,6,9,False,False,,,False,True,False,sourced
100004297,Entreprise 04297 SAS,F,Construction,130,100,199,False,False,,,False,True,False,sourced
100004298,Entreprise 04298 SAS,G,"Commerce, réparation auto",1,1,2,False,False,,,False,False,False,sourced
100004299,Entreprise 04299 SAS,C,Industrie manufacturière,11,10,19,False,False,,,False,False,True,sourced
100004300,Entreprise 04300 SAS,G,"Commerce, réparation auto",10,10,19,False,False,,,False,True,True,sourced
100004301,Entreprise 04301 SAS,G,"Commerce, réparation auto",369,250,499,False,False,,,False,True,False,sourced
100004302,Entreprise 04302 SAS,I,Hébergement et restauration,418,250,499,False,False,,,False,False,False,sourced
100004303,Entreprise 04303 SAS,C,Industrie manufacturière,4,3,5,False,False,,,False,False,True,sourced
100004304,Entreprise 04304 SAS,M,Activités spé. scientifiques/techniques,13,10,19,False,False,,,False,True,False,sourced
100004305,Entreprise 04305 SAS,G,"Commerce, réparation auto",17,10,19,False,False,,,False,False,False,sourced
100004306,Entreprise 04306 SAS,M,Activités spé. scientifiques/techniques,2199,2000,4999,True,True,True,False,False,False,True,sourced
100004307,Entreprise 04307 SAS,K,Activités financières et assurance,9,6,9,False,False,,,False,False,True,sourced
100004308,Entreprise 04308 SAS,N,Services administratifs et soutien,197,100,199,False,False,,,False,False,False,sourced
100004309,Entreprise 04309 SAS,M,Activités spé. scientifiques/techniques,6,6,9,False,False,,,True,True,False,sourced
100004310,Entreprise 04310 SAS,F,Construction,538,500,999,True,False,,,False,True,True,sourced
100004311,Entreprise 04311 SAS,C,Industrie manufacturière,6,6,9,False,False,,,True,False,True,contacted
100004312,Entreprise 04312 SAS,G,"Commerce, réparation auto",172,100,199,False,False,,,False,False,True,sourced
100004313,Entreprise 04313 SAS,I,Hébergement et restauration,5,3,5,False,False,,,False,True,True,sourced
100004314,Entreprise 04314 SAS,G,"Commerce, réparation auto",23,20,49,False,False,,,False,False,True,sourced
100004315,Entreprise 04315 SAS,G,"Commerce, réparation auto",1,1,2,False,False,,,False,False,False,sourced
100004316,Entreprise 04316 SAS,G,"Commerce, réparation auto",259,250,499,False,False,,,False,False,True,sourced
100004317,Entreprise 04317 SAS,G,"Commerce, réparation auto",2,1,2,False,False,,,False,False,False,sourced
100004318,Entreprise 04318 SAS,F,Construction,10,10,19,False,False,,,False,True,True,sourced
100004319,Entreprise 04319 SAS,S,Autres services,74,50,99,False,False,,,False,False,True,sourced
100004320,Entreprise 04320 SAS,G,"Commerce, réparation auto",8,6,9,False,False,,,True,True,True,rejected
100004321,Entreprise 04321 SAS,C,Industrie manufacturière,11,10,19,False,False,,,False,False,True,sourced
100004322,Entreprise 04322 SAS,N,Services administratifs et soutien,39,20,49,False,False,,,False,True,False,sourced
100004323,Entreprise 04323 SAS,M,Activités spé. scientifiques/techniques,20,20,49,False,False,,,False,False,False,sourced
100004324,Entreprise 04324 SAS,G,"Commerce, réparation auto",4,3,5,False,False,,,False,True,True,sourced
100004325,Entreprise 04325 SAS,F,Construction,11,10,19,False,False,,,False,False,True,sourced
100004326,Entreprise 04326 SAS,F,Construction,794,500,999,True,True,True,True,True,True,False,sourced
100004327,Entreprise 04327 SAS,H,Transports et entreposage,909,500,999,True,False,,,False,False,False,sourced
100004328,Entreprise 04328 SAS,C,Industrie manufacturière,634,500,999,True,False,,,False,True,False,sourced
100004329,Entreprise 04329 SAS,F,Construction,2,1,2,False,False,,,False,True,True,sourced
100004330,Entreprise 04330 SAS,G,"Commerce, réparation auto",24,20,49,False,False,,,False,True,False,sourced
100004331,Entreprise 04331 SAS,S,Autres services,4,3,5,False,False,,,True,False,True,sourced
100004332,Entreprise 04332 SAS,F,Construction,4,3,5,False,False,,,False,False,False,sourced
100004333,Entreprise 04333 SAS,M,Activités spé. scientifiques/techniques,37,20,49,False,False,,,True,True,True,sourced
100004334,Entreprise 04334 SAS,G,"Commerce, réparation auto",49,20,49,False,False,,,False,False,False,sourced
100004335,Entreprise 04335 SAS,G,"Commerce, réparation auto",84,50,99,False,False,,,True,True,False,sourced
100004336,Entreprise 04336 SAS,K,Activités financières et assurance,297,250,499,False,False,,,False,True,True,sourced
100004337,Entreprise 04337 SAS,F,Construction,14,10,19,False,False,,,False,False,False,sourced
100004338,Entreprise 04338 SAS,N,Services administratifs et soutien,5,3,5,False,False,,,False,False,True,qualified
100004339,Entreprise 04339 SAS,N,Services administratifs et soutien,334,250,499,False,False,,,False,True,True,sourced
100004340,Entreprise 04340 SAS,I,Hébergement et restauration,335,250,499,False,False,,,False,True,True,sourced
100004341,Entreprise 04341 SAS,G,"Commerce, réparation auto",221,200,249,False,False,,,False,False,True,sourced
100004342,Entreprise 04342 SAS,F,Construction,1446,1000,1999,True,False,,,False,True,False,sourced
100004343,Entreprise 04343 SAS,J,Information et communication,454,250,499,False,False,,,False,True,True,contacted
100004344,Entreprise 04344 SAS,M,Activités spé. scientifiques/techniques,42,20,49,False,False,,,True,True,True,sourced
100004345,Entreprise 04345 SAS,K,Activités financières et assurance,52,50,99,False,False,,,False,False,True,sourced
100004346,Entreprise 04346 SAS,M,Activités spé. scientifiques/techniques,8,6,9,False,False,,,True,False,True,sourced
100004347,Entreprise 04347 SAS,F,Construction,58,50,99,False,False,,,True,True,False,sourced
100004348,Entreprise 04348 SAS,I,Hébergement et restauration,370,250,499,False,False,,,False,False,False,contacted
100004349,Entreprise 04349 SAS,G,"Commerce, réparation auto",11,10,19,False,False,,,False,True,True,sourced
100004350,Entreprise 04350 SAS,F,Construction,801,500,999,True,False,,,False,True,True,sourced
100004351,Entreprise 04351 SAS,F,Construction,4,3,5,False,False,,,False,True,True,sourced
100004352,Entreprise 04352 SAS,I,Hébergement et restauration,1244,1000,1999,True,True,False,,False,False,False,sourced
100004353,Entreprise 04353 SAS,M,Activités spé. scientifiques/techniques,129,100,199,False,False,,,True,True,True,contacted
100004354,Entreprise 04354 SAS,G,"Commerce, réparation auto",22,20,49,False,False,,,True,True,False,sourced
100004355,Entreprise 04355 SAS,M,Activités spé. scientifiques/techniques,258,250,499,False,False,,,True,True,True,sourced
100004356,Entreprise 04356 SAS,M,Activités spé. scientifiques/techniques,3,3,5,False,False,,,True,False,True,sourced
100004357,Entreprise 04357 SAS,C,Industrie manufacturière,31,20,49,False,False,,,False,False,True,sourced
100004358,Entreprise 04358 SAS,G,"Commerce, réparation auto",1389,1000,1999,True,True,True,False,False,True,False,sourced
100004359,Entreprise 04359 SAS,M,Activités spé. scientifiques/techniques,683,500,999,True,True,True,True,True,False,False,sourced
100004360,Entreprise 04360 SAS,J,Information et communication,11,10,19,False,False,,,False,False,True,sourced
100004361,Entreprise 04361 SAS,F,Construction,20,20,49,False,False,,,False,True,True,sourced
100004362,Entreprise 04362 SAS,G,"Commerce, réparation auto",19,10,19,False,False,,,True,True,False,sourced
100004363,Entreprise 04363 SAS,S,Autres services,33,20,49,False,False,,,False,False,False,sourced
100004364,Entreprise 04364 SAS,G,"Commerce, réparation auto",265,250,499,False,False,,,False,False,True,contacted
100004365,Entreprise 04365 SAS,Q,Santé humaine et action sociale,260,250,499,False,False,,,True,True,True,sourced
100004366,Entreprise 04366 SAS,G,"Commerce, réparation auto",20,20,49,False,False,,,False,False,False,sourced
100004367,Entreprise 04367 SAS,J,Information et communication,9,6,9,False,False,,,False,False,False,sourced
100004368,Entreprise 04368 SAS,G,"Commerce, réparation auto",1613,1000,1999,True,True,True,True,True,True,True,sourced
100004369,Entreprise 04369 SAS,N,Services administratifs et soutien,5,3,5,False,False,,,False,False,True,sourced
100004370,Entreprise 04370 SAS,N,Services administratifs et soutien,2161,2000,4999,True,False,,,False,True,True,sourced
100004371,Entreprise 04371 SAS,C,Industrie manufacturière,844,500,999,True,True,False,,False,False,False,sourced
100004372,Entreprise 04372 SAS,G,"Commerce, réparation auto",7,6,9,False,False,,,True,False,True,sourced
100004373,Entreprise 04373 SAS,F,Construction,310,250,499,False,False,,,False,True,False,sourced
100004374,Entreprise 04374 SAS,F,Construction,33,20,49,False,False,,,False,False,True,sourced
100004375,Entreprise 04375 SAS,M,Activités spé. scientifiques/techniques,29,20,49,False,False,,,False,True,True,sourced
100004376,Entreprise 04376 SAS,K,Activités financières et assurance,1,1,2,False,False,,,True,True,False,sourced
100004377,Entreprise 04377 SAS,M,Activités spé. scientifiques/techniques,1,1,2,False,False,,,True,False,True,sourced
100004378,Entreprise 04378 SAS,S,Autres services,8,6,9,False,False,,,False,True,False,sourced
100004379,Entreprise 04379 SAS,Q,Santé humaine et action sociale,4,3,5,False,False,,,True,True,False,qualified
100004380,Entreprise 04380 SAS,C,Industrie manufacturière,2745,2000,4999,True,False,,,False,True,True,sourced
100004381,Entreprise 04381 SAS,G,"Commerce, réparation auto",43,20,49,False,False,,,False,False,False,sourced
100004382,Entreprise 04382 SAS,G,"Commerce, réparation auto",12,10,19,False,False,,,False,True,True,sourced
100004383,Entreprise 04383 SAS,S,Autres services,140,100,199,False,False,,,False,False,False,sourced
100004384,Entreprise 04384 SAS,S,Autres services,21,20,49,False,False,,,False,True,False,sourced
100004385,Entreprise 04385 SAS,M,Activités spé. scientifiques/techniques,7,6,9,False,False,,,True,False,False,contacted
100004386,Entreprise 04386 SAS,C,Industrie manufacturière,2,1,2,False,False,,,True,True,False,sourced
100004387,Entreprise 04387 SAS,M,Activités spé. scientifiques/techniques,127,100,199,False,False,,,True,True,True,sourced
100004388,Entreprise 04388 SAS,J,Information et communication,1,1,2,False,False,,,False,False,False,sourced
100004389,Entreprise 04389 SAS,G,"Commerce, réparation auto",774,500,999,True,False,,,True,True,True,sourced
100004390,Entreprise 04390 SAS,N,Services administratifs et soutien,54,50,99,False,False,,,False,True,True,sourced
100004391,Entreprise 04391 SAS,C,Industrie manufacturière,2,1,2,False,False,,,True,False,True,sourced
100004392,Entreprise 04392 SAS,S,Autres services,49,20,49,False,False,,,True,True,True,qualified
100004393,Entreprise 04393 SAS,C,Industrie manufacturière,31,20,49,False,False,,,False,False,False,sourced
100004394,Entreprise 04394 SAS,G,"Commerce, réparation auto",12,10,19,False,False,,,True,False,True,sourced
100004395,Entreprise 04395 SAS,M,Activités spé. scientifiques/techniques,765,500,999,True,True,True,True,False,False,True,sourced
100004396,Entreprise 04396 SAS,I,Hébergement et restauration,7,6,9,False,False,,,False,False,True,sourced
100004397,Entreprise 04397 SAS,N,Services administratifs et soutien,500,500,999,True,False,,,True,True,True,sourced
100004398,Entreprise 04398 SAS,M,Activités spé. scientifiques/techniques,30,20,49,False,False,,,False,True,True,sourced
100004399,Entreprise 04399 SAS,F,Construction,113,100,199,False,False,,,True,True,True,sourced
100004400,Entreprise 04400 SAS,G,"Commerce, réparation auto",6,6,9,False,False,,,True,True,True,qualified
100004401,Entreprise 04401 SAS,G,"Commerce, réparation auto",14,10,19,False,False,,,False,False,False,qualified
100004402,Entreprise 04402 SAS,C,Industrie manufacturière,2071,2000,4999,True,True,True,True,True,True,True,sourced
100004403,Entreprise 04403 SAS,F,Construction,115,100,199,False,False,,,True,False,True,sourced
100004404,Entreprise 04404 SAS,J,Information et communication,81,50,99,False,False,,,False,True,True,sourced
100004405,Entreprise 04405 SAS,G,"Commerce, réparation auto",242,200,249,False,False,,,True,False,True,sourced
100004406,Entreprise 04406 SAS,I,Hébergement et restauration,95,50,99,False,False,,,False,True,False,sourced
100004407,Entreprise 04407 SAS,S,Autres services,2,1,2,False,False,,,False,False,True,sourced
100004408,Entreprise 04408 SAS,G,"Commerce, réparation auto",503,500,999,True,False,,,False,True,True,sourced
100004409,Entreprise 04409 SAS,F,Construction,4906,2000,4999,True,True,True,True,False,False,False,qualified
100004410,Entreprise 04410 SAS,M,Activités spé. scientifiques/techniques,128,100,199,False,False,,,True,True,True,rejected
100004411,Entreprise 04411 SAS,F,Construction,4,3,5,False,False,,,False,False,False,sourced
100004412,Entreprise 04412 SAS,G,"Commerce, réparation auto",184,100,199,False,False,,,False,True,False,sourced
100004413,Entreprise 04413 SAS,G,"Commerce, réparation auto",250,250,499,False,False,,,False,True,True,sourced
100004414,Entreprise 04414 SAS,M,Activités spé. scientifiques/techniques,1726,1000,1999,True,True,True,False,True,True,True,sourced
100004415,Entreprise 04415 SAS,N,Services administratifs et soutien,6,6,9,False,False,,,False,True,True,sourced
100004416,Entreprise 04416 SAS,H,Transports et entreposage,5,3,5,False,False,,,True,True,True,sourced
100004417,Entreprise 04417 SAS,G,"Commerce, réparation auto",25,20,49,False,False,,,False,True,False,qualified
100004418,Entreprise 04418 SAS,J,Information et communication,6,6,9,False,False,,,True,True,True,sourced
100004419,Entreprise 04419 SAS,C,Industrie manufacturière,15,10,19,False,False,,,True,False,False,sourced
100004420,Entreprise 04420 SAS,N,Services administratifs et soutien,206,200,249,False,False,,,False,False,True,sourced
100004421,Entreprise 04421 SAS,I,Hébergement et restauration,19,10,19,False,False,,,False,False,True,rejected
100004422,Entreprise 04422 SAS,N,Services administratifs et soutien,167,100,199,False,False,,,False,True,True,sourced
100004423,Entreprise 04423 SAS,F,Construction,963,500,999,True,False,,,True,True,True,contacted
100004424,Entreprise 04424 SAS,M,Activités spé. scientifiques/techniques,12,10,19,False,False,,,False,True,True,sourced
100004425,Entreprise 04425 SAS,G,"Commerce, réparation auto",7,6,9,False,False,,,False,True,False,sourced
100004426,Entreprise 04426 SAS,G,"Commerce, réparation auto",8,6,9,False,False,,,False,False,True,sourced
100004427,Entreprise 04427 SAS,S,Autres services,16,10,19,False,False,,,True,True,True,sourced
100004428,Entreprise 04428 SAS,N,Services administratifs et soutien,845,500,999,True,False,,,False,True,True,sourced
100004429,Entreprise 04429 SAS,S,Autres services,2,1,2,False,False,,,False,False,True,qualified
100004430,Entreprise 04430 SAS,I,Hébergement et restauration,4,3,5,False,False,,,False,True,True,sourced
100004431,Entreprise 04431 SAS,S,Autres services,70,50,99,False,False,,,False,True,True,qualified
100004432,Entreprise 04432 SAS,I,Hébergement et restauration,16,10,19,False,False,,,False,False,False,qualified
100004433,Entreprise 04433 SAS,M,Activités spé. scientifiques/techniques,301,250,499,False,False,,,True,True,True,sourced
100004434,Entreprise 04434 SAS,M,Activités spé. scientifiques/techniques,46,20,49,False,False,,,False,False,True,sourced
100004435,Entreprise 04435 SAS,F,Construction,2,1,2,False,False,,,False,False,True,qualified
100004436,Entreprise 04436 SAS,M,Activités spé. scientifiques/techniques,4,3,5,False,False,,,True,False,True,sourced
100004437,Entreprise 04437 SAS,H,Transports et entreposage,4,3,5,False,False,,,False,True,False,qualified
100004438,Entreprise 04438 SAS,S,Autres services,74,50,99,False,False,,,False,False,False,qualified
100004439,Entreprise 04439 SAS,F,Construction,24,20,49,False,False,,,False,False,True,qualified
100004440,Entreprise 04440 SAS,F,Construction,52,50,99,False,False,,,False,True,False,sourced
100004441,Entreprise 04441 SAS,J,Information et communication,22,20,49,False,False,,,False,False,True,qualified
100004442,Entreprise 04442 SAS,G,"Commerce, réparation auto",71,50,99,False,False,,,False,False,True,sourced
100004443,Entreprise 04443 SAS,F,Construction,159,100,199,False,False,,,True,True,True,sourced
100004444,Entreprise 04444 SAS,G,"Commerce, réparation auto",24,20,49,False,False,,,True,True,True,sourced
100004445,Entreprise 04445 SAS,F,Construction,1154,1000,1999,True,True,True,True,False,False,True,sourced
100004446,Entreprise 04446 SAS,K,Activités financières et assurance,13,10,19,False,False,,,False,False,True,sourced
100004447,Entreprise 04447 SAS,F,Construction,75,50,99,False,False,,,False,True,True,sourced
100004448,Entreprise 04448 SAS,G,"Commerce, réparation auto",203,200,249,False,False,,,True,False,True,sourced
100004449,Entreprise 04449 SAS,Q,Santé humaine et action sociale,1097,1000,1999,True,True,False,,True,False,True,sourced
100004450,Entreprise 04450 SAS,C,Industrie manufacturière,1,1,2,False,False,,,False,False,True,sourced
100004451,Entreprise 04451 SAS,G,"Commerce, réparation auto",2,1,2,False,False,,,False,False,False,sourced
100004452,Entreprise 04452 SAS,C,Industrie manufacturière,17,10,19,False,False,,,True,True,True,sourced
100004453,Entreprise 04453 SAS,G,"Commerce, réparation auto",4,3,5,False,False,,,False,False,False,sourced
100004454,Entreprise 04454 SAS,S,Autres services,517,500,999,True,True,False,,True,True,True,sourced
100004455,Entreprise 04455 SAS,F,Construction,318,250,499,False,False,,,False,False,False,sourced
100004456,Entreprise 04456 SAS,F,Construction,303,250,499,False,False,,,True,False,True,sourced
100004457,Entreprise 04457 SAS,F,Construction,127,100,199,False,False,,,False,False,True,contacted
100004458,Entreprise 04458 SAS,C,Industrie manufacturière,2,1,2,False,False,,,False,True,True,sourced
100004459,Entreprise 04459 SAS,M,Activités spé. scientifiques/techniques,416,250,499,False,False,,,True,True,True,sourced
100004460,Entreprise 04460 SAS,G,"Commerce, réparation auto",7,6,9,False,False,,,False,False,True,sourced
100004461,Entreprise 04461 SAS,H,Transports et entreposage,46,20,49,False,False,,,True,False,True,sourced
100004462,Entreprise 04462 SAS,S,Autres services,363,250,499,False,False,,,False,False,False,sourced
100004463,Entreprise 04463 SAS,H,Transports et entreposage,12,10,19,False,False,,,False,True,True,sourced
100004464,Entreprise 04464 SAS,Q,Santé humaine et action sociale,24,20,49,False,False,,,True,False,True,sourced
100004465,Entreprise 04465 SAS,G,"Commerce, réparation auto",310,250,499,False,False,,,True,True,False,rejected
100004466,Entreprise 04466 SAS,S,Autres services,1,1,2,False,False,,,False,True,False,sourced
100004467,Entreprise 04467 SAS,I,Hébergement et restauration,338,250,499,False,False,,,False,True,True,sourced
100004468,Entreprise 04468 SAS,G,"Commerce, réparation auto",8,6,9,False,False,,,False,False,True,contacted
100004469,Entreprise 04469 SAS,N,Services administratifs et soutien,101,100,199,False,False,,,False,False,False,sourced
100004470,Entreprise 04470 SAS,F,Construction,56,50,99,False,False,,,True,True,False,sourced
100004471,Entreprise 04471 SAS,S,Autres services,88,50,99,False,False,,,False,True,True,sourced
100004472,Entreprise 04472 SAS,J,Information et communication,2,1,2,False,False,,,True,True,True,sourced
100004473,Entreprise 04473 SAS,G,"Commerce, réparation auto",26,20,49,False,False,,,False,True,True,qualified
100004474,Entreprise 04474 SAS,H,Transports et entreposage,29,20,49,False,False,,,False,False,True,sourced
100004475,Entreprise 04475 SAS,I,Hébergement et restauration,2,1,2,False,False,,,False,False,True,sourced
100004476,Entreprise 04476 SAS,S,Autres services,25,20,49,False,False,,,False,True,True,sourced
100004477,Entreprise 04477 SAS,G,"Commerce, réparation auto",6,6,9,False,False,,,False,False,False,sourced
100004478,Entreprise 04478 SAS,M,Activités spé. scientifiques/techniques,737,500,999,True,True,False,,True,False,True,sourced
100004479,Entreprise 04479 SAS,F,Construction,937,500,999,True,True,True,True,False,False,True,sourced
100004480,Entreprise 04480 SAS,F,Construction,719,500,999,True,True,False,,False,True,True,contacted
100004481,Entreprise 04481 SAS,I,Hébergement et restauration,677,500,999,True,True,True,True,True,True,True,sourced
100004482,Entreprise 04482 SAS,Q,Santé humaine et action sociale,194,100,199,False,False,,,False,False,True,sourced
100004483,Entreprise 04483 SAS,M,Activités spé. scientifiques/techniques,8,6,9,False,False,,,False,False,True,sourced
100004484,Entreprise 04484 SAS,H,Transports et entreposage,3,3,5,False,False,,,False,False,True,sourced
100004485,Entreprise 04485 SAS,C,Industrie manufacturière,53,50,99,False,False,,,False,True,False,sourced
100004486,Entreprise 04486 SAS,M,Activités spé. scientifiques/techniques,402,250,499,False,False,,,False,False,True,sourced
100004487,Entreprise 04487 SAS,I,Hébergement et restauration,1116,1000,1999,True,False,,,False,False,True,contacted
100004488,Entreprise 04488 SAS,N,Services administratifs et soutien,5,3,5,False,False,,,True,True,True,sourced
100004489,Entreprise 04489 SAS,S,Autres services,25,20,49,False,False,,,False,False,False,qualified
100004490,Entreprise 04490 SAS,I,Hébergement et restauration,35,20,49,False,False,,,False,False,True,qualified
100004491,Entreprise 04491 SAS,S,Autres services,6,6,9,False,False,,,False,False,True,qualified
100004492,Entreprise 04492 SAS,M,Activités spé. scientifiques/techniques,11,10,19,False,False,,,False,True,True,sourced
100004493,Entreprise 04493 SAS,S,Autres services,500,500,999,True,True,False,,False,True,False,qualified
100004494,Entreprise 04494 SAS,M,Activités spé. scientifiques/techniques,33,20,49,False,False,,,False,True,True,sourced
100004495,Entreprise 04495 SAS,N,Services administratifs et soutien,1,1,2,False,False,,,False,False,True,sourced
100004496,Entreprise 04496 SAS,M,Activités spé. scientifiques/techniques,307,250,499,False,False,,,False,True,True,sourced
100004497,Entreprise 04497 SAS,F,Construction,88,50,99,False,False,,,False,True,True,sourced
100004498,Entreprise 04498 SAS,F,Construction,3,3,5,False,False,,,True,True,True,sourced
100004499,Entreprise 04499 SAS,F,Construction,36,20,49,False,False,,,False,False,True,sourced
100004500,Entreprise 04500 SAS,M,Activités spé. scientifiques/techniques,2,1,2,False,False,,,False,True,False,contacted
100004501,Entreprise 04501 SAS,N,Services administratifs et soutien,3,3,5,False,False,,,True,True,True,sourced
100004502,Entreprise 04502 SAS,G,"Commerce, réparation auto",8,6,9,False,False,,,False,False,True,qualified
100004503,Entreprise 04503 SAS,S,Autres services,15,10,19,False,False,,,False,True,True,sourced
100004504,Entreprise 04504 SAS,H,Transports et entreposage,689,500,999,True,True,True,False,True,False,False,sourced
100004505,Entreprise 04505 SAS,C,Industrie manufacturière,32,20,49,False,False,,,False,False,True,sourced
100004506,Entreprise 04506 SAS,G,"Commerce, réparation auto",5,3,5,False,False,,,False,False,True,sourced
100004507,Entreprise 04507 SAS,F,Construction,1423,1000,1999,True,True,True,True,False,True,True,qualified
100004508,Entreprise 04508 SAS,M,Activités spé. scientifiques/techniques,8,6,9,False,False,,,False,False,False,sourced
100004509,Entreprise 04509 SAS,G,"Commerce, réparation auto",257,250,499,False,False,,,False,True,True,sourced
100004510,Entreprise 04510 SAS,G,"Commerce, réparation auto",733,500,999,True,True,False,,False,True,False,qualified
100004511,Entreprise 04511 SAS,F,Construction,5,3,5,False,False,,,False,True,True,qualified
100004512,Entreprise 04512 SAS,C,Industrie manufacturière,21,20,49,False,False,,,True,True,False,sourced
100004513,Entreprise 04513 SAS,C,Industrie manufacturière,15,10,19,False,False,,,True,False,True,sourced
100004514,Entreprise 04514 SAS,H,Transports et entreposage,86,50,99,False,False,,,False,False,True,rejected
100004515,Entreprise 04515 SAS,G,"Commerce, réparation auto",22,20,49,False,False,,,False,False,False,sourced
100004516,Entreprise 04516 SAS,N,Services administratifs et soutien,10,10,19,False,False,,,False,False,False,sourced
100004517,Entreprise 04517 SAS,G,"Commerce, réparation auto",40,20,49,False,False,,,False,False,True,sourced
100004518,Entreprise 04518 SAS,F,Construction,1,1,2,False,False,,,True,False,False,contacted
100004519,Entreprise 04519 SAS,M,Activités spé. scientifiques/techniques,113,100,199,False,False,,,False,False,True,sourced
100004520,Entreprise 04520 SAS,F,Construction,1,1,2,False,False,,,False,False,False,sourced
100004521,Entreprise 04521 SAS,Q,Santé humaine et action sociale,1820,1000,1999,True,True,False,,False,False,False,sourced
100004522,Entreprise 04522 SAS,N,Services administratifs et soutien,11,10,19,False,False,,,False,False,False,sourced
100004523,Entreprise 04523 SAS,K,Activités financières et assurance,78,50,99,False,False,,,False,True,True,sourced
100004524,Entreprise 04524 SAS,G,"Commerce, réparation auto",743,500,999,True,False,,,False,False,True,sourced
100004525,Entreprise 04525 SAS,G,"Commerce, réparation auto",724,500,999,True,True,False,,False,False,True,sourced
100004526,Entreprise 04526 SAS,G,"Commerce, réparation auto",1,1,2,False,False,,,True,True,False,sourced
100004527,Entreprise 04527 SAS,M,Activités spé. scientifiques/techniques,177,100,199,False,False,,,True,True,True,sourced
100004528,Entreprise 04528 SAS,S,Autres services,4,3,5,False,False,,,True,True,False,qualified
100004529,Entreprise 04529 SAS,N,Services administratifs et soutien,6,6,9,False,False,,,False,True,True,qualified
100004530,Entreprise 04530 SAS,G,"Commerce, réparation auto",32,20,49,False,False,,,False,True,True,sourced
100004531,Entreprise 04531 SAS,K,Activités financières et assurance,586,500,999,True,True,False,,False,False,True,sourced
100004532,Entreprise 04532 SAS,S,Autres services,29,20,49,False,False,,,False,True,True,qualified
100004533,Entreprise 04533 SAS,G,"Commerce, réparation auto",54,50,99,False,False,,,False,True,True,qualified
100004534,Entreprise 04534 SAS,C,Industrie manufacturière,17,10,19,False,False,,,False,False,True,sourced
100004535,Entreprise 04535 SAS,H,Transports et entreposage,15,10,19,False,False,,,True,True,False,sourced
100004536,Entreprise 04536 SAS,I,Hébergement et restauration,771,500,999,True,True,True,True,False,True,True,qualified
100004537,Entreprise 04537 SAS,F,Construction,635,500,999,True,False,,,False,False,True,sourced
100004538,Entreprise 04538 SAS,I,Hébergement et restauration,70,50,99,False,False,,,False,False,True,sourced
100004539,Entreprise 04539 SAS,F,Construction,1,1,2,False,False,,,False,True,False,sourced
100004540,Entreprise 04540 SAS,N,Services administratifs et soutien,1081,1000,1999,True,False,,,False,True,True,sourced
100004541,Entreprise 04541 SAS,J,Information et communication,452,250,499,False,False,,,False,True,True,sourced
100004542,Entreprise 04542 SAS,H,Transports et entreposage,1,1,2,False,False,,,False,True,True,sourced
100004543,Entreprise 04543 SAS,G,"Commerce, réparation auto",21,20,49,False,False,,,False,True,False,sourced
100004544,Entreprise 04544 SAS,K,Activités financières et assurance,2,1,2,False,False,,,True,False,False,sourced
100004545,Entreprise 04545 SAS,F,Construction,209,200,249,False,False,,,False,False,True,sourced
100004546,Entreprise 04546 SAS,F,Construction,276,250,499,False,False,,,True,False,True,qualified
100004547,Entreprise 04547 SAS,C,Industrie manufacturière,3,3,5,False,False,,,True,False,False,sourced
100004548,Entreprise 04548 SAS,G,"Commerce, réparation auto",119,100,199,False,False,,,True,True,False,sourced
100004549,Entreprise 04549 SAS,G,"Commerce, réparation auto",59,50,99,False,False,,,False,False,False,sourced
100004550,Entreprise 04550 SAS,G,"Commerce, réparation auto",4,3,5,False,False,,,False,True,True,sourced
100004551,Entreprise 04551 SAS,G,"Commerce, réparation auto",10,10,19,False,False,,,True,True,True,contacted
100004552,Entreprise 04552 SAS,G,"Commerce, réparation auto",5,3,5,False,False,,,False,False,True,sourced
100004553,Entreprise 04553 SAS,N,Services administratifs et soutien,1,1,2,False,False,,,True,False,True,sourced
100004554,Entreprise 04554 SAS,K,Activités financières et assurance,794,500,999,True,True,False,,True,True,True,sourced
100004555,Entreprise 04555 SAS,F,Construction,839,500,999,True,False,,,False,True,False,qualified
100004556,Entreprise 04556 SAS,S,Autres services,132,100,199,False,False,,,False,True,True,sourced
100004557,Entreprise 04557 SAS,S,Autres services,203,200,249,False,False,,,False,False,False,sourced
100004558,Entreprise 04558 SAS,F,Construction,259,250,499,False,False,,,False,True,True,sourced
100004559,Entreprise 04559 SAS,G,"Commerce, réparation auto",142,100,199,False,False,,,True,True,False,sourced
100004560,Entreprise 04560 SAS,M,Activités spé. scientifiques/techniques,12,10,19,False,False,,,True,True,True,sourced
100004561,Entreprise 04561 SAS,M,Activités spé. scientifiques/techniques,3,3,5,False,False,,,True,False,True,sourced
100004562,Entreprise 04562 SAS,S,Autres services,2339,2000,4999,True,False,,,True,True,True,contacted
100004563,Entreprise 04563 SAS,Q,Santé humaine et action sociale,182,100,199,False,False,,,False,True,True,sourced
100004564,Entreprise 04564 SAS,G,"Commerce, réparation auto",852,500,999,True,True,True,True,True,True,True,sourced
100004565,Entreprise 04565 SAS,G,"Commerce, réparation auto",31,20,49,False,False,,,False,True,True,contacted
100004566,Entreprise 04566 SAS,G,"Commerce, réparation auto",27,20,49,False,False,,,True,True,True,sourced
100004567,Entreprise 04567 SAS,H,Transports et entreposage,819,500,999,True,False,,,False,False,True,sourced
100004568,Entreprise 04568 SAS,M,Activités spé. scientifiques/techniques,128,100,199,False,False,,,True,True,True,sourced
100004569,Entreprise 04569 SAS,G,"Commerce, réparation auto",3,3,5,False,False,,,True,True,True,rejected
100004570,Entreprise 04570 SAS,I,Hébergement et restauration,133,100,199,False,False,,,False,True,True,sourced
100004571,Entreprise 04571 SAS,C,Industrie manufacturière,45,20,49,False,False,,,False,False,True,sourced
100004572,Entreprise 04572 SAS,G,"Commerce, réparation auto",30,20,49,False,False,,,False,False,False,qualified
100004573,Entreprise 04573 SAS,F,Construction,754,500,999,True,True,True,True,False,False,True,contacted
100004574,Entreprise 04574 SAS,C,Industrie manufacturière,734,500,999,True,True,False,,True,False,True,contacted
100004575,Entreprise 04575 SAS,F,Construction,90,50,99,False,False,,,True,False,True,sourced
100004576,Entreprise 04576 SAS,Q,Santé humaine et action sociale,9,6,9,False,False,,,False,False,True,sourced
100004577,Entreprise 04577 SAS,G,"Commerce, réparation auto",7,6,9,False,False,,,False,False,True,sourced
100004578,Entreprise 04578 SAS,G,"Commerce, réparation auto",299,250,499,False,False,,,False,False,False,sourced
100004579,Entreprise 04579 SAS,G,"Commerce, réparation auto",10,10,19,False,False,,,False,False,False,sourced
100004580,Entreprise 04580 SAS,F,Construction,8,6,9,False,False,,,True,True,True,qualified
100004581,Entreprise 04581 SAS,F,Construction,264,250,499,False,False,,,False,False,False,sourced
100004582,Entreprise 04582 SAS,Q,Santé humaine et action sociale,14,10,19,False,False,,,False,False,True,sourced
100004583,Entreprise 04583 SAS,S,Autres services,345,250,499,False,False,,,False,True,True,sourced
100004584,Entreprise 04584 SAS,I,Hébergement et restauration,406,250,499,False,False,,,False,True,True,sourced
100004585,Entreprise 04585 SAS,F,Construction,1393,1000,1999,True,False,,,False,False,True,sourced
100004586,Entreprise 04586 SAS,C,Industrie manufacturière,56,50,99,False,False,,,False,True,True,sourced
100004587,Entreprise 04587 SAS,K,Activités financières et assurance,32,20,49,False,False,,,False,True,False,sourced
100004588,Entreprise 04588 SAS,K,Activités financières et assurance,6,6,9,False,False,,,False,True,True,rejected
100004589,Entreprise 04589 SAS,F,Construction,335,250,499,False,False,,,False,False,False,qualified
100004590,Entreprise 04590 SAS,F,Construction,801,500,999,True,False,,,False,False,True,contacted
100004591,Entreprise 04591 SAS,M,Activités spé. scientifiques/techniques,12,10,19,False,False,,,True,True,True,sourced
100004592,Entreprise 04592 SAS,H,Transports et entreposage,35,20,49,False,False,,,True,False,False,sourced
100004593,Entreprise 04593 SAS,Q,Santé humaine et action sociale,775,500,999,True,True,True,True,False,True,False,sourced
100004594,Entreprise 04594 SAS,F,Construction,560,500,999,True,True,True,False,True,False,False,sourced
100004595,Entreprise 04595 SAS,C,Industrie manufacturière,781,500,999,True,True,True,False,True,False,True,sourced
100004596,Entreprise 04596 SAS,S,Autres services,233,200,249,False,False,,,False,False,False,sourced
100004597,Entreprise 04597 SAS,F,Construction,679,500,999,True,False,,,False,True,True,sourced
100004598,Entreprise 04598 SAS,G,"Commerce, réparation auto",17,10,19,False,False,,,False,False,True,sourced
100004599,Entreprise 04599 SAS,F,Construction,213,200,249,False,False,,,False,False,True,sourced
100004600,Entreprise 04600 SAS,M,Activités spé. scientifiques/techniques,43,20,49,False,False,,,False,False,True,sourced
100004601,Entreprise 04601 SAS,S,Autres services,3,3,5,False,False,,,False,True,True,sourced
100004602,Entreprise 04602 SAS,Q,Santé humaine et action sociale,223,200,249,False,False,,,False,False,True,sourced
100004603,Entreprise 04603 SAS,H,Transports et entreposage,831,500,999,True,True,True,True,True,True,False,sourced
100004604,Entreprise 04604 SAS,F,Construction,374,250,499,False,False,,,True,True,True,sourced
100004605,Entreprise 04605 SAS,H,Transports et entreposage,857,500,999,True,False,,,False,False,True,contacted
100004606,Entreprise 04606 SAS,F,Construction,465,250,499,False,False,,,False,True,True,contacted
100004607,Entreprise 04607 SAS,F,Construction,153,100,199,False,False,,,False,False,True,sourced
100004608,Entreprise 04608 SAS,J,Information et communication,8,6,9,False,False,,,False,True,True,sourced
100004609,Entreprise 04609 SAS,C,Industrie manufacturière,25,20,49,False,False,,,False,True,False,sourced
100004610,Entreprise 04610 SAS,M,Activités spé. scientifiques/techniques,330,250,499,False,False,,,True,True,False,sourced
100004611,Entreprise 04611 SAS,C,Industrie manufacturière,6,6,9,False,False,,,False,False,True,contacted
100004612,Entreprise 04612 SAS,C,Industrie manufacturière,33,20,49,False,False,,,False,False,True,qualified
100004613,Entreprise 04613 SAS,G,"Commerce, réparation auto",299,250,499,False,False,,,True,False,True,sourced
100004614,Entreprise 04614 SAS,G,"Commerce, réparation auto",27,20,49,False,False,,,False,True,True,sourced
100004615,Entreprise 04615 SAS,G,"Commerce, réparation auto",24,20,49,False,False,,,False,True,True,contacted
100004616,Entreprise 04616 SAS,F,Construction,1,1,2,False,False,,,False,True,True,sourced
100004617,Entreprise 04617 SAS,H,Transports et entreposage,26,20,49,False,False,,,False,False,True,qualified
100004618,Entreprise 04618 SAS,C,Industrie manufacturière,5,3,5,False,False,,,False,False,True,sourced
100004619,Entreprise 04619 SAS,M,Activités spé. scientifiques/techniques,37,20,49,False,False,,,False,True,True,sourced
100004620,Entreprise 04620 SAS,F,Construction,4326,2000,4999,True,False,,,False,True,False,sourced
100004621,Entreprise 04621 SAS,C,Industrie manufacturière,5,3,5,False,False,,,True,True,True,sourced
100004622,Entreprise 04622 SAS,M,Activités spé. scientifiques/techniques,13,10,19,False,False,,,True,True,False,sourced
100004623,Entreprise 04623 SAS,M,Activités spé. scientifiques/techniques,5,3,5,False,False,,,True,False,False,sourced
100004624,Entreprise 04624 SAS,I,Hébergement et restauration,9,6,9,False,False,,,True,True,False,sourced
100004625,Entreprise 04625 SAS,N,Services administratifs et soutien,369,250,499,False,False,,,False,True,False,sourced
100004626,Entreprise 04626 SAS,M,Activités spé. scientifiques/techniques,7,6,9,False,False,,,True,True,True,sourced
100004627,Entreprise 04627 SAS,C,Industrie manufacturière,5,3,5,False,False,,,False,False,True,sourced
100004628,Entreprise 04628 SAS,G,"Commerce, réparation auto",45,20,49,False,False,,,True,True,False,sourced
100004629,Entreprise 04629 SAS,H,Transports et entreposage,7,6,9,False,False,,,True,False,False,sourced
100004630,Entreprise 04630 SAS,M,Activités spé. scientifiques/techniques,31,20,49,False,False,,,False,True,False,sourced
100004631,Entreprise 04631 SAS,G,"Commerce, réparation auto",486,250,499,False,False,,,False,True,False,contacted
100004632,Entreprise 04632 SAS,H,Transports et entreposage,945,500,999,True,False,,,True,False,True,sourced
100004633,Entreprise 04633 SAS,C,Industrie manufacturière,160,100,199,False,False,,,False,True,False,sourced
100004634,Entreprise 04634 SAS,S,Autres services,3,3,5,False,False,,,False,True,False,qualified
100004635,Entreprise 04635 SAS,N,Services administratifs et soutien,3,3,5,False,False,,,False,True,False,sourced
100004636,Entreprise 04636 SAS,F,Construction,523,500,999,True,True,True,True,False,True,True,sourced
100004637,Entreprise 04637 SAS,G,"Commerce, réparation auto",1317,1000,1999,True,True,True,True,False,True,False,sourced
100004638,Entreprise 04638 SAS,M,Activités spé. scientifiques/techniques,3198,2000,4999,True,False,,,True,False,True,sourced
100004639,Entreprise 04639 SAS,S,Autres services,159,100,199,False,False,,,False,True,False,qualified
100004640,Entreprise 04640 SAS,G,"Commerce, réparation auto",495,250,499,False,False,,,False,True,False,sourced
100004641,Entreprise 04641 SAS,G,"Commerce, réparation auto",7,6,9,False,False,,,False,False,False,sourced
100004642,Entreprise 04642 SAS,S,Autres services,1,1,2,False,False,,,False,False,False,sourced
100004643,Entreprise 04643 SAS,S,Autres services,163,100,199,False,False,,,False,True,False,contacted
100004644,Entreprise 04644 SAS,C,Industrie manufacturière,3,3,5,False,False,,,True,False,True,contacted
100004645,Entreprise 04645 SAS,G,"Commerce, réparation auto",48,20,49,False,False,,,False,False,True,sourced
100004646,Entreprise 04646 SAS,N,Services administratifs et soutien,5,3,5,False,False,,,False,True,False,sourced
100004647,Entreprise 04647 SAS,Q,Santé humaine et action sociale,48,20,49,False,False,,,True,True,True,sourced
100004648,Entreprise 04648 SAS,C,Industrie manufacturière,122,100,199,False,False,,,True,False,True,sourced
100004649,Entreprise 04649 SAS,M,Activités spé. scientifiques/techniques,4,3,5,False,False,,,False,False,True,sourced
100004650,Entreprise 04650 SAS,G,"Commerce, réparation auto",953,500,999,True,False,,,False,True,False,sourced
100004651,Entreprise 04651 SAS,I,Hébergement et restauration,4,3,5,False,False,,,False,True,True,sourced
100004652,Entreprise 04652 SAS,G,"Commerce, réparation auto",29,20,49,False,False,,,False,False,True,sourced
100004653,Entreprise 04653 SAS,N,Services administratifs et soutien,1,1,2,False,False,,,True,True,True,sourced
100004654,Entreprise 04654 SAS,G,"Commerce, réparation auto",237,200,249,False,False,,,False,True,True,sourced
100004655,Entreprise 04655 SAS,N,Services administratifs et soutien,281,250,499,False,False,,,False,True,False,sourced
100004656,Entreprise 04656 SAS,J,Information et communication,30,20,49,False,False,,,False,False,True,sourced
100004657,Entreprise 04657 SAS,H,Transports et entreposage,14,10,19,False,False,,,False,False,True,sourced
100004658,Entreprise 04658 SAS,G,"Commerce, réparation auto",5,3,5,False,False,,,False,True,True,sourced
100004659,Entreprise 04659 SAS,N,Services administratifs et soutien,5,3,5,False,False,,,False,False,False,qualified
100004660,Entreprise 04660 SAS,C,Industrie manufacturière,10,10,19,False,False,,,False,True,False,sourced
100004661,Entreprise 04661 SAS,F,Construction,3,3,5,False,False,,,False,True,False,sourced
100004662,Entreprise 04662 SAS,H,Transports et entreposage,28,20,49,False,False,,,False,False,True,sourced
100004663,Entreprise 04663 SAS,G,"Commerce, réparation auto",2,1,2,False,False,,,True,True,True,sourced
100004664,Entreprise 04664 SAS,G,"Commerce, réparation auto",2,1,2,False,False,,,True,False,True,sourced
100004665,Entreprise 04665 SAS,Q,Santé humaine et action sociale,46,20,49,False,False,,,False,False,False,sourced
100004666,Entreprise 04666 SAS,G,"Commerce, réparation auto",60,50,99,False,False,,,False,True,False,sourced
100004667,Entreprise 04667 SAS,Q,Santé humaine et action sociale,1185,1000,1999,True,False,,,False,True,False,sourced
100004668,Entreprise 04668 SAS,F,Construction,19,10,19,False,False,,,False,True,True,sourced
100004669,Entreprise 04669 SAS,M,Activités spé. scientifiques/techniques,5,3,5,False,False,,,False,False,False,sourced
100004670,Entreprise 04670 SAS,M,Activités spé. scientifiques/techniques,12,10,19,False,False,,,True,True,False,sourced
100004671,Entreprise 04671 SAS,H,Transports et entreposage,59,50,99,False,False,,,False,True,True,sourced
100004672,Entreprise 04672 SAS,I,Hébergement et restauration,393,250,499,False,False,,,True,False,False,sourced
100004673,Entreprise 04673 SAS,Q,Santé humaine et action sociale,23,20,49,False,False,,,False,False,True,sourced
100004674,Entreprise 04674 SAS,I,Hébergement et restauration,2,1,2,False,False,,,False,True,False,qualified
100004675,Entreprise 04675 SAS,G,"Commerce, réparation auto",1,1,2,False,False,,,True,False,True,sourced
100004676,Entreprise 04676 SAS,I,Hébergement et restauration,23,20,49,False,False,,,False,False,True,sourced
100004677,Entreprise 04677 SAS,N,Services administratifs et soutien,382,250,499,False,False,,,True,False,False,sourced
100004678,Entreprise 04678 SAS,F,Construction,7,6,9,False,False,,,False,True,False,sourced
100004679,Entreprise 04679 SAS,N,Services administratifs et soutien,450,250,499,False,False,,,False,True,True,sourced
100004680,Entreprise 04680 SAS,F,Construction,195,100,199,False,False,,,False,False,True,sourced
100004681,Entreprise 04681 SAS,S,Autres services,1399,1000,1999,True,True,True,False,False,True,True,sourced
100004682,Entreprise 04682 SAS,S,Autres services,145,100,199,False,False,,,True,True,True,sourced
100004683,Entreprise 04683 SAS,K,Activités financières et assurance,28,20,49,False,False,,,True,True,False,sourced
100004684,Entreprise 04684 SAS,S,Autres services,48,20,49,False,False,,,False,False,False,sourced
100004685,Entreprise 04685 SAS,Q,Santé humaine et action sociale,325,250,499,False,False,,,False,False,False,sourced
100004686,Entreprise 04686 SAS,N,Services administratifs et soutien,2,1,2,False,False,,,False,True,False,sourced
100004687,Entreprise 04687 SAS,F,Construction,1530,1000,1999,True,False,,,False,True,True,sourced
100004688,Entreprise 04688 SAS,G,"Commerce, réparation auto",1,1,2,False,False,,,False,True,True,sourced
100004689,Entreprise 04689 SAS,S,Autres services,10,10,19,False,False,,,False,True,True,sourced
100004690,Entreprise 04690 SAS,K,Activités financières et assurance,1270,1000,1999,True,True,False,,False,True,True,sourced
100004691,Entreprise 04691 SAS,G,"Commerce, réparation auto",1,1,2,False,False,,,True,True,False,sourced
100004692,Entreprise 04692 SAS,M,Activités spé. scientifiques/techniques,2273,2000,4999,True,False,,,True,True,True,sourced
100004693,Entreprise 04693 SAS,F,Construction,813,500,999,True,True,True,False,True,False,False,sourced
100004694,Entreprise 04694 SAS,F,Construction,1,1,2,False,False,,,False,True,True,sourced
100004695,Entreprise 04695 SAS,C,Industrie manufacturière,293,250,499,False,False,,,False,True,True,sourced
100004696,Entreprise 04696 SAS,M,Activités spé. scientifiques/techniques,181,100,199,False,False,,,False,False,True,contacted
100004697,Entreprise 04697 SAS,N,Services administratifs et soutien,592,500,999,True,True,True,True,True,True,True,contacted
100004698,Entreprise 04698 SAS,G,"Commerce, réparation auto",969,500,999,True,True,True,False,False,True,False,sourced
100004699,Entreprise 04699 SAS,C,Industrie manufacturière,99,50,99,False,False,,,False,True,True,sourced
100004700,Entreprise 04700 SAS,G,"Commerce, réparation auto",230,200,249,False,False,,,True,True,True,sourced
100004701,Entreprise 04701 SAS,N,Services administratifs et soutien,274,250,499,False,False,,,False,False,True,sourced
100004702,Entreprise 04702 SAS,G,"Commerce, réparation auto",19,10,19,False,False,,,False,False,True,qualified
100004703,Entreprise 04703 SAS,F,Construction,780,500,999,True,True,True,True,True,True,True,sourced
100004704,Entreprise 04704 SAS,G,"Commerce, réparation auto",4,3,5,False,False,,,False,True,False,sourced
100004705,Entreprise 04705 SAS,J,Information et communication,1073,1000,1999,True,False,,,False,False,True,sourced
100004706,Entreprise 04706 SAS,C,Industrie manufacturière,3,3,5,False,False,,,False,False,True,rejected
100004707,Entreprise 04707 SAS,H,Transports et entreposage,11,10,19,False,False,,,False,True,True,sourced
100004708,Entreprise 04708 SAS,G,"Commerce, réparation auto",11,10,19,False,False,,,False,False,False,sourced
100004709,Entreprise 04709 SAS,S,Autres services,146,100,199,False,False,,,False,False,True,sourced
100004710,Entreprise 04710 SAS,S,Autres services,7,6,9,False,False,,,True,True,False,qualified
100004711,Entreprise 04711 SAS,C,Industrie manufacturière,5,3,5,False,False,,,True,True,True,sourced
100004712,Entreprise 04712 SAS,Q,Santé humaine et action sociale,12,10,19,False,False,,,False,True,False,qualified
100004713,Entreprise 04713 SAS,I,Hébergement et restauration,17,10,19,False,False,,,False,False,False,sourced
100004714,Entreprise 04714 SAS,N,Services administratifs et soutien,1,1,2,False,False,,,False,False,False,sourced
100004715,Entreprise 04715 SAS,S,Autres services,9,6,9,False,False,,,False,True,True,sourced
100004716,Entreprise 04716 SAS,G,"Commerce, réparation auto",486,250,499,False,False,,,False,False,False,sourced
100004717,Entreprise 04717 SAS,G,"Commerce, réparation auto",4,3,5,False,False,,,False,False,False,sourced
100004718,Entreprise 04718 SAS,M,Activités spé. scientifiques/techniques,13,10,19,False,False,,,False,True,True,sourced
100004719,Entreprise 04719 SAS,M,Activités spé. scientifiques/techniques,45,20,49,False,False,,,True,True,True,sourced
100004720,Entreprise 04720 SAS,F,Construction,7,6,9,False,False,,,False,True,True,sourced
100004721,Entreprise 04721 SAS,M,Activités spé. scientifiques/techniques,13,10,19,False,False,,,False,True,True,sourced
100004722,Entreprise 04722 SAS,G,"Commerce, réparation auto",56,50,99,False,False,,,False,False,True,sourced
100004723,Entreprise 04723 SAS,M,Activités spé. scientifiques/techniques,27,20,49,False,False,,,True,True,False,sourced
100004724,Entreprise 04724 SAS,J,Information et communication,1604,1000,1999,True,False,,,False,True,True,sourced
100004725,Entreprise 04725 SAS,G,"Commerce, réparation auto",244,200,249,False,False,,,True,True,True,qualified
100004726,Entreprise 04726 SAS,G,"Commerce, réparation auto",2,1,2,False,False,,,False,True,False,sourced
100004727,Entreprise 04727 SAS,Q,Santé humaine et action sociale,383,250,499,False,False,,,False,True,True,qualified
100004728,Entreprise 04728 SAS,I,Hébergement et restauration,62,50,99,False,False,,,True,False,True,sourced
100004729,Entreprise 04729 SAS,Q,Santé humaine et action sociale,3,3,5,False,False,,,False,False,True,sourced
100004730,Entreprise 04730 SAS,G,"Commerce, réparation auto",3,3,5,False,False,,,False,True,True,sourced
100004731,Entreprise 04731 SAS,S,Autres services,9,6,9,False,False,,,False,False,False,sourced
100004732,Entreprise 04732 SAS,F,Construction,10,10,19,False,False,,,False,False,False,sourced
100004733,Entreprise 04733 SAS,G,"Commerce, réparation auto",59,50,99,False,False,,,False,True,True,qualified
100004734,Entreprise 04734 SAS,M,Activités spé. scientifiques/techniques,19,10,19,False,False,,,True,True,True,sourced
100004735,Entreprise 04735 SAS,N,Services administratifs et soutien,493,250,499,False,False,,,False,True,True,sourced
100004736,Entreprise 04736 SAS,G,"Commerce, réparation auto",13,10,19,False,False,,,False,True,True,sourced
100004737,Entreprise 04737 SAS,F,Construction,2,1,2,False,False,,,False,True,True,sourced
100004738,Entreprise 04738 SAS,H,Transports et entreposage,2,1,2,False,False,,,False,True,True,sourced
100004739,Entreprise 04739 SAS,G,"Commerce, réparation auto",1,1,2,False,False,,,True,True,True,sourced
100004740,Entreprise 04740 SAS,F,Construction,1146,1000,1999,True,False,,,False,False,True,sourced
100004741,Entreprise 04741 SAS,F,Construction,1515,1000,1999,True,False,,,False,True,True,sourced
100004742,Entreprise 04742 SAS,G,"Commerce, réparation auto",2959,2000,4999,True,True,True,True,False,True,True,sourced
100004743,Entreprise 04743 SAS,S,Autres services,24,20,49,False,False,,,False,True,True,sourced
100004744,Entreprise 04744 SAS,F,Construction,63,50,99,False,False,,,True,True,True,sourced
100004745,Entreprise 04745 SAS,S,Autres services,272,250,499,False,False,,,False,False,False,sourced
100004746,Entreprise 04746 SAS,F,Construction,8,6,9,False,False,,,False,True,False,sourced
100004747,Entreprise 04747 SAS,I,Hébergement et restauration,15,10,19,False,False,,,False,True,False,qualified
100004748,Entreprise 04748 SAS,M,Activités spé. scientifiques/techniques,2,1,2,False,False,,,False,False,True,qualified
100004749,Entreprise 04749 SAS,F,Construction,1,1,2,False,False,,,False,True,False,qualified
100004750,Entreprise 04750 SAS,M,Activités spé. scientifiques/techniques,4,3,5,False,False,,,True,True,True,qualified
100004751,Entreprise 04751 SAS,M,Activités spé. scientifiques/techniques,2,1,2,False,False,,,True,True,False,sourced
100004752,Entreprise 04752 SAS,F,Construction,528,500,999,True,False,,,False,False,True,rejected
100004753,Entreprise 04753 SAS,C,Industrie manufacturière,1129,1000,1999,True,True,True,True,False,True,False,sourced
100004754,Entreprise 04754 SAS,G,"Commerce, réparation auto",208,200,249,False,False,,,False,True,False,contacted
100004755,Entreprise 04755 SAS,G,"Commerce, réparation auto",8,6,9,False,False,,,True,True,True,sourced
100004756,Entreprise 04756 SAS,G,"Commerce, réparation auto",18,10,19,False,False,,,False,True,False,sourced
100004757,Entreprise 04757 SAS,M,Activités spé. scientifiques/techniques,15,10,19,False,False,,,False,True,True,sourced
100004758,Entreprise 04758 SAS,M,Activités spé. scientifiques/techniques,13,10,19,False,False,,,True,False,True,sourced
100004759,Entreprise 04759 SAS,G,"Commerce, réparation auto",35,20,49,False,False,,,False,True,False,rejected
100004760,Entreprise 04760 SAS,J,Information et communication,10,10,19,False,False,,,False,True,True,sourced
100004761,Entreprise 04761 SAS,C,Industrie manufacturière,743,500,999,True,True,False,,False,False,True,sourced
100004762,Entreprise 04762 SAS,N,Services administratifs et soutien,32,20,49,False,False,,,False,True,True,sourced
100004763,Entreprise 04763 SAS,I,Hébergement et restauration,1307,1000,1999,True,True,False,,False,False,True,qualified
100004764,Entreprise 04764 SAS,F,Construction,1,1,2,False,False,,,True,True,True,sourced
100004765,Entreprise 04765 SAS,F,Construction,20,20,49,False,False,,,False,True,True,sourced
100004766,Entreprise 04766 SAS,H,Transports et entreposage,1,1,2,False,False,,,False,True,True,sourced
100004767,Entreprise 04767 SAS,I,Hébergement et restauration,31,20,49,False,False,,,False,False,True,sourced
100004768,Entreprise 04768 SAS,I,Hébergement et restauration,1219,1000,1999,True,True,True,True,True,False,True,rejected
100004769,Entreprise 04769 SAS,C,Industrie manufacturière,1,1,2,False,False,,,False,True,True,sourced
100004770,Entreprise 04770 SAS,F,Construction,5,3,5,False,False,,,False,False,False,sourced
100004771,Entreprise 04771 SAS,N,Services administratifs et soutien,6,6,9,False,False,,,False,False,False,sourced
100004772,Entreprise 04772 SAS,G,"Commerce, réparation auto",2,1,2,False,False,,,False,False,True,sourced
100004773,Entreprise 04773 SAS,M,Activités spé. scientifiques/techniques,5,3,5,False,False,,,True,False,True,contacted
100004774,Entreprise 04774 SAS,K,Activités financières et assurance,22,20,49,False,False,,,True,True,True,rejected
100004775,Entreprise 04775 SAS,G,"Commerce, réparation auto",7,6,9,False,False,,,False,False,False,sourced
100004776,Entreprise 04776 SAS,F,Construction,17,10,19,False,False,,,False,True,True,sourced
100004777,Entreprise 04777 SAS,K,Activités financières et assurance,154,100,199,False,False,,,True,True,True,sourced
100004778,Entreprise 04778 SAS,I,Hébergement et restauration,106,100,199,False,False,,,False,True,True,sourced
100004779,Entreprise 04779 SAS,I,Hébergement et restauration,16,10,19,False,False,,,False,True,False,sourced
100004780,Entreprise 04780 SAS,J,Information et communication,3,3,5,False,False,,,False,False,False,sourced
100004781,Entreprise 04781 SAS,Q,Santé humaine et action sociale,3,3,5,False,False,,,False,True,False,sourced
100004782,Entreprise 04782 SAS,N,Services administratifs et soutien,575,500,999,True,True,False,,True,True,True,sourced
100004783,Entreprise 04783 SAS,G,"Commerce, réparation auto",14,10,19,False,False,,,False,False,False,sourced
100004784,Entreprise 04784 SAS,M,Activités spé. scientifiques/techniques,19,10,19,False,False,,,False,False,True,contacted
100004785,Entreprise 04785 SAS,F,Construction,2521,2000,4999,True,False,,,True,False,False,qualified
100004786,Entreprise 04786 SAS,M,Activités spé. scientifiques/techniques,97,50,99,False,False,,,True,False,True,contacted
100004787,Entreprise 04787 SAS,I,Hébergement et restauration,120,100,199,False,False,,,False,True,False,sourced
100004788,Entreprise 04788 SAS,M,Activités spé. scientifiques/techniques,8,6,9,False,False,,,True,True,False,sourced
100004789,Entreprise 04789 SAS,H,Transports et entreposage,639,500,999,True,True,False,,True,True,True,sourced
100004790,Entreprise 04790 SAS,G,"Commerce, réparation auto",80,50,99,False,False,,,True,True,False,sourced
100004791,Entreprise 04791 SAS,G,"Commerce, réparation auto",1,1,2,False,False,,,False,True,True,qualified
100004792,Entreprise 04792 SAS,N,Services administratifs et soutien,119,100,199,False,False,,,False,False,False,sourced
100004793,Entreprise 04793 SAS,F,Construction,62,50,99,False,False,,,False,False,True,sourced
100004794,Entreprise 04794 SAS,I,Hébergement et restauration,381,250,499,False,False,,,False,False,False,sourced
100004795,Entreprise 04795 SAS,C,Industrie manufacturière,189,100,199,False,False,,,False,True,True,qualified
100004796,Entreprise 04796 SAS,F,Construction,3,3,5,False,False,,,False,False,False,sourced
100004797,Entreprise 04797 SAS,G,"Commerce, réparation auto",58,50,99,False,False,,,False,False,True,sourced
100004798,Entreprise 04798 SAS,F,Construction,122,100,199,False,False,,,False,True,True,sourced
100004799,Entreprise 04799 SAS,C,Industrie manufacturière,15,10,19,False,False,,,False,True,False,sourced
100004800,Entreprise 04800 SAS,G,"Commerce, réparation auto",3,3,5,False,False,,,False,False,True,sourced
100004801,Entreprise 04801 SAS,Q,Santé humaine et action sociale,44,20,49,False,False,,,False,True,True,sourced
100004802,Entreprise 04802 SAS,F,Construction,2452,2000,4999,True,True,True,True,False,True,True,sourced
100004803,Entreprise 04803 SAS,G,"Commerce, réparation auto",1,1,2,False,False,,,False,True,True,sourced
100004804,Entreprise 04804 SAS,C,Industrie manufacturière,8,6,9,False,False,,,False,True,True,sourced
100004805,Entreprise 04805 SAS,N,Services administratifs et soutien,24,20,49,False,False,,,False,False,False,sourced
100004806,Entreprise 04806 SAS,S,Autres services,105,100,199,False,False,,,True,False,False,sourced
100004807,Entreprise 04807 SAS,G,"Commerce, réparation auto",26,20,49,False,False,,,True,True,True,sourced
100004808,Entreprise 04808 SAS,F,Construction,21,20,49,False,False,,,False,False,False,sourced
100004809,Entreprise 04809 SAS,F,Construction,3,3,5,False,False,,,False,False,False,sourced
100004810,Entreprise 04810 SAS,F,Construction,19,10,19,False,False,,,False,True,True,sourced
100004811,Entreprise 04811 SAS,H,Transports et entreposage,98,50,99,False,False,,,False,False,True,sourced
100004812,Entreprise 04812 SAS,G,"Commerce, réparation auto",6,6,9,False,False,,,True,True,True,sourced
100004813,Entreprise 04813 SAS,M,Activités spé. scientifiques/techniques,698,500,999,True,True,False,,True,False,True,sourced
100004814,Entreprise 04814 SAS,F,Construction,526,500,999,True,False,,,True,False,True,contacted
100004815,Entreprise 04815 SAS,N,Services administratifs et soutien,3131,2000,4999,True,False,,,True,False,False,sourced
100004816,Entreprise 04816 SAS,H,Transports et entreposage,136,100,199,False,False,,,True,False,True,sourced
100004817,Entreprise 04817 SAS,H,Transports et entreposage,14,10,19,False,False,,,False,False,False,sourced
100004818,Entreprise 04818 SAS,Q,Santé humaine et action sociale,3,3,5,False,False,,,False,True,True,rejected
100004819,Entreprise 04819 SAS,C,Industrie manufacturière,3,3,5,False,False,,,True,False,False,sourced
100004820,Entreprise 04820 SAS,F,Construction,113,100,199,False,False,,,True,True,False,sourced
100004821,Entreprise 04821 SAS,C,Industrie manufacturière,3104,2000,4999,True,True,True,True,False,False,False,sourced
100004822,Entreprise 04822 SAS,Q,Santé humaine et action sociale,20,20,49,False,False,,,True,True,True,sourced
100004823,Entreprise 04823 SAS,N,Services administratifs et soutien,5,3,5,False,False,,,False,False,False,sourced
100004824,Entreprise 04824 SAS,F,Construction,706,500,999,True,False,,,True,False,False,sourced
100004825,Entreprise 04825 SAS,G,"Commerce, réparation auto",11,10,19,False,False,,,True,True,True,sourced
100004826,Entreprise 04826 SAS,F,Construction,158,100,199,False,False,,,False,False,True,sourced
100004827,Entreprise 04827 SAS,F,Construction,377,250,499,False,False,,,False,True,False,qualified
100004828,Entreprise 04828 SAS,G,"Commerce, réparation auto",497,250,499,False,False,,,False,False,False,sourced
100004829,Entreprise 04829 SAS,C,Industrie manufacturière,151,100,199,False,False,,,True,True,False,sourced
100004830,Entreprise 04830 SAS,G,"Commerce, réparation auto",421,250,499,False,False,,,True,True,False,sourced
100004831,Entreprise 04831 SAS,G,"Commerce, réparation auto",421,250,499,False,False,,,True,True,False,sourced
100004832,Entreprise 04832 SAS,G,"Commerce, réparation auto",11,10,19,False,False,,,True,True,True,sourced
100004833,Entreprise 04833 SAS,N,Services administratifs et soutien,1,1,2,False,False,,,True,False,True,sourced
100004834,Entreprise 04834 SAS,M,Activités spé. scientifiques/techniques,18,10,19,False,False,,,False,False,True,sourced
100004835,Entreprise 04835 SAS,F,Construction,150,100,199,False,False,,,True,False,True,sourced
100004836,Entreprise 04836 SAS,N,Services administratifs et soutien,128,100,199,False,False,,,False,True,False,sourced
100004837,Entreprise 04837 SAS,Q,Santé humaine et action sociale,3,3,5,False,False,,,True,False,True,qualified
100004838,Entreprise 04838 SAS,G,"Commerce, réparation auto",13,10,19,False,False,,,True,False,True,contacted
100004839,Entreprise 04839 SAS,G,"Commerce, réparation auto",3,3,5,False,False,,,False,True,False,sourced
100004840,Entreprise 04840 SAS,Q,Santé humaine et action sociale,2323,2000,4999,True,True,True,True,False,False,True,sourced
100004841,Entreprise 04841 SAS,G,"Commerce, réparation auto",7,6,9,False,False,,,True,True,True,sourced
100004842,Entreprise 04842 SAS,M,Activités spé. scientifiques/techniques,21,20,49,False,False,,,False,True,True,sourced
100004843,Entreprise 04843 SAS,S,Autres services,23,20,49,False,False,,,False,False,True,sourced
100004844,Entreprise 04844 SAS,M,Activités spé. scientifiques/techniques,34,20,49,False,False,,,False,True,True,qualified
100004845,Entreprise 04845 SAS,N,Services administratifs et soutien,49,20,49,False,False,,,False,False,True,contacted
100004846,Entreprise 04846 SAS,G,"Commerce, réparation auto",1,1,2,False,False,,,False,True,True,sourced
100004847,Entreprise 04847 SAS,G,"Commerce, réparation auto",26,20,49,False,False,,,True,True,False,sourced
100004848,Entreprise 04848 SAS,N,Services administratifs et soutien,57,50,99,False,False,,,True,True,True,qualified
100004849,Entreprise 04849 SAS,S,Autres services,22,20,49,False,False,,,True,True,True,sourced
100004850,Entreprise 04850 SAS,K,Activités financières et assurance,195,100,199,False,False,,,False,False,True,contacted
100004851,Entreprise 04851 SAS,M,Activités spé. scientifiques/techniques,1,1,2,False,False,,,True,True,False,sourced
100004852,Entreprise 04852 SAS,I,Hébergement et restauration,447,250,499,False,False,,,False,False,False,contacted
100004853,Entreprise 04853 SAS,S,Autres services,16,10,19,False,False,,,False,False,True,contacted
100004854,Entreprise 04854 SAS,G,"Commerce, réparation auto",16,10,19,False,False,,,False,False,True,sourced
100004855,Entreprise 04855 SAS,G,"Commerce, réparation auto",1,1,2,False,False,,,False,True,False,sourced
100004856,Entreprise 04856 SAS,S,Autres services,524,500,999,True,False,,,True,True,True,sourced
100004857,Entreprise 04857 SAS,C,Industrie manufacturière,16,10,19,False,False,,,False,False,True,sourced
100004858,Entreprise 04858 SAS,M,Activités spé. scientifiques/techniques,31,20,49,False,False,,,False,True,False,sourced
100004859,Entreprise 04859 SAS,M,Activités spé. scientifiques/techniques,54,50,99,False,False,,,False,False,True,sourced
100004860,Entreprise 04860 SAS,F,Construction,548,500,999,True,True,False,,False,False,True,contacted
100004861,Entreprise 04861 SAS,M,Activités spé. scientifiques/techniques,587,500,999,True,False,,,False,True,True,sourced
100004862,Entreprise 04862 SAS,F,Construction,57,50,99,False,False,,,False,True,True,sourced
100004863,Entreprise 04863 SAS,S,Autres services,2637,2000,4999,True,False,,,False,False,False,sourced
100004864,Entreprise 04864 SAS,K,Activités financières et assurance,57,50,99,False,False,,,False,False,False,sourced
100004865,Entreprise 04865 SAS,N,Services administratifs et soutien,356,250,499,False,False,,,False,True,True,contacted
100004866,Entreprise 04866 SAS,G,"Commerce, réparation auto",547,500,999,True,True,True,True,False,False,True,sourced
100004867,Entreprise 04867 SAS,N,Services administratifs et soutien,293,250,499,False,False,,,True,False,False,sourced
100004868,Entreprise 04868 SAS,G,"Commerce, réparation auto",938,500,999,True,True,True,True,True,True,False,sourced
100004869,Entreprise 04869 SAS,I,Hébergement et restauration,357,250,499,False,False,,,False,False,False,sourced
100004870,Entreprise 04870 SAS,C,Industrie manufacturière,20,20,49,False,False,,,False,True,True,sourced
100004871,Entreprise 04871 SAS,C,Industrie manufacturière,841,500,999,True,False,,,False,True,True,sourced
100004872,Entreprise 04872 SAS,F,Construction,1090,1000,1999,True,True,False,,False,False,True,sourced
100004873,Entreprise 04873 SAS,G,"Commerce, réparation auto",117,100,199,False,False,,,False,False,True,sourced
100004874,Entreprise 04874 SAS,H,Transports et entreposage,47,20,49,False,False,,,True,True,True,sourced
100004875,Entreprise 04875 SAS,I,Hébergement et restauration,978,500,999,True,True,False,,True,False,True,sourced
100004876,Entreprise 04876 SAS,H,Transports et entreposage,7,6,9,False,False,,,False,False,False,sourced
100004877,Entreprise 04877 SAS,M,Activités spé. scientifiques/techniques,6,6,9,False,False,,,True,False,True,sourced
100004878,Entreprise 04878 SAS,G,"Commerce, réparation auto",12,10,19,False,False,,,True,False,False,sourced
100004879,Entreprise 04879 SAS,Q,Santé humaine et action sociale,381,250,499,False,False,,,False,True,True,sourced
100004880,Entreprise 04880 SAS,H,Transports et entreposage,1660,1000,1999,True,False,,,False,True,False,sourced
100004881,Entreprise 04881 SAS,S,Autres services,20,20,49,False,False,,,True,False,False,sourced
100004882,Entreprise 04882 SAS,N,Services administratifs et soutien,158,100,199,False,False,,,False,True,True,sourced
100004883,Entreprise 04883 SAS,S,Autres services,33,20,49,False,False,,,False,False,False,sourced
100004884,Entreprise 04884 SAS,Q,Santé humaine et action sociale,25,20,49,False,False,,,False,False,True,contacted
100004885,Entreprise 04885 SAS,F,Construction,81,50,99,False,False,,,False,True,False,sourced
100004886,Entreprise 04886 SAS,M,Activités spé. scientifiques/techniques,2,1,2,False,False,,,True,False,True,sourced
100004887,Entreprise 04887 SAS,G,"Commerce, réparation auto",208,200,249,False,False,,,False,True,True,sourced
100004888,Entreprise 04888 SAS,I,Hébergement et restauration,23,20,49,False,False,,,True,False,True,sourced
100004889,Entreprise 04889 SAS,M,Activités spé. scientifiques/techniques,149,100,199,False,False,,,True,True,True,qualified
100004890,Entreprise 04890 SAS,M,Activités spé. scientifiques/techniques,42,20,49,False,False,,,True,True,True,sourced
100004891,Entreprise 04891 SAS,M,Activités spé. scientifiques/techniques,13,10,19,False,False,,,True,True,False,sourced
100004892,Entreprise 04892 SAS,I,Hébergement et restauration,7,6,9,False,False,,,False,True,False,sourced
100004893,Entreprise 04893 SAS,G,"Commerce, réparation auto",14,10,19,False,False,,,False,True,False,sourced
100004894,Entreprise 04894 SAS,F,Construction,3,3,5,False,False,,,False,False,False,sourced
100004895,Entreprise 04895 SAS,S,Autres services,336,250,499,False,False,,,False,False,True,sourced
100004896,Entreprise 04896 SAS,C,Industrie manufacturière,1271,1000,1999,True,True,True,True,True,True,True,qualified
100004897,Entreprise 04897 SAS,M,Activités spé. scientifiques/techniques,12,10,19,False,False,,,False,True,True,sourced
100004898,Entreprise 04898 SAS,F,Construction,8,6,9,False,False,,,True,True,True,contacted
100004899,Entreprise 04899 SAS,M,Activités spé. scientifiques/techniques,1,1,2,False,False,,,False,True,False,contacted
100004900,Entreprise 04900 SAS,M,Activités spé. scientifiques/techniques,503,500,999,True,True,False,,True,False,False,sourced
100004901,Entreprise 04901 SAS,G,"Commerce, réparation auto",1,1,2,False,False,,,False,False,True,sourced
100004902,Entreprise 04902 SAS,N,Services administratifs et soutien,797,500,999,True,True,True,True,False,True,False,sourced
100004903,Entreprise 04903 SAS,C,Industrie manufacturière,4,3,5,False,False,,,True,True,False,sourced
100004904,Entreprise 04904 SAS,C,Industrie manufacturière,3,3,5,False,False,,,True,True,True,qualified
100004905,Entreprise 04905 SAS,G,"Commerce, réparation auto",204,200,249,False,False,,,False,True,True,sourced
100004906,Entreprise 04906 SAS,H,Transports et entreposage,8,6,9,False,False,,,False,False,True,contacted
100004907,Entreprise 04907 SAS,G,"Commerce, réparation auto",60,50,99,False,False,,,True,False,True,sourced
100004908,Entreprise 04908 SAS,C,Industrie manufacturière,4,3,5,False,False,,,True,False,False,sourced
100004909,Entreprise 04909 SAS,N,Services administratifs et soutien,4,3,5,False,False,,,False,False,False,sourced
100004910,Entreprise 04910 SAS,I,Hébergement et restauration,2,1,2,False,False,,,False,True,True,contacted
100004911,Entreprise 04911 SAS,G,"Commerce, réparation auto",6,6,9,False,False,,,False,True,True,qualified
100004912,Entreprise 04912 SAS,F,Construction,5,3,5,False,False,,,False,False,False,sourced
100004913,Entreprise 04913 SAS,M,Activités spé. scientifiques/techniques,46,20,49,False,False,,,False,True,True,sourced
100004914,Entreprise 04914 SAS,J,Information et communication,54,50,99,False,False,,,False,True,True,sourced
100004915,Entreprise 04915 SAS,G,"Commerce, réparation auto",25,20,49,False,False,,,False,False,True,sourced
100004916,Entreprise 04916 SAS,M,Activités spé. scientifiques/techniques,80,50,99,False,False,,,True,True,True,sourced
100004917,Entreprise 04917 SAS,N,Services administratifs et soutien,8,6,9,False,False,,,True,True,True,sourced
100004918,Entreprise 04918 SAS,C,Industrie manufacturière,26,20,49,False,False,,,True,False,False,sourced
100004919,Entreprise 04919 SAS,I,Hébergement et restauration,3,3,5,False,False,,,False,True,True,contacted
100004920,Entreprise 04920 SAS,G,"Commerce, réparation auto",3025,2000,4999,True,True,True,True,False,True,True,sourced
100004921,Entreprise 04921 SAS,F,Construction,7,6,9,False,False,,,False,True,True,sourced
100004922,Entreprise 04922 SAS,C,Industrie manufacturière,3,3,5,False,False,,,False,False,False,qualified
100004923,Entreprise 04923 SAS,N,Services administratifs et soutien,4,3,5,False,False,,,True,False,True,sourced
100004924,Entreprise 04924 SAS,F,Construction,34,20,49,False,False,,,True,True,False,sourced
100004925,Entreprise 04925 SAS,F,Construction,724,500,999,True,True,False,,False,False,True,sourced
100004926,Entreprise 04926 SAS,S,Autres services,35,20,49,False,False,,,False,False,True,sourced
100004927,Entreprise 04927 SAS,K,Activités financières et assurance,454,250,499,False,False,,,True,False,True,sourced
100004928,Entreprise 04928 SAS,Q,Santé humaine et action sociale,737,500,999,True,False,,,False,True,True,qualified
100004929,Entreprise 04929 SAS,M,Activités spé. scientifiques/techniques,68,50,99,False,False,,,True,True,True,sourced
100004930,Entreprise 04930 SAS,I,Hébergement et restauration,1,1,2,False,False,,,True,False,True,sourced
100004931,Entreprise 04931 SAS,C,Industrie manufacturière,3,3,5,False,False,,,False,True,True,sourced
100004932,Entreprise 04932 SAS,S,Autres services,3,3,5,False,False,,,False,False,True,contacted
100004933,Entreprise 04933 SAS,G,"Commerce, réparation auto",1,1,2,False,False,,,False,True,False,sourced
100004934,Entreprise 04934 SAS,G,"Commerce, réparation auto",497,250,499,False,False,,,True,False,True,qualified
100004935,Entreprise 04935 SAS,S,Autres services,278,250,499,False,False,,,False,True,False,sourced
100004936,Entreprise 04936 SAS,H,Transports et entreposage,18,10,19,False,False,,,False,False,True,sourced
100004937,Entreprise 04937 SAS,C,Industrie manufacturière,861,500,999,True,False,,,False,True,False,sourced
100004938,Entreprise 04938 SAS,I,Hébergement et restauration,1199,1000,1999,True,False,,,False,True,False,qualified
100004939,Entreprise 04939 SAS,G,"Commerce, réparation auto",1,1,2,False,False,,,False,True,False,sourced
100004940,Entreprise 04940 SAS,Q,Santé humaine et action sociale,1330,1000,1999,True,False,,,False,False,True,qualified
100004941,Entreprise 04941 SAS,F,Construction,3,3,5,False,False,,,False,True,True,sourced
100004942,Entreprise 04942 SAS,S,Autres services,220,200,249,False,False,,,False,True,True,qualified
100004943,Entreprise 04943 SAS,M,Activités spé. scientifiques/techniques,789,500,999,True,False,,,False,False,False,sourced
100004944,Entreprise 04944 SAS,G,"Commerce, réparation auto",12,10,19,False,False,,,False,False,True,sourced
100004945,Entreprise 04945 SAS,C,Industrie manufacturière,747,500,999,True,False,,,False,True,False,sourced
100004946,Entreprise 04946 SAS,Q,Santé humaine et action sociale,97,50,99,False,False,,,True,True,True,sourced
100004947,Entreprise 04947 SAS,K,Activités financières et assurance,2381,2000,4999,True,False,,,True,False,True,sourced
100004948,Entreprise 04948 SAS,F,Construction,9,6,9,False,False,,,True,False,True,contacted
100004949,Entreprise 04949 SAS,F,Construction,3,3,5,False,False,,,False,True,False,sourced
100004950,Entreprise 04950 SAS,H,Transports et entreposage,5,3,5,False,False,,,True,True,True,rejected
100004951,Entreprise 04951 SAS,F,Construction,8,6,9,False,False,,,False,False,True,sourced
100004952,Entreprise 04952 SAS,J,Information et communication,149,100,199,False,False,,,False,True,True,sourced
100004953,Entreprise 04953 SAS,C,Industrie manufacturière,4,3,5,False,False,,,False,True,True,sourced
100004954,Entreprise 04954 SAS,F,Construction,635,500,999,True,False,,,False,False,True,sourced
100004955,Entreprise 04955 SAS,M,Activités spé. scientifiques/techniques,7,6,9,False,False,,,True,False,True,sourced
100004956,Entreprise 04956 SAS,C,Industrie manufacturière,2,1,2,False,False,,,False,True,True,sourced
100004957,Entreprise 04957 SAS,G,"Commerce, réparation auto",158,100,199,False,False,,,True,False,True,sourced
100004958,Entreprise 04958 SAS,F,Construction,198,100,199,False,False,,,False,True,True,sourced
100004959,Entreprise 04959 SAS,N,Services administratifs et soutien,5,3,5,False,False,,,False,True,True,sourced
100004960,Entreprise 04960 SAS,G,"Commerce, réparation auto",71,50,99,False,False,,,True,True,False,sourced
100004961,Entreprise 04961 SAS,M,Activités spé. scientifiques/techniques,41,20,49,False,False,,,False,False,False,rejected
100004962,Entreprise 04962 SAS,J,Information et communication,6,6,9,False,False,,,True,False,True,qualified
100004963,Entreprise 04963 SAS,G,"Commerce, réparation auto",622,500,999,True,True,True,False,False,True,False,sourced
100004964,Entreprise 04964 SAS,F,Construction,1174,1000,1999,True,False,,,False,True,True,sourced
100004965,Entreprise 04965 SAS,M,Activités spé. scientifiques/techniques,35,20,49,False,False,,,False,True,False,rejected
100004966,Entreprise 04966 SAS,Q,Santé humaine et action sociale,67,50,99,False,False,,,True,True,False,sourced
100004967,Entreprise 04967 SAS,F,Construction,10,10,19,False,False,,,True,True,True,sourced
100004968,Entreprise 04968 SAS,G,"Commerce, réparation auto",42,20,49,False,False,,,False,True,False,rejected
100004969,Entreprise 04969 SAS,N,Services administratifs et soutien,2918,2000,4999,True,True,True,True,True,True,True,sourced
100004970,Entreprise 04970 SAS,C,Industrie manufacturière,8,6,9,False,False,,,False,False,True,qualified
100004971,Entreprise 04971 SAS,S,Autres services,28,20,49,False,False,,,False,True,True,sourced
100004972,Entreprise 04972 SAS,F,Construction,2,1,2,False,False,,,False,False,True,sourced
100004973,Entreprise 04973 SAS,S,Autres services,249,200,249,False,False,,,False,True,True,sourced
100004974,Entreprise 04974 SAS,G,"Commerce, réparation auto",28,20,49,False,False,,,False,False,True,sourced
100004975,Entreprise 04975 SAS,F,Construction,40,20,49,False,False,,,False,True,False,sourced
100004976,Entreprise 04976 SAS,G,"Commerce, réparation auto",609,500,999,True,True,True,False,False,False,True,sourced
100004977,Entreprise 04977 SAS,J,Information et communication,14,10,19,False,False,,,False,True,False,contacted
100004978,Entreprise 04978 SAS,G,"Commerce, réparation auto",24,20,49,False,False,,,False,True,True,sourced
100004979,Entreprise 04979 SAS,I,Hébergement et restauration,10,10,19,False,False,,,True,True,False,contacted
100004980,Entreprise 04980 SAS,G,"Commerce, réparation auto",57,50,99,False,False,,,False,False,True,sourced
100004981,Entreprise 04981 SAS,F,Construction,2,1,2,False,False,,,False,True,False,contacted
100004982,Entreprise 04982 SAS,H,Transports et entreposage,777,500,999,True,False,,,False,False,True,sourced
100004983,Entreprise 04983 SAS,M,Activités spé. scientifiques/techniques,857,500,999,True,False,,,False,False,True,sourced
100004984,Entreprise 04984 SAS,N,Services administratifs et soutien,396,250,499,False,False,,,True,False,False,sourced
100004985,Entreprise 04985 SAS,I,Hébergement et restauration,2,1,2,False,False,,,False,True,True,sourced
100004986,Entreprise 04986 SAS,F,Construction,128,100,199,False,False,,,False,True,False,sourced
100004987,Entreprise 04987 SAS,C,Industrie manufacturière,49,20,49,False,False,,,False,True,True,sourced
100004988,Entreprise 04988 SAS,Q,Santé humaine et action sociale,39,20,49,False,False,,,True,False,False,sourced
100004989,Entreprise 04989 SAS,F,Construction,816,500,999,True,True,True,True,True,True,False,sourced
100004990,Entreprise 04990 SAS,Q,Santé humaine et action sociale,4,3,5,False,False,,,False,False,True,sourced
100004991,Entreprise 04991 SAS,F,Construction,7,6,9,False,False,,,False,True,True,qualified
100004992,Entreprise 04992 SAS,N,Services administratifs et soutien,1,1,2,False,False,,,False,True,True,sourced
100004993,Entreprise 04993 SAS,M,Activités spé. scientifiques/techniques,961,500,999,True,False,,,False,True,True,sourced
100004994,Entreprise 04994 SAS,G,"Commerce, réparation auto",1143,1000,1999,True,True,False,,False,True,True,sourced
100004995,Entreprise 04995 SAS,K,Activités financières et assurance,2,1,2,False,False,,,False,True,False,sourced
100004996,Entreprise 04996 SAS,M,Activités spé. scientifiques/techniques,3,3,5,False,False,,,False,False,True,rejected
100004997,Entreprise 04997 SAS,G,"Commerce, réparation auto",9,6,9,False,False,,,True,False,True,sourced
100004998,Entreprise 04998 SAS,F,Construction,18,10,19,False,False,,,False,True,True,sourced
100004999,Entreprise 04999 SAS,K,Activités financières et assurance,1,1,2,False,False,,,False,True,False,sourced
